<?xml version="1.0" encoding="utf-8"?>
<COLLADA xmlns="http://www.collada.org/2005/11/COLLADASchema" version="1.4.1" xmlns:xsi="http://www.w3.org/2001/XMLSchema-instance">
  <asset>
    <contributor>
      <author>Blender User</author>
      <authoring_tool>Blender 2.79.0 commit date:2017-09-11, commit time:10:43, hash:5bd8ac9abfa</authoring_tool>
    </contributor>
    <created>2018-04-07T16:45:07</created>
    <modified>2018-04-07T16:45:07</modified>
    <unit name="meter" meter="1"/>
    <up_axis>Z_UP</up_axis>
  </asset>
  <library_cameras>
    <camera id="Camera-camera" name="Camera">
      <optics>
        <technique_common>
          <perspective>
            <xfov sid="xfov">49.13434</xfov>
            <aspect_ratio>1.777778</aspect_ratio>
            <znear sid="znear">0.1</znear>
            <zfar sid="zfar">100</zfar>
          </perspective>
        </technique_common>
      </optics>
      <extra>
        <technique profile="blender">
          <shiftx sid="shiftx" type="float">0</shiftx>
          <shifty sid="shifty" type="float">0</shifty>
          <YF_dofdist sid="YF_dofdist" type="float">0</YF_dofdist>
        </technique>
      </extra>
    </camera>
  </library_cameras>
  <library_lights>
    <light id="Lamp-light" name="Lamp">
      <technique_common>
        <point>
          <color sid="color">1 1 1</color>
          <constant_attenuation>1</constant_attenuation>
          <linear_attenuation>0</linear_attenuation>
          <quadratic_attenuation>0.00111109</quadratic_attenuation>
        </point>
      </technique_common>
      <extra>
        <technique profile="blender">
          <type sid="type" type="int">0</type>
          <flag sid="flag" type="int">0</flag>
          <mode sid="mode" type="int">8192</mode>
          <gamma sid="blender_gamma" type="float">1</gamma>
          <red sid="red" type="float">1</red>
          <green sid="green" type="float">1</green>
          <blue sid="blue" type="float">1</blue>
          <shadow_r sid="blender_shadow_r" type="float">0</shadow_r>
          <shadow_g sid="blender_shadow_g" type="float">0</shadow_g>
          <shadow_b sid="blender_shadow_b" type="float">0</shadow_b>
          <energy sid="blender_energy" type="float">1</energy>
          <dist sid="blender_dist" type="float">29.99998</dist>
          <spotsize sid="spotsize" type="float">75</spotsize>
          <spotblend sid="spotblend" type="float">0.15</spotblend>
          <halo_intensity sid="blnder_halo_intensity" type="float">1</halo_intensity>
          <att1 sid="att1" type="float">0</att1>
          <att2 sid="att2" type="float">1</att2>
          <falloff_type sid="falloff_type" type="int">2</falloff_type>
          <clipsta sid="clipsta" type="float">1.000799</clipsta>
          <clipend sid="clipend" type="float">30.002</clipend>
          <bias sid="bias" type="float">1</bias>
          <soft sid="soft" type="float">3</soft>
          <compressthresh sid="compressthresh" type="float">0.04999995</compressthresh>
          <bufsize sid="bufsize" type="int">2880</bufsize>
          <samp sid="samp" type="int">3</samp>
          <buffers sid="buffers" type="int">1</buffers>
          <filtertype sid="filtertype" type="int">0</filtertype>
          <bufflag sid="bufflag" type="int">0</bufflag>
          <buftype sid="buftype" type="int">2</buftype>
          <ray_samp sid="ray_samp" type="int">1</ray_samp>
          <ray_sampy sid="ray_sampy" type="int">1</ray_sampy>
          <ray_sampz sid="ray_sampz" type="int">1</ray_sampz>
          <ray_samp_type sid="ray_samp_type" type="int">0</ray_samp_type>
          <area_shape sid="area_shape" type="int">1</area_shape>
          <area_size sid="area_size" type="float">0.1</area_size>
          <area_sizey sid="area_sizey" type="float">0.1</area_sizey>
          <area_sizez sid="area_sizez" type="float">1</area_sizez>
          <adapt_thresh sid="adapt_thresh" type="float">0.000999987</adapt_thresh>
          <ray_samp_method sid="ray_samp_method" type="int">1</ray_samp_method>
          <shadhalostep sid="shadhalostep" type="int">0</shadhalostep>
          <sun_effect_type sid="sun_effect_type" type="int">0</sun_effect_type>
          <skyblendtype sid="skyblendtype" type="int">1</skyblendtype>
          <horizon_brightness sid="horizon_brightness" type="float">1</horizon_brightness>
          <spread sid="spread" type="float">1</spread>
          <sun_brightness sid="sun_brightness" type="float">1</sun_brightness>
          <sun_size sid="sun_size" type="float">1</sun_size>
          <backscattered_light sid="backscattered_light" type="float">1</backscattered_light>
          <sun_intensity sid="sun_intensity" type="float">1</sun_intensity>
          <atm_turbidity sid="atm_turbidity" type="float">2</atm_turbidity>
          <atm_extinction_factor sid="atm_extinction_factor" type="float">1</atm_extinction_factor>
          <atm_distance_factor sid="atm_distance_factor" type="float">1</atm_distance_factor>
          <skyblendfac sid="skyblendfac" type="float">1</skyblendfac>
          <sky_exposure sid="sky_exposure" type="float">1</sky_exposure>
          <sky_colorspace sid="sky_colorspace" type="int">0</sky_colorspace>
        </technique>
      </extra>
    </light>
  </library_lights>
  <library_images>
    <image id="AG16lef1_tif" name="AG16lef1_tif">
      <init_from>AG16lef1.tif</init_from>
    </image>
    <image id="AG16lef1_tif_001" name="AG16lef1_tif_001">
      <init_from>AG16lef1.tif.001.tif</init_from>
    </image>
    <image id="AG16brn2_tif_001" name="AG16brn2_tif_001">
      <init_from>AG16brn2.tif.001.tif</init_from>
    </image>
    <image id="AG16lef3_tif_004" name="AG16lef3_tif_004">
      <init_from>AG16lef3.tif.004.tif</init_from>
    </image>
    <image id="AG16lef3_tif_005" name="AG16lef3_tif_005">
      <init_from>AG16lef3.tif.005.tif</init_from>
    </image>
  </library_images>
  <library_effects>
    <effect id="AG16_Leaf1-effect">
      <profile_COMMON>
        <newparam sid="AG16lef1_tif-surface">
          <surface type="2D">
            <init_from>AG16lef1_tif</init_from>
          </surface>
        </newparam>
        <newparam sid="AG16lef1_tif-sampler">
          <sampler2D>
            <source>AG16lef1_tif-surface</source>
          </sampler2D>
        </newparam>
        <newparam sid="AG16lef1_tif_001-surface">
          <surface type="2D">
            <init_from>AG16lef1_tif_001</init_from>
          </surface>
        </newparam>
        <newparam sid="AG16lef1_tif_001-sampler">
          <sampler2D>
            <source>AG16lef1_tif_001-surface</source>
          </sampler2D>
        </newparam>
        <technique sid="common">
          <phong>
            <emission>
              <color sid="emission">0 0 0 1</color>
            </emission>
            <ambient>
              <color sid="ambient">0 0 0 1</color>
            </ambient>
            <diffuse>
              <texture texture="AG16lef1_tif-sampler"/>
            </diffuse>
            <specular>
              <color sid="specular">0.2490196 0.2490196 0.2490196 1</color>
            </specular>
            <shininess>
              <float sid="shininess">50</float>
            </shininess>
            <transparent opaque="A_ONE">
              <texture texture="AG16lef1_tif_001-sampler"/>
            </transparent>
            <index_of_refraction>
              <float sid="index_of_refraction">1</float>
            </index_of_refraction>
          </phong>
        </technique>
      </profile_COMMON>
    </effect>
    <effect id="AG16_Branch2-effect">
      <profile_COMMON>
        <newparam sid="AG16brn2_tif_001-surface">
          <surface type="2D">
            <init_from>AG16brn2_tif_001</init_from>
          </surface>
        </newparam>
        <newparam sid="AG16brn2_tif_001-sampler">
          <sampler2D>
            <source>AG16brn2_tif_001-surface</source>
          </sampler2D>
        </newparam>
        <technique sid="common">
          <phong>
            <emission>
              <color sid="emission">0 0 0 1</color>
            </emission>
            <ambient>
              <color sid="ambient">0 0 0 1</color>
            </ambient>
            <diffuse>
              <texture texture="AG16brn2_tif_001-sampler"/>
            </diffuse>
            <specular>
              <color sid="specular">0.2490196 0.2490196 0.2490196 1</color>
            </specular>
            <shininess>
              <float sid="shininess">50</float>
            </shininess>
            <index_of_refraction>
              <float sid="index_of_refraction">1</float>
            </index_of_refraction>
          </phong>
        </technique>
      </profile_COMMON>
    </effect>
    <effect id="AG16_Leaf3-effect">
      <profile_COMMON>
        <newparam sid="AG16lef3_tif_004-surface">
          <surface type="2D">
            <init_from>AG16lef3_tif_004</init_from>
          </surface>
        </newparam>
        <newparam sid="AG16lef3_tif_004-sampler">
          <sampler2D>
            <source>AG16lef3_tif_004-surface</source>
          </sampler2D>
        </newparam>
        <newparam sid="AG16lef3_tif_005-surface">
          <surface type="2D">
            <init_from>AG16lef3_tif_005</init_from>
          </surface>
        </newparam>
        <newparam sid="AG16lef3_tif_005-sampler">
          <sampler2D>
            <source>AG16lef3_tif_005-surface</source>
          </sampler2D>
        </newparam>
        <technique sid="common">
          <phong>
            <emission>
              <color sid="emission">0 0 0 1</color>
            </emission>
            <ambient>
              <color sid="ambient">0 0 0 1</color>
            </ambient>
            <diffuse>
              <texture texture="AG16lef3_tif_004-sampler"/>
            </diffuse>
            <specular>
              <color sid="specular">0.2490196 0.2490196 0.2490196 1</color>
            </specular>
            <shininess>
              <float sid="shininess">50</float>
            </shininess>
            <transparent opaque="A_ONE">
              <texture texture="AG16lef3_tif_005-sampler"/>
            </transparent>
            <index_of_refraction>
              <float sid="index_of_refraction">1</float>
            </index_of_refraction>
          </phong>
        </technique>
      </profile_COMMON>
    </effect>
  </library_effects>
  <library_materials>
    <material id="AG16_Leaf1-material" name="AG16_Leaf1">
      <instance_effect url="#AG16_Leaf1-effect"/>
    </material>
    <material id="AG16_Branch2-material" name="AG16_Branch2">
      <instance_effect url="#AG16_Branch2-effect"/>
    </material>
    <material id="AG16_Leaf3-material" name="AG16_Leaf3">
      <instance_effect url="#AG16_Leaf3-effect"/>
    </material>
  </library_materials>
  <library_geometries>
    <geometry id="AG16_3-mesh" name="AG16_3">
      <mesh>
        <source id="AG16_3-mesh-positions">
          <float_array id="AG16_3-mesh-positions-array" count="3930">-0.03308713 -0.04966562 1.294781 -0.03226906 -0.0506733 1.308508 -0.02989232 -0.05341929 1.294194 -0.0270133 -0.05303305 1.3072 -0.02166056 -0.05407643 1.291884 -0.01798319 -0.05277812 1.304626 -0.02528107 -0.06197559 1.293624 -0.02322924 -0.06218212 1.306822 -0.02414333 -0.06694269 1.293736 -0.01981502 -0.06575441 1.306126 -0.0276795 -0.04875195 1.32124 -0.02337348 -0.05194216 1.320108 -0.0143972 -0.05254817 1.317378 -0.01940751 -0.06077283 1.319426 -0.01896375 -0.06599992 1.31961 -0.02462512 -0.04727584 1.333774 -0.01845502 -0.04964309 1.332158 -0.01233917 -0.05191552 1.330548 -0.0156123 -0.05921745 1.332505 -0.01381599 -0.06381356 1.332537 -0.0202127 -0.04576206 1.345824 -0.01792216 -0.05013155 1.345775 -0.007183849 -0.04889243 1.342683 -0.01155263 -0.05771082 1.345037 -0.0113998 -0.06346672 1.345754 -0.01828771 -0.04648923 1.359666 -0.01391643 -0.04928344 1.358627 -0.003835201 -0.04753398 1.355487 -0.007976591 -0.05703485 1.357573 -0.006444215 -0.06201994 1.357572 -0.01212394 -0.04436361 1.372177 -0.008973002 -0.04803621 1.371409 -0.001502871 -0.04764658 1.36858 -0.003213822 -0.05587357 1.370129 -1.6398e-4 -0.05963778 1.369409 -0.006943881 -0.04210752 1.384407 -0.003673613 -0.04566311 1.38364 0.004489421 -0.04460537 1.379984 0.001393854 -0.05411928 1.382968 0.003547489 -0.05869454 1.382854 -0.003056645 -0.0401386 1.397157 0.002087712 -0.04231691 1.395291 0.00980699 -0.04241192 1.391815 0.00792402 -0.05004292 1.394292 0.008697748 -0.0555287 1.39511 0.004026889 -0.03662699 1.408472 0.006808042 -0.04057139 1.407883 0.01540946 -0.04024046 1.403596 0.01241934 -0.04842531 1.406673 0.01433426 -0.05298644 1.40663 0.00908941 -0.03415948 1.421141 0.01230156 -0.03793257 1.420225 0.0211935 -0.03803271 1.415032 0.01857256 -0.0455743 1.418506 0.01896274 -0.05110841 1.419697 0.01575553 -0.03087151 1.43155 0.01818168 -0.03533697 1.431478 0.02735364 -0.03442978 1.426339 0.02422291 -0.0433458 1.430449 0.02683013 -0.04767078 1.430242 0.02263212 -0.02784299 1.443924 0.0254895 -0.03201884 1.443022 0.03403139 -0.03242772 1.437382 0.03038203 -0.04089635 1.441898 0.03094834 -0.04653674 1.442893 0.03204083 -0.023822 1.453654 0.03489786 -0.02796667 1.452574 0.04158931 -0.02978038 1.447506 0.03838235 -0.03753662 1.452708 0.03880488 -0.04307961 1.454133 0.03864848 -0.02099406 1.464008 0.04245924 -0.02431797 1.462377 0.04879343 -0.02564001 1.457848 0.04743343 -0.03292292 1.462096 0.04806596 -0.03859639 1.464042 0.04783731 -0.01553565 1.472751 0.04951965 -0.02019876 1.473653 0.05626463 -0.02174377 1.467905 0.0560525 -0.02765244 1.471338 0.05744785 -0.03248518 1.472613 0.05634373 -0.01085251 1.482449 0.06022787 -0.01425498 1.4802 0.06519758 -0.01690512 1.476305 0.06451171 -0.02307182 1.480749 0.0648427 -0.02852588 1.483645 0.06476366 -0.005091667 1.490788 0.06838327 -0.00875765 1.48922 0.07446008 -0.01110649 1.483545 0.07337445 -0.01718425 1.489752 0.07481223 -0.02191263 1.491744 0.08279365 -0.006115794 1.49286 -0.01131594 -0.0518983 1.265363 -0.01198267 -0.05754739 1.283558 -0.0177682 -0.04897022 1.26648 -0.0190128 -0.05792725 1.283104 -0.0264129 -0.05766481 1.261927 -0.0271185 -0.06816136 1.277715 -0.03166425 -0.04802024 1.266317 -0.03261566 -0.05502331 1.284034 -0.03770685 -0.04306513 1.268424 -0.03948527 -0.05411785 1.284225 -0.01376461 -0.06491947 1.302723 -0.02081054 -0.06600189 1.301247 -0.028822 -0.07694113 1.293765 -0.03446638 -0.06432753 1.30064 -0.04130637 -0.06359636 1.300271 -0.01535958 -0.07631045 1.317773 -0.02239239 -0.07596892 1.317072 -0.03119558 -0.08587223 1.310374 -0.03658747 -0.0759738 1.315264 -0.04237109 -0.06899464 1.318459 -0.01630163 -0.08509147 1.334697 -0.02432107 -0.08858847 1.331533 -0.03260111 -0.09382462 1.327194 -0.03753948 -0.08390438 1.333209 -0.04360204 -0.07929897 1.335598 -0.01880294 -0.09640347 1.350896 -0.02655696 -0.09917086 1.347586 -0.03518581 -0.1066005 1.340596 -0.0401352 -0.09599965 1.347886 -0.04668885 -0.09335172 1.34888 -0.02157795 -0.1088209 1.365162 -0.028454 -0.1077118 1.364865 -0.03729707 -0.1164788 1.35655 -0.04214012 -0.1051872 1.36452 -0.04867136 -0.1024757 1.365528 -0.02424079 -0.1216716 1.37897 -0.03124511 -0.1211747 1.378166 -0.03950375 -0.1266433 1.372272 -0.04469126 -0.117805 1.378595 -0.05134868 -0.1158431 1.379047 -0.02616262 -0.1333465 1.393722 -0.03311085 -0.1323084 1.39333 -0.042041 -0.1370845 1.387874 -0.0461328 -0.1278618 1.394624 -0.05296933 -0.1265211 1.394498 -0.02670705 -0.1443595 1.408493 -0.03385734 -0.1434892 1.40833 -0.04542797 -0.1513147 1.400124 -0.0474478 -0.140403 1.409252 -0.05228412 -0.1351482 1.413156 -0.02968215 -0.1582381 1.422796 -0.03703588 -0.1576083 1.421896 -0.0476154 -0.1636962 1.413178 -0.05041617 -0.1537236 1.423165 -0.05675959 -0.1510955 1.424601 -0.03094977 -0.1710885 1.435853 -0.03920543 -0.1721547 1.433377 -0.0488764 -0.1764433 1.426945 -0.05274677 -0.1682567 1.435872 -0.05926322 -0.1657917 1.437757 -0.03331601 -0.1846653 1.450215 -0.04093474 -0.1847091 1.448634 -0.05042314 -0.1903622 1.439095 -0.05531644 -0.1824424 1.448826 -0.06189042 -0.1796118 1.45134 -0.03451031 -0.2008382 1.459801 -0.04220443 -0.2006994 1.458758 -0.05252689 -0.2054741 1.449847 -0.05648517 -0.1984792 1.459795 -0.06246405 -0.1953318 1.463588 -0.0352742 -0.2167654 1.467731 -0.04296928 -0.2171441 1.466997 -0.05288219 -0.2212006 1.460082 -0.05573308 -0.2138491 1.472342 -0.06154549 -0.2113227 1.476492 -0.0369035 -0.2328575 1.480553 -0.04445677 -0.233161 1.478681 -0.0542252 -0.2376772 1.468199 -0.05825042 -0.2314433 1.479705 -0.06368529 -0.2279958 1.485525 -0.04002332 -0.2504328 1.488319 -0.04688864 -0.2494672 1.488737 -0.05525952 -0.2536212 1.477997 -0.06093901 -0.2485194 1.487424 -0.06743049 -0.2464046 1.490355 -0.04287946 -0.2694602 1.497118 -0.05054461 -0.2692329 1.492822 -0.05908185 -0.2705031 1.48286 -0.0638439 -0.2658711 1.495453 -0.07006096 -0.2635709 1.499159 -0.06252515 -0.2865775 1.493794 -0.03518098 -0.06559514 1.2371 -0.03690111 -0.0649845 1.259912 -0.02874994 -0.06071507 1.2378 -0.0332818 -0.05702376 1.25922 -0.03104287 -0.04502123 1.233624 -0.03765171 -0.04087924 1.254151 -0.01548331 -0.05146974 1.239426 -0.02135574 -0.04605752 1.260438 -0.0083341 -0.04750376 1.240532 -0.01429808 -0.04173165 1.261656 -0.0478993 -0.05706363 1.277973 -0.04245585 -0.05099833 1.278519 -0.04390734 -0.03598278 1.27465 -0.03075313 -0.03996175 1.280143 -0.02035886 -0.04053622 1.283908 -0.05755215 -0.05214095 1.296525 -0.05136209 -0.04697233 1.298041 -0.05025768 -0.03326684 1.295608 -0.03775948 -0.03877258 1.302041 -0.0297932 -0.0367096 1.304963 -0.06451368 -0.05119407 1.316855 -0.05999207 -0.0435853 1.317642 -0.06076318 -0.0277602 1.314349 -0.04683715 -0.03500813 1.322434 -0.03870928 -0.03322345 1.326043 -0.07287412 -0.04998886 1.336947 -0.06827861 -0.04232376 1.337955 -0.06716811 -0.02886283 1.336379 -0.0550695 -0.03408002 1.343014 -0.0484271 -0.03002494 1.345572 -0.08415508 -0.04547506 1.356058 -0.08028209 -0.03567969 1.356086 -0.07744532 -0.02403378 1.355131 -0.06601029 -0.03029555 1.362888 -0.05812811 -0.02922797 1.367061 -0.09516853 -0.03945767 1.373716 -0.08974605 -0.03309303 1.375537 -0.0869739 -0.02132236 1.375105 -0.07740527 -0.02364373 1.380488 -0.0690084 -0.02380144 1.384912 -0.1073254 -0.03237903 1.392068 -0.09995967 -0.03112906 1.395959 -0.09765481 -0.01378875 1.392815 -0.08749365 -0.02117294 1.400527 -0.07950198 -0.02198308 1.405306 -0.1156238 -0.03047746 1.41338 -0.1103096 -0.0229727 1.414221 -0.1066119 -0.01154208 1.413194 -0.09636884 -0.01701003 1.41999 -0.08874785 -0.01580578 1.423677 -0.1253577 -0.02651989 1.432625 -0.1193549 -0.0197249 1.434 -0.1151578 -0.007376611 1.433369 -0.1047855 -0.01487898 1.439781 -0.096955 -0.01431769 1.443317 -0.1366646 -0.02133899 1.449869 -0.1297298 -0.01790428 1.453164 -0.1256219 -0.001935899 1.451887 -0.1153566 -0.0134105 1.460603 -0.1079741 -0.01208823 1.464652 -0.148012 -0.01804524 1.467449 -0.1424168 -0.009779512 1.469357 -0.1376374 0.001457631 1.469863 -0.1284921 -0.005726099 1.478546 -0.1216225 -0.003276169 1.482959 -0.1586515 -0.01774734 1.484445 -0.1543077 -0.009140431 1.486823 -0.1520646 0.005171477 1.486541 -0.1428803 1.13446e-5 1.495143 -0.1344876 -0.003295302 1.502788 -0.1709721 -0.01770895 1.500783 -0.1674979 -0.009544253 1.503646 -0.1678377 0.007191181 1.501965 -0.1583084 0.001535713 1.512059 -0.1509173 5.26214e-4 1.519618 -0.1866281 -0.01649481 1.514311 -0.1839422 -0.008030414 1.517385 -0.1840624 0.007148623 1.51666 -0.1751139 2.11073e-4 1.528229 -0.1696873 0.001787185 1.535026 -0.2041151 -0.01348775 1.527406 -0.2003232 -0.007758438 1.532002 -0.1994363 0.004629135 1.532979 -0.1923834 0.002843976 1.541636 -0.1861141 0.002613544 1.54932 -0.2196848 -0.01756525 1.541512 -0.2164711 -0.01098722 1.546235 -0.2168471 0.005536675 1.546641 -0.20919 -2.79688e-4 1.556704 -0.2039268 4.19732e-4 1.563881 -0.2324407 0.001918315 1.562429 -0.0785132 -0.05147629 1.10722 -0.08022439 -0.04492396 1.153174 -0.05002284 -0.04981392 1.109233 -0.05230915 -0.03562825 1.15094 -0.02406781 -0.03414797 1.107072 -0.02572625 -0.01686096 1.145336 0.005722165 -0.03736913 1.110577 0.004797041 -0.03437811 1.152602 0.03490114 -0.0407902 1.114084 0.03345078 -0.03512054 1.153917 -0.08451282 -0.01417809 1.185362 -0.05637997 -0.02039915 1.189296 -0.02765172 -0.007596671 1.186425 7.6702e-4 -0.0192061 1.192314 0.02928197 -0.01951467 1.194145 -0.0860399 -8.02694e-4 1.229489 -0.05650603 0.002622246 1.227796 -0.02720487 0.008477389 1.225087 -3.8547e-4 -0.007961571 1.231742 0.02749884 -0.01429444 1.234152 -0.08235555 0.02499389 1.266974 -0.05355048 0.0240761 1.265658 -0.02478122 0.02709829 1.262485 0.002471387 0.01194083 1.267983 0.03052717 0.006163656 1.269005 -0.07870268 0.02474117 1.313597 -0.05044943 0.02898538 1.310168 -0.02380168 0.04392111 1.300848 0.005883574 0.03938692 1.302251 0.03558284 0.02767735 1.307648 -0.06607598 0.04288339 1.360598 -0.04168462 0.05471724 1.348065 -0.01981699 0.07165968 1.332434 0.01298367 0.06243073 1.333024 0.04214203 0.06134289 1.328611 -0.05404841 0.06807821 1.399334 -0.02898144 0.0745145 1.387027 -0.009186565 0.09123569 1.368334 0.02219563 0.08508002 1.363889 0.04942482 0.08673429 1.354637 -0.04878491 0.1138383 1.424324 -0.02044945 0.1087491 1.418306 0.001673638 0.1199257 1.396742 0.03291875 0.1081266 1.396994 0.05847293 0.1110848 1.383165 -0.03687047 0.1375187 1.457697 -0.01263779 0.1434786 1.441408 0.00952959 0.152033 1.422381 0.04042619 0.1471852 1.41817 0.07022893 0.1431969 1.413193 -0.0231108 0.1804736 1.481849 8.0672e-4 0.1813579 1.464626 0.02592033 0.1790667 1.451486 0.0557844 0.170079 1.445479 0.08289289 0.1651344 1.435091 -0.008296847 0.2156581 1.504796 0.01743882 0.210354 1.492794 0.04064565 0.2108453 1.474057 0.06699615 0.2052989 1.461941 0.09469699 0.1942938 1.456969 0.002079665 0.2604789 1.511974 0.02863669 0.2540728 1.500733 0.05467188 0.245641 1.494216 0.08194816 0.2349978 1.491177 0.1087423 0.2210701 1.49546 0.009360551 0.2993564 1.519402 0.03873372 0.292023 1.511658 0.06647551 0.2838597 1.508052 0.09287649 0.2726854 1.514824 0.1183212 0.2613661 1.522997 0.03173708 0.3387714 1.540229 0.05831444 0.3273974 1.535904 0.08374238 0.320514 1.518409 0.1116315 0.3034184 1.531108 0.1384543 0.2901836 1.532608 0.09529364 0.3570196 1.536128 0.009423077 0.01931101 1.02073 0.02317219 0.006239771 1.066917 -0.005245506 -0.008280277 1.0184 0.00443238 -0.01886892 1.065214 -0.01971501 -0.03518497 1.016183 0.00439316 -0.0544238 1.052452 -0.04096049 -0.0597704 1.016859 -0.03069341 -0.07050299 1.060379 -0.05732059 -0.08638244 1.015356 -0.0429266 -0.09952765 1.054727 0.04025918 -0.01211667 1.109709 0.02799552 -0.04048079 1.10235 0.01882213 -0.06958138 1.093176 -0.01079481 -0.0902903 1.097653 -0.03039819 -0.1150941 1.095451 0.06582319 -0.03097128 1.143229 0.0505889 -0.05892133 1.137859 0.03195452 -0.08326917 1.135584 0.009942293 -0.1067057 1.135221 -0.01398533 -0.1277238 1.136771 0.06862449 -0.04308968 1.192143 0.05940216 -0.07306551 1.182555 0.04725211 -0.1007794 1.175185 0.02487069 -0.1248224 1.173673 0.008063554 -0.1509344 1.168938 0.07483536 -0.05392622 1.23288 0.07054173 -0.08566951 1.223266 0.06584328 -0.1165012 1.214127 0.03642416 -0.1386305 1.217358 0.02350807 -0.1668188 1.212243 0.09253025 -0.07630413 1.276405 0.07600373 -0.1025007 1.269633 0.07641464 -0.1334117 1.255649 0.05189102 -0.1577515 1.252117 0.0410822 -0.1857756 1.242804 0.08749252 -0.09694612 1.326842 0.08035057 -0.1245758 1.312785 0.07994687 -0.153611 1.29692 0.06286895 -0.1788536 1.285701 0.03709715 -0.2007651 1.277646 0.1046985 -0.1292902 1.370408 0.09772813 -0.1561955 1.350795 0.08214449 -0.1784234 1.336047 0.06085246 -0.1993353 1.323154 0.03574228 -0.2178007 1.312705 0.1218725 -0.1711495 1.405403 0.09977972 -0.1885799 1.390274 0.09591507 -0.2147179 1.363648 0.06270897 -0.2270889 1.355268 0.03912907 -0.2437568 1.34113 0.1177619 -0.1944933 1.440308 0.09775108 -0.2157006 1.425651 0.0980845 -0.2414149 1.401794 0.07979851 -0.2636362 1.385774 0.05690026 -0.2841213 1.372499 0.1100734 -0.2270381 1.479561 0.1058785 -0.2497943 1.457703 0.1007009 -0.272014 1.436646 0.08594024 -0.2949757 1.417371 0.08310943 -0.317771 1.395113 0.09909343 -0.2557302 1.515426 0.1113252 -0.2773658 1.491949 0.1129667 -0.3004399 1.471469 0.1137653 -0.3247335 1.450279 0.1067534 -0.3499487 1.431418 0.09536802 -0.2805616 1.546095 0.104613 -0.304203 1.527195 0.1264911 -0.3236809 1.50818 0.1195514 -0.352492 1.489542 0.1236355 -0.3775959 1.470857 0.1135899 -0.3166759 1.5893 0.1182315 -0.3372706 1.56511 0.1418005 -0.3532055 1.540661 0.1319601 -0.3774783 1.516545 0.1198937 -0.4017623 1.493055 0.138668 -0.3883291 1.571872 0.003731966 -0.09027713 0.9233496 -0.003966927 -0.09544992 0.9750854 6.288e-5 -0.05685287 0.9301723 -0.01723128 -0.06480526 0.9754661 -0.02816063 -0.03145718 0.9226217 -0.05035883 -0.04129254 0.9651927 -0.02328222 0.005261719 0.9345773 -0.04081451 -0.002573311 0.9777833 -0.02839696 0.03825849 0.9405655 -0.05330514 0.02831888 0.9785727 -0.03502905 -0.1133429 1.005759 -0.04372584 -0.08165478 1.01147 -0.06618839 -0.05259364 1.010148 -0.06683212 -0.01906543 1.020066 -0.0648123 0.01409882 1.03108 -0.04503655 -0.1181743 1.06209 -0.06118953 -0.08834952 1.060641 -0.09058141 -0.06348675 1.051023 -0.08501648 -0.02601939 1.062858 -0.08849406 0.007812738 1.069055 -0.08526653 -0.1347431 1.094144 -0.09300613 -0.1025074 1.098044 -0.1147597 -0.07322919 1.091731 -0.1092464 -0.03815633 1.1053 -0.1180775 -0.006093025 1.108421 -0.1020625 -0.1484326 1.132194 -0.114382 -0.1173179 1.136519 -0.1389044 -0.0880528 1.131475 -0.1354719 -0.05475872 1.147809 -0.1345919 -0.02241849 1.161945 -0.1431826 -0.1642853 1.166505 -0.1458721 -0.1322255 1.176113 -0.1612399 -0.1006532 1.174348 -0.1610842 -0.06793242 1.186714 -0.1644397 -0.03586095 1.195738 -0.1647256 -0.1798096 1.201052 -0.179404 -0.148805 1.204045 -0.1936565 -0.118492 1.207073 -0.1949051 -0.08714783 1.224197 -0.2063267 -0.05622589 1.23052 -0.201243 -0.2010446 1.212998 -0.2098404 -0.1719288 1.227451 -0.2283276 -0.1411725 1.233389 -0.2181857 -0.1157051 1.263549 -0.2293131 -0.08601516 1.275945 -0.2375241 -0.2261241 1.232217 -0.2408508 -0.199241 1.252786 -0.2535108 -0.1678762 1.266655 -0.2498785 -0.1441928 1.292348 -0.239907 -0.1244894 1.32174 -0.2676855 -0.2491658 1.248538 -0.2783412 -0.2213933 1.268848 -0.2935099 -0.1909476 1.285615 -0.2863864 -0.1750385 1.318097 -0.2767288 -0.1613382 1.351621 -0.3011236 -0.2741248 1.267838 -0.3097885 -0.2503549 1.290745 -0.3303823 -0.2172126 1.30271 -0.3244388 -0.2050037 1.338866 -0.3214234 -0.190774 1.371827 -0.3432458 -0.2978607 1.283967 -0.3518254 -0.2738797 1.306116 -0.3680731 -0.242519 1.318838 -0.3600309 -0.2349327 1.360592 -0.3649054 -0.2146822 1.386952 -0.3887136 -0.3237076 1.307223 -0.3976155 -0.2946454 1.323434 -0.4071092 -0.2651611 1.337905 -0.4086141 -0.2457247 1.367753 -0.4143888 -0.2208918 1.389432 -0.4312309 -0.3462973 1.344346 -0.4383949 -0.3150495 1.356296 -0.4485975 -0.2814214 1.360117 -0.4521 -0.253153 1.381728 -0.4546281 -0.226363 1.405078 -0.4927668 -0.2919793 1.375947 -0.07930445 0.001675069 0.8409378 -0.07435524 0.01207244 0.8908945 -0.04902893 -0.01318973 0.8429397 -0.04027026 0.008027493 0.8870782 -0.01543408 -0.01752811 0.8397138 -0.005201697 0.009390532 0.8808827 0.01657092 -0.03002417 0.8403881 0.02041423 -0.02292811 0.8900406 0.04349529 -0.0534482 0.8467415 0.05135565 -0.03657555 0.8906736 -0.06822162 0.028517 0.9375273 -0.03276479 0.03047597 0.9304186 0.001022577 0.02915143 0.9253381 0.03109163 0.008454203 0.9311763 0.06333816 -0.001386761 0.9308798 -0.06089264 0.04730767 0.9818599 -0.02719491 0.04402029 0.9781491 0.007024526 0.04723703 0.9712233 0.03946101 0.03370255 0.9726469 0.07022452 0.01556342 0.9765515 -0.05500733 0.06079065 1.029983 -0.02111917 0.05981314 1.025245 0.0130527 0.06604886 1.016723 0.04567992 0.05108129 1.019434 0.07720953 0.03374552 1.023544 -0.04351919 0.1004841 1.072568 -0.008369624 0.09863269 1.063161 0.02614307 0.0972253 1.053651 0.05538398 0.07664763 1.058495 0.08447706 0.0578798 1.06218 -0.02767044 0.1384611 1.108273 0.006642818 0.1291744 1.101709 0.03943741 0.1189579 1.096274 0.0606656 0.08866316 1.107577 0.08544528 0.06505519 1.113413 -0.02023917 0.1583098 1.14678 0.01422762 0.1496561 1.143311 0.05158108 0.146694 1.135491 0.07381069 0.1182698 1.147714 0.09933513 0.09615182 1.15509 1.0198e-4 0.2056455 1.164549 0.02159035 0.1823337 1.179177 0.05559235 0.170704 1.179605 0.07786011 0.1471335 1.194235 0.09829062 0.1229126 1.209992 -0.002680718 0.2269381 1.202333 0.0312066 0.2176041 1.206577 0.06440365 0.2085439 1.210639 0.08911323 0.1885088 1.228863 0.1145389 0.1702336 1.244939 -0.001249134 0.2553575 1.244192 0.03602224 0.2533143 1.239346 0.06862008 0.2457624 1.243812 0.09997409 0.2339306 1.255005 0.1302993 0.2218545 1.266785 0.008662462 0.3058403 1.249814 0.04248225 0.2990915 1.2558 0.07860904 0.2943965 1.255728 0.1049912 0.2823999 1.277711 0.1290923 0.2696011 1.302524 0.01034057 0.3488339 1.263568 0.04460382 0.3441352 1.271075 0.08250308 0.340712 1.270964 0.1009136 0.3314844 1.306786 0.1311108 0.325703 1.321182 0.02152788 0.3993041 1.269245 0.04862511 0.3919065 1.288348 0.08617198 0.3870798 1.289035 0.1125486 0.3792299 1.310716 0.1346659 0.370748 1.337927 0.02948933 0.4535772 1.292801 0.06842178 0.44326 1.292809 0.09617924 0.4319517 1.308356 0.1145621 0.4188702 1.340644 0.1400214 0.4069582 1.360961 0.108974 0.4804956 1.306796 0.04125881 0.01554596 0.7592905 0.04308325 0.003260374 0.8092529 0.01401191 -0.001396536 0.7569764 0.02226787 -0.02218896 0.7992767 -0.008429527 -0.02496355 0.7489398 0.003912389 -0.04972273 0.7872272 -0.04232513 -0.03220909 0.7548823 -0.03502887 -0.05230271 0.797325 -0.07203859 -0.04504024 0.7559592 -0.05830532 -0.07448691 0.7901766 0.06310087 -0.03013926 0.842385 0.03658491 -0.04958277 0.8366767 0.01321727 -0.0741862 0.826482 -0.02283972 -0.07450056 0.8367845 -0.05438417 -0.08295589 0.8401414 0.07705092 -0.05216979 0.8767968 0.05330616 -0.07891041 0.8674949 0.0251649 -0.09305554 0.8691124 -0.007092714 -0.1009285 0.8769761 -0.03597801 -0.1151404 0.8788579 0.08668154 -0.07327401 0.9150816 0.05846989 -0.0894398 0.916759 0.0447663 -0.123431 0.9005533 0.009144425 -0.1310698 0.9109887 -0.02219724 -0.1431351 0.9166902 0.08840465 -0.09167754 0.9671735 0.06830608 -0.1157919 0.9575792 0.05852431 -0.1478596 0.9385758 0.02137464 -0.1582282 0.944956 -0.005585491 -0.1764408 0.9420511 0.1034702 -0.12571 1.00403 0.08093094 -0.1470666 0.9951587 0.06591767 -0.1716903 0.9799462 0.03700387 -0.1903932 0.9763437 0.01750624 -0.2133699 0.9646414 0.1237834 -0.1561771 1.033893 0.1017988 -0.1781709 1.025441 0.08972394 -0.2041867 1.006423 0.05502051 -0.2208136 1.011743 0.03168022 -0.2421584 1.004838 0.1490312 -0.1849207 1.061606 0.1297463 -0.2103033 1.048107 0.1105939 -0.2348595 1.035432 0.08102619 -0.2520862 1.039062 0.05181992 -0.2686893 1.043112 0.177114 -0.223726 1.082168 0.1498594 -0.241819 1.08044 0.1304686 -0.2674158 1.063114 0.09744584 -0.2802876 1.072468 0.07011467 -0.2982971 1.070905 0.2028844 -0.258544 1.105342 0.1753574 -0.2765048 1.104894 0.1517634 -0.3010937 1.088066 0.1210781 -0.3140652 1.100174 0.09129387 -0.3272499 1.110864 0.2201347 -0.2878593 1.130611 0.1937226 -0.3076661 1.131462 0.1776948 -0.3340081 1.109678 0.1457458 -0.350731 1.121972 0.1217409 -0.3722517 1.117266 0.2519447 -0.335271 1.144537 0.2236599 -0.3509941 1.145422 0.1982005 -0.3714771 1.129295 0.1671 -0.3824627 1.147118 0.1377197 -0.3956381 1.156476 0.2774626 -0.3802083 1.139915 0.2491528 -0.395511 1.143586 0.2205615 -0.4117892 1.138886 0.193571 -0.4246178 1.160367 0.1664448 -0.438211 1.174808 0.2999149 -0.4077194 1.162058 0.2746413 -0.4282729 1.154394 0.2500179 -0.4483233 1.145166 0.2233563 -0.4697646 1.153497 0.1971438 -0.4908079 1.164201 0.280286 -0.484347 1.139802 -0.02339851 -0.06668263 0.6671469 -0.03757637 -0.06622558 0.7094689 -0.01183879 -0.03938585 0.6741738 -0.03652852 -0.03671634 0.7095479 -0.01773917 -0.008424401 0.6690909 -0.04827255 -0.006632626 0.7005472 -0.00515151 0.0192874 0.6768097 -0.0287134 0.0217511 0.7137721 0.007904171 0.04621267 0.6848762 -0.02811741 0.05130392 0.7135297 -0.06145179 -0.0620765 0.753444 -0.06160485 -0.03248888 0.7493803 -0.07486939 -0.00259006 0.7339103 -0.05570906 0.02622807 0.7466897 -0.05478131 0.05573576 0.7435734 -0.09798383 -0.0580846 0.7794898 -0.09252178 -0.02900743 0.7796141 -0.1009251 0.002689421 0.7683178 -0.08686143 0.03039759 0.7754899 -0.0682615 0.05635291 0.7865285 -0.1255675 -0.05665224 0.8109757 -0.1287735 -0.02430528 0.8042865 -0.1254259 0.004896819 0.8042304 -0.1105039 0.03115159 0.8155974 -0.09756374 0.05745589 0.8250592 -0.158061 -0.0504359 0.844469 -0.1593134 -0.0190013 0.8367776 -0.1614721 0.01204967 0.8281338 -0.1447905 0.03812485 0.84188 -0.1365552 0.06635951 0.8456027 -0.1922941 -0.04340803 0.8710516 -0.184705 -0.01494073 0.8736408 -0.1902058 0.01702582 0.8605682 -0.1717361 0.04270023 0.876151 -0.1633563 0.07091468 0.8796951 -0.2281182 -0.03677988 0.8946212 -0.2216743 -0.00795716 0.8962057 -0.2194885 0.02181077 0.8925287 -0.2061589 0.04867571 0.9027118 -0.1991716 0.07728898 0.9049866 -0.2659419 -0.03085982 0.9164332 -0.2554242 -0.003795385 0.922895 -0.248998 0.02575647 0.924224 -0.2318142 0.04827177 0.9391481 -0.2232175 0.07687443 0.9431255 -0.3002367 -0.02893942 0.934606 -0.2887571 -0.003682792 0.9466312 -0.2868704 0.034397 0.9455603 -0.2653629 0.04620683 0.9712795 -0.2476477 0.06252557 0.9918717 -0.336615 -0.0222482 0.9643625 -0.326105 0.005082726 0.9728087 -0.3210607 0.04009795 0.9696108 -0.3024986 0.05564612 0.995364 -0.2904134 0.08048105 1.007259 -0.3670054 -0.02029329 0.9853011 -0.362166 0.01102226 0.9893845 -0.3571173 0.0411511 0.9941269 -0.3447507 0.06166672 1.015853 -0.3360332 0.08697366 1.02911 -0.4020597 -0.0166046 1.01931 -0.3973276 0.01312738 1.021439 -0.3958576 0.04553008 1.013106 -0.385991 0.07061553 1.031877 -0.3786853 0.09763157 1.042498 -0.4438263 -0.01283341 1.016074 -0.439533 0.01554745 1.025592 -0.4371328 0.04892826 1.025718 -0.4299735 0.06926125 1.049599 -0.4237497 0.09159517 1.068977 -0.4763586 -0.01342582 1.013672 -0.4775369 0.01491403 1.02611 -0.4794794 0.04586499 1.033834 -0.4771736 0.06043887 1.066258 -0.4765945 0.08157199 1.088563 -0.5221176 0.04658859 1.041077 -0.04379659 0.03708159 0.5910158 -0.03827571 0.03673833 0.6334493 -0.02876037 0.01517879 0.5918286 -0.0159412 0.02254724 0.6283257 -0.002383649 0.003781318 0.5835061 0.01260286 0.01705092 0.6166942 0.003052651 -0.02713286 0.5920948 0.0225147 -0.01359856 0.6242135 0.01906532 -0.04819768 0.592145 0.04088407 -0.03274434 0.6230052 -0.01390177 0.06400412 0.6548789 0.003315627 0.04386246 0.6555703 0.028409 0.03052562 0.6494275 0.03839999 0.004079163 0.6564169 0.0454871 -0.02386045 0.6654727 0.006756007 0.08592677 0.6770238 0.01976567 0.06362134 0.6831092 0.03944569 0.04471999 0.6841796 0.04459613 0.01851379 0.6961134 0.05440771 -0.005127966 0.7044411 0.01172834 0.09915417 0.710624 0.03125357 0.08066743 0.7139224 0.05684471 0.0659455 0.7121071 0.05999684 0.03837531 0.7285124 0.07085919 0.01541841 0.7385288 0.02206516 0.1184407 0.7416467 0.04060351 0.09908008 0.7463849 0.06005215 0.08068501 0.7501629 0.06603556 0.05564415 0.7633903 0.08027726 0.03454393 0.7709065 0.04123979 0.1429923 0.766952 0.06261938 0.123302 0.7704064 0.07632517 0.1026336 0.7786602 0.07860898 0.07865709 0.7954487 0.08486312 0.0559923 0.809149 0.06097382 0.1645221 0.7920429 0.0742433 0.1431306 0.8011366 0.08716225 0.1222038 0.8100574 0.09715759 0.09965026 0.8212368 0.09961074 0.07617789 0.8360393 0.0908553 0.1879004 0.8143677 0.08888733 0.1661658 0.8313096 0.1097227 0.1422889 0.8360668 0.1050239 0.1203812 0.8547794 0.1022563 0.0987389 0.872136 0.09683465 0.2066747 0.854066 0.1103877 0.183146 0.8610484 0.1202613 0.160054 0.8697907 0.1209657 0.135667 0.8843827 0.1241314 0.1118734 0.8972536 0.1186261 0.2255791 0.8831009 0.1260797 0.2005392 0.8927975 0.1327506 0.1761377 0.9024904 0.125168 0.1525607 0.9176154 0.1224929 0.1288663 0.9307852 0.1404674 0.2415025 0.9028915 0.1384861 0.2205463 0.91948 0.1500583 0.1958384 0.9314835 0.1333811 0.1789904 0.9530134 0.1308131 0.1582173 0.969785 0.1494106 0.2611792 0.9263164 0.1606095 0.2395597 0.9407709 0.1655133 0.220246 0.9577183 0.1613171 0.202869 0.9797759 0.1643714 0.1837083 0.9980213 0.1446364 0.2812572 0.9506376 0.162916 0.2650365 0.9645534 0.1808188 0.249175 0.9781422 0.1863569 0.2331666 1.000251 0.1835297 0.2178652 1.026823 0.1405014 0.3039079 0.9736384 0.1631729 0.2931984 0.9863119 0.1916156 0.2833414 0.9929556 0.2015039 0.2710927 1.018082 0.2095647 0.2589523 1.04414 0.1946738 0.3201427 1.005576 -0.03900617 -0.009113013 0.4222945 -0.03879976 -0.01472789 0.4497871 -0.02072697 -0.009532451 0.4283903 -0.02230113 -0.007618367 0.4529136 -0.008545994 0.007055521 0.4298375 -0.010122 0.0127632 0.4519565 0.0115987 0.002969026 0.4288021 0.01254123 0.006418228 0.4515709 0.02940261 0.004654109 0.4262803 0.02849721 0.01439625 0.4469699 -0.04684877 -5.07604e-5 0.4670422 -0.02910816 0.002553939 0.4724345 -0.01199424 0.01355803 0.4747122 0.007596075 0.01438438 0.4761223 0.02689754 0.01069736 0.4764545 -0.04465419 -0.006672322 0.4971786 -0.02798736 0.002729058 0.4985 -0.0142706 0.02029609 0.4962925 0.007735192 0.01681888 0.4973216 0.02719247 0.01796776 0.4956673 -0.05086493 0.01169598 0.5168623 -0.03214305 0.01450163 0.5196433 -0.01520836 0.02620136 0.5177407 0.005516886 0.02222973 0.5202518 0.02389454 0.02732455 0.5179834 -0.0541898 0.01303142 0.5360143 -0.0362609 0.01889377 0.5397656 -0.01927345 0.03226751 0.5391834 6.6183e-4 0.02937042 0.54439 0.02021318 0.02615368 0.548473 -0.05925679 0.03048741 0.5569696 -0.04052633 0.0291503 0.5626094 -0.02210605 0.03585177 0.5626752 -0.002579987 0.03575992 0.5655751 0.01651263 0.03620916 0.5670475 -0.06386315 0.03449916 0.5752201 -0.04605448 0.04242807 0.5780305 -0.02828782 0.04785317 0.5815489 -0.009369313 0.0480259 0.5880909 0.009165346 0.05437082 0.5891745 -0.0713905 0.05226421 0.5809665 -0.05507034 0.05499547 0.5905928 -0.03753685 0.06322771 0.5960875 -0.0222187 0.05500739 0.6108952 -0.0040223 0.06110197 0.6163399 -0.08110022 0.067267 0.5920296 -0.0667932 0.0668444 0.6047661 -0.04977488 0.07119727 0.6143731 -0.03495961 0.06904327 0.6270466 -0.02358853 0.06009083 0.6421322 -0.08999478 0.07861119 0.6000427 -0.07523667 0.08382207 0.61306 -0.0592665 0.09030318 0.6247139 -0.04965031 0.08570373 0.6419091 -0.04237103 0.07722622 0.6601502 -0.1007847 0.09167057 0.6092811 -0.08919084 0.09562355 0.6242303 -0.07157331 0.1066715 0.6337373 -0.06494128 0.1024581 0.6536185 -0.05766785 0.0985673 0.672448 -0.1117225 0.109861 0.6169135 -0.1002899 0.1142284 0.6318009 -0.08429521 0.1228725 0.6421357 -0.08147656 0.1166874 0.6657403 -0.07023113 0.1188499 0.6811775 -0.1262609 0.1285252 0.6289579 -0.1114542 0.1340996 0.6407076 -0.09730869 0.1387329 0.6526933 -0.08636331 0.1398687 0.6693571 -0.07235205 0.1431261 0.6822758 -0.1399862 0.1467605 0.6469321 -0.124386 0.1510194 0.6574596 -0.1071924 0.1564927 0.66453 -0.09188288 0.1591624 0.6768242 -0.07850539 0.1597551 0.6918067 -0.1488944 0.1654483 0.6613738 -0.131398 0.1707189 0.6681689 -0.1128104 0.1774181 0.6708035 -0.09724664 0.1783747 0.685236 -0.08015131 0.181432 0.6940743 -0.1569655 0.1832621 0.6662656 -0.1405366 0.1899777 0.6744639 -0.1222141 0.197524 0.6775658 -0.1069302 0.2025645 0.6901234 -0.08984667 0.2083864 0.6977052 -0.1629185 0.1956785 0.6625217 -0.1467259 0.2069271 0.6655841 -0.1329587 0.217536 0.673004 -0.1213076 0.2281734 0.6864888 -0.1082706 0.2383551 0.6969056 -0.1656419 0.2118147 0.6458123 -0.1585192 0.2242696 0.659585 -0.1395614 0.2362907 0.6616095 -0.1353443 0.2484825 0.6792927 -0.1280407 0.2601597 0.6937544 -0.1874371 0.2323562 0.6550258 -0.1725266 0.2441789 0.6592383 -0.1542685 0.2548233 0.6582527 -0.1464868 0.2679458 0.6743459 -0.1292893 0.2786809 0.6762009 -0.1616571 0.2752896 0.6516801 0.006529569 0.03822976 0.3531935 0.00306499 0.04121994 0.3818188 -0.003566741 0.02172994 0.3584415 0.001884758 0.02095717 0.3851597 -0.007122278 0.003170073 0.362553 0.002414584 -3.88377e-4 0.3865492 -0.01112473 -0.01629459 0.3579524 -0.01794111 -0.01637887 0.3850335 -0.0266906 -0.03086018 0.3553332 -0.02477526 -0.03478783 0.3806811 0.002407729 0.04205924 0.4085572 0.006721794 0.02019077 0.4101495 0.005216658 -6.02368e-4 0.4110665 -0.005781352 -0.02019065 0.4110109 -0.009985566 -0.04012632 0.4076157 0.004992067 0.04139208 0.4339805 0.004421889 0.0205174 0.436214 0.006638109 -6.95609e-4 0.436342 0.002342104 -0.02194541 0.4353616 -0.008564174 -0.04135113 0.4338116 0.002020597 0.04150134 0.4602671 0.003408372 0.02039772 0.4619098 0.008258283 -7.8772e-4 0.4615144 0.002726554 -0.02209818 0.4613972 -0.00755161 -0.04227125 0.4607779 0.01835846 0.03908753 0.4890167 0.02030384 0.01639831 0.4866808 0.01993137 -0.005212008 0.4840046 0.009333193 -0.02455741 0.4835382 -0.002214789 -0.04283672 0.4823101 0.03539144 0.03217786 0.513018 0.03123623 0.009987652 0.5105626 0.02380925 -0.009767174 0.5085433 0.004591822 -0.02339643 0.5101866 -0.01080524 -0.03856408 0.5093095 0.03918683 0.03067106 0.5342394 0.03477758 0.00873059 0.5338383 0.03307735 -0.01447343 0.5314837 0.01510435 -0.02887916 0.5344743 5.0127e-4 -0.04470038 0.5352886 0.06320238 0.01841354 0.5466214 0.04555696 0.007502853 0.5555229 0.03698325 -0.01232498 0.5574869 0.02204865 -0.02727651 0.562567 0.004525601 -0.03909403 0.5685778 0.06601506 0.02375203 0.5668025 0.06036776 0.00333023 0.5716469 0.05284148 -0.01535242 0.5770773 0.04002118 -0.03107172 0.5856536 0.02679115 -0.04612314 0.5936869 0.07298094 0.02742815 0.5911445 0.07379066 0.004051864 0.5913546 0.06711351 -0.01429283 0.5983921 0.06108701 -0.03439259 0.603808 0.05276429 -0.05270916 0.6106938 0.09721547 0.02339416 0.5970268 0.09395253 0.003087401 0.6037129 0.09149837 -0.01825845 0.6079659 0.08345192 -0.03466922 0.6202319 0.07275062 -0.04789376 0.6357448 0.1147129 0.02633881 0.6082599 0.1134169 0.005665004 0.6159142 0.1129299 -0.01707285 0.6201252 0.1046665 -0.026757 0.6420507 0.1009844 -0.04576855 0.6512871 0.140373 0.02193349 0.6135641 0.1358847 0.00742191 0.628891 0.134566 -0.0151453 0.6333916 0.1299903 -0.03232067 0.6458787 0.123051 -0.04436916 0.6637675 0.166828 0.02253407 0.6313373 0.1632345 -0.002637565 0.6329227 0.1561662 -0.01677083 0.6467908 0.1471755 -0.02762305 0.6657257 0.1394361 -0.04308551 0.6781821 0.1847421 0.01648622 0.6280436 0.1832358 -0.002144217 0.6389411 0.1813715 -0.01905328 0.6512523 0.1791088 -0.03096985 0.6714726 0.1762772 -0.05027043 0.6812933 0.2085332 0.01921939 0.6401308 0.2077445 -0.001932263 0.6454982 0.2058187 -0.02447581 0.6464047 0.2061069 -0.04127669 0.6631398 0.2053093 -0.0593068 0.6756805 0.2333269 0.01530122 0.637553 0.2335106 -0.003558635 0.6475632 0.2299644 -0.02856701 0.6429223 0.2316543 -0.04332792 0.6630809 0.2311594 -0.06117558 0.6752285 0.2582824 0.01115232 0.6328964 0.259278 -0.007957875 0.6427565 0.2564315 -0.02951472 0.6449806 0.2548956 -0.05050241 0.6512917 0.2550365 -0.06930583 0.6618661 0.2868976 0.004202187 0.630557 0.2837702 -0.01618677 0.6355636 0.2786226 -0.03715473 0.6366149 0.2776061 -0.05610871 0.648207 0.2760775 -0.07468795 0.6591636 0.3023493 -0.04376363 0.6317139 0.01560771 -0.03251272 0.27928 0.02738296 -0.02624368 0.3100801 0.005279719 -0.01492124 0.2840647 0.007498919 -0.01474756 0.3133081 -0.009970664 -6.11873e-4 0.2879547 -0.01308566 -0.003028213 0.314597 -0.01408016 0.02107995 0.2843019 -0.01388049 0.0246182 0.3132067 -0.02202856 0.04009586 0.2801275 -0.03236216 0.03698974 0.3077822 0.01591634 -0.03685718 0.339123 0.002007246 -0.01890194 0.3414637 -0.01526856 -0.002105951 0.3413246 -0.0135504 0.02343356 0.3404222 -0.01787894 0.04507976 0.3367417 0.01453244 -0.04021221 0.3621828 -0.006389796 -0.02459573 0.3650335 -0.01091045 -0.002904236 0.3688194 -0.01596546 0.01988548 0.3704428 -0.02548372 0.0402041 0.369448 0.01591283 -0.03984189 0.3868996 0.007171928 -0.01915204 0.3926104 -0.01950037 -0.01121377 0.3940367 -0.02365738 0.01418572 0.3974835 -0.03053933 0.03688073 0.3988909 0.0251286 -0.03105032 0.4190047 0.006091117 -0.01861494 0.4211487 -0.02016061 -0.01439583 0.420747 -0.02803814 0.01130706 0.4222949 -0.04269993 0.02863949 0.4213163 0.01937377 -0.03505665 0.4484876 0.002053022 -0.0201863 0.4497265 -0.01808619 -0.01051193 0.4486294 -0.03492599 0.006125867 0.4479339 -0.05557757 0.01543778 0.4444283 0.01459348 -0.04237508 0.4725239 -0.003071904 -0.02819496 0.4747434 -0.02560287 -0.02211552 0.4728394 -0.03791582 0.001314222 0.4765673 -0.05593848 0.01494395 0.4755512 0.01108521 -0.05195182 0.4959281 -0.01100248 -0.0421229 0.4966999 -0.03031557 -0.03014677 0.4978631 -0.04411059 -0.01156359 0.5014972 -0.05530202 0.008767247 0.5053501 -0.001282393 -0.06697815 0.5192532 -0.01402938 -0.04865992 0.5238754 -0.03607332 -0.03810977 0.5227239 -0.0450077 -0.01583302 0.5280048 -0.0596677 0.001311659 0.529298 -0.006601095 -0.07730996 0.5431885 -0.01938813 -0.05944812 0.5485919 -0.04159188 -0.04677617 0.5473653 -0.04992312 -0.02563351 0.5543348 -0.0567035 -0.004127144 0.5612385 -0.01109886 -0.08505141 0.5630472 -0.02374112 -0.06706887 0.5714469 -0.04833132 -0.06011259 0.5695902 -0.05789607 -0.03829914 0.579537 -0.07584035 -0.02446752 0.5819268 -0.02479672 -0.1025344 0.588519 -0.03640925 -0.08393496 0.5945394 -0.05688065 -0.07003962 0.5928192 -0.06163519 -0.04717659 0.6031918 -0.06953138 -0.02629774 0.6101787 -0.04365998 -0.1186434 0.6022357 -0.05474644 -0.1002191 0.6095377 -0.06859725 -0.08267992 0.6132441 -0.07275545 -0.06165909 0.6263008 -0.07881736 -0.04138499 0.6365292 -0.04326391 -0.127 0.6213529 -0.06155723 -0.1138409 0.6258679 -0.07858645 -0.1002827 0.6309709 -0.09270107 -0.08405274 0.640865 -0.1036465 -0.06655853 0.6539256 -0.05918991 -0.1474932 0.6253807 -0.06879335 -0.1338039 0.6434392 -0.08784461 -0.1203836 0.6478731 -0.1048817 -0.1058828 0.6558337 -0.1174493 -0.09121108 0.6685369 -0.06996053 -0.1675459 0.6375523 -0.0890612 -0.154254 0.6434994 -0.1023235 -0.1416689 0.6570307 -0.1173616 -0.1279348 0.6689432 -0.1262611 -0.1149752 0.6888207 -0.07856059 -0.1842011 0.6403151 -0.09729319 -0.1748229 0.6503462 -0.116201 -0.1649573 0.6590364 -0.1293868 -0.1571005 0.6774909 -0.1429887 -0.1486533 0.6941829 -0.09528702 -0.2062623 0.6356199 -0.1098258 -0.1997612 0.6520307 -0.1309332 -0.1874058 0.6595253 -0.1392911 -0.1849752 0.6838003 -0.1529868 -0.1776705 0.7005995 -0.1143246 -0.2311306 0.6370766 -0.1342959 -0.2171377 0.6460788 -0.1473613 -0.2084337 0.6617821 -0.1526766 -0.2058637 0.6871309 -0.1693869 -0.1931853 0.6990414 -0.1627336 -0.2298749 0.6571091 -0.0431351 0.008514106 0.1974114 -0.04642796 -5.8726e-4 0.2263714 -0.0249961 -0.003465712 0.2035738 -0.02575325 -5.4494e-4 0.2314937 -0.004081785 0.001709759 0.2079324 -0.004379391 0.01125055 0.2336496 0.01559305 -0.00638765 0.2044229 0.01809465 -0.004359066 0.2333169 0.03422093 -0.01759982 0.2013145 0.03906893 -0.001175463 0.2294217 -0.0459302 -0.003384768 0.2616213 -0.02421283 -1.62232e-4 0.262864 -0.002707839 0.0158317 0.2592085 0.02025181 6.33469e-4 0.2591326 0.04135376 0.004397094 0.252989 -0.04493218 0.01371645 0.2874193 -0.02315056 0.009812951 0.2884929 4.9143e-4 0.01954185 0.2855613 0.02215385 0.0107041 0.2833604 0.0414561 -0.006355583 0.2808998 -0.04492962 0.01860821 0.3125867 -0.0203374 0.02490037 0.3117722 0.001062512 0.01993972 0.3124287 0.02167594 0.00813806 0.313079 0.04138541 -0.003918588 0.3123603 -0.04145354 0.02546185 0.3422595 -0.01752185 0.0306105 0.3391287 0.005667686 0.03406554 0.3353596 0.02596259 0.01956474 0.3366658 0.04729855 0.0137459 0.3335573 -0.03671497 0.03720551 0.3674105 -0.01529574 0.03025037 0.3679112 0.008644402 0.03830134 0.3617467 0.02854502 0.02143746 0.3635132 0.04986232 0.01555448 0.3601754 -0.03175413 0.051045 0.3908113 -0.01010793 0.04541951 0.3905234 0.01182168 0.04293215 0.3880419 0.03280103 0.03262501 0.3875141 0.05454653 0.02841532 0.3836365 -0.02597433 0.06625372 0.4141416 -0.006261765 0.05575489 0.4151865 0.01463043 0.04834425 0.4140825 0.03248542 0.03318792 0.4152486 0.054681 0.02738463 0.4115535 -0.02319395 0.07892131 0.4334558 -0.005206346 0.06619811 0.4376183 0.02291798 0.0644837 0.4354773 0.03230553 0.04159104 0.4430139 0.04410314 0.0218392 0.4482384 -0.01800882 0.08884823 0.4612408 0.001734197 0.07807374 0.4630028 0.02702939 0.07460725 0.4586368 0.03902935 0.05331116 0.466454 0.05794584 0.0411607 0.4668084 -0.01631534 0.09774684 0.4812526 0.007195353 0.09278303 0.4815539 0.02833187 0.08524882 0.4832599 0.04485863 0.06994736 0.4902513 0.06439101 0.05917501 0.4929134 -0.0137009 0.1045124 0.51177 0.008360385 0.09922319 0.5114945 0.03226155 0.09909999 0.5056426 0.05137306 0.08564072 0.5114882 0.07153642 0.07577407 0.513288 -0.009257793 0.1277241 0.5220811 0.01194804 0.1204456 0.5261356 0.03631573 0.1170476 0.5247383 0.05319613 0.1036406 0.534523 0.0705254 0.09119427 0.5424593 -0.006637632 0.1451352 0.528459 0.01458251 0.1408022 0.5360849 0.03668338 0.1373625 0.5416628 0.04943865 0.1240508 0.5598347 0.06640839 0.1146933 0.5718016 -0.007947206 0.1636514 0.558376 0.01504248 0.1598117 0.5603194 0.04095387 0.1596429 0.5547267 0.05830633 0.1479828 0.5689215 0.07508069 0.1360576 0.582803 -0.001632392 0.1854159 0.576971 0.0202319 0.1793715 0.5813449 0.04366421 0.1799103 0.5716992 0.0657165 0.1724282 0.5768208 0.08740961 0.1654505 0.5801814 0.008305907 0.2162892 0.589215 0.03125727 0.209889 0.5824744 0.05328851 0.203049 0.5772127 0.0721091 0.1925221 0.5911591 0.09176427 0.1828903 0.5979713 0.02415925 0.2452605 0.5918192 0.04449272 0.2353581 0.589215 0.06424021 0.2254189 0.5843021 0.08455163 0.214142 0.5948201 0.1043447 0.2032045 0.5925304 0.02812004 0.2621178 0.5868149 0.0487858 0.2572844 0.5943492 0.07146662 0.2507184 0.5897712 0.09184902 0.2453936 0.6001313 0.1117914 0.2397691 0.6097291 0.08335769 0.2744306 0.5905576 0.02563774 0.02452993 0.1074749 0.01422905 0.03622519 0.1331768 0.009389221 0.01607394 0.1117867 0.006083965 0.01936346 0.1369964 0.002496778 -0.002999305 0.1150874 0.004820048 -0.003314733 0.1384168 -0.01992964 -0.004655659 0.1117902 -0.01806473 -0.01106476 0.1375076 -0.03367894 -0.01611375 0.1077313 -0.02979528 -0.02537286 0.1339856 0.032117 0.02466839 0.1545607 0.01680701 0.01383125 0.159383 0.006561934 -0.004390478 0.1618145 -0.01318144 -0.0117731 0.1625511 -0.03570312 -0.01385128 0.1618815 0.04248464 0.01527667 0.1735919 0.0245642 0.01051777 0.1802209 0.008402645 1.43782e-4 0.1851534 -0.01249533 -0.001066446 0.188683 -0.03169614 -0.00538212 0.1904441 0.0439729 0.02494996 0.1925955 0.02949291 0.01380228 0.2007469 0.01723575 -0.00254786 0.2073867 -0.005421757 -3.16969e-4 0.2137662 -0.02450948 -0.004910469 0.2183918 0.05096334 0.0291664 0.2130253 0.03553205 0.01961529 0.2218375 0.01967179 0.01078546 0.2294763 -3.5898e-4 0.009398937 0.2357414 -0.01749485 9.74389e-4 0.2412701 0.06187546 0.02638471 0.2334781 0.04653519 0.01387262 0.243267 0.02905648 0.01167243 0.2515205 0.009293258 0.01476508 0.2589156 -0.009842813 0.01545906 0.265348 0.07149142 0.02233809 0.2546867 0.05436259 0.0189467 0.2642048 0.03678202 0.01771068 0.2723645 0.01885426 0.01220691 0.2809327 -7.5897e-4 0.01612067 0.2865603 0.0812124 0.01382809 0.2791827 0.06400823 0.02492856 0.2853743 0.04527872 0.01521164 0.295485 0.02685332 0.0237534 0.3010494 0.008648753 0.032287 0.3057232 0.0881415 0.02995866 0.3009986 0.0701273 0.0252009 0.3096385 0.05183714 0.02598041 0.3160406 0.03234714 0.02864921 0.3215627 0.01316028 0.03074878 0.326431 0.09564089 0.03207188 0.3255846 0.07634669 0.03203994 0.3321226 0.05756217 0.0343762 0.3367219 0.03833574 0.04197818 0.338272 0.01921182 0.04709315 0.3402878 0.1018471 0.03083711 0.3438457 0.08499169 0.04045754 0.3484383 0.06586068 0.04047971 0.3580586 0.05012571 0.0574702 0.3572619 0.0320717 0.064372 0.3617493 0.1104346 0.03970819 0.3556962 0.09350794 0.04103654 0.3682835 0.07780414 0.04962515 0.3760457 0.06134802 0.06003743 0.3828557 0.04430985 0.06551605 0.3916618 0.1179144 0.05453377 0.3598617 0.1057955 0.05438089 0.3770263 0.09329324 0.05604356 0.3924719 0.07904595 0.06292706 0.4053753 0.06331658 0.07896339 0.4124228 0.1248983 0.06836056 0.3631363 0.1182503 0.06834614 0.3826059 0.1130759 0.06351429 0.4034856 0.1020941 0.07253527 0.4191576 0.08966434 0.08481889 0.4327839 0.1367232 0.07242786 0.365913 0.1352309 0.07378071 0.3868198 0.1338675 0.07384264 0.4077384 0.1260891 0.08809238 0.423325 0.1200048 0.09729635 0.4405087 0.1584369 0.07648462 0.3716058 0.154805 0.08415257 0.3899438 0.15134 0.09075748 0.4082494 0.1487956 0.09500616 0.4286105 0.1407365 0.1080047 0.4440169 0.1723956 0.0854119 0.3694908 0.1707845 0.09544044 0.3868801 0.172811 0.100302 0.4082089 0.1673697 0.1140827 0.422673 0.161532 0.1276293 0.4366421 0.1981812 0.0930159 0.3733077 0.1956611 0.1031013 0.390995 0.1893147 0.1165318 0.4040037 0.1848968 0.1277825 0.4206799 0.1752373 0.143835 0.4309359 0.2032575 0.1054902 0.3654962 0.2084358 0.1145452 0.3838713 0.2116117 0.1248215 0.4006208 0.205373 0.1442024 0.4105974 0.2099494 0.152674 0.4294994 0.2276518 0.1380488 0.3897117</float_array>
          <technique_common>
            <accessor source="#AG16_3-mesh-positions-array" count="1310" stride="3">
              <param name="X" type="float"/>
              <param name="Y" type="float"/>
              <param name="Z" type="float"/>
            </accessor>
          </technique_common>
        </source>
        <source id="AG16_3-mesh-normals">
          <float_array id="AG16_3-mesh-normals-array" count="6036">0.7616938 0.6479336 0.002172291 0.3836506 0.9166433 -0.1121481 0.06709313 0.9967559 -0.04445374 -0.0526396 0.9948887 -0.08617103 0.8715353 -0.4448767 -0.206182 0.8504036 -0.5071221 -0.1401458 0.9649395 0.2177113 -0.1466068 0.6607881 0.6893378 -0.2969386 0.3411475 0.9035338 -0.2593168 0.5422759 0.8105039 -0.2214055 -0.04824489 0.9963377 -0.07059568 0.05700927 0.9977936 -0.03402924 0.8280533 -0.5141344 -0.223593 0.8175747 -0.5446142 -0.1869953 0.6664071 0.6912806 -0.2793434 0.9947203 0.08229827 -0.0613076 0.5404925 0.8101131 -0.227123 0.2764524 0.916928 -0.2877797 0.008273959 0.9816209 -0.1906621 0.324405 0.941045 -0.09589439 0.8374388 -0.5363304 -0.1051005 0.8728534 -0.4449485 -0.2003694 0.955653 0.07111555 -0.2857799 0.8558207 0.3317266 -0.3968985 0.2970144 0.9279062 -0.225328 0.8854585 0.4643701 -0.01799464 0.3527953 0.935492 0.01975274 -0.1619796 0.9714744 -0.1732058 0.8562865 -0.4511982 -0.2513837 0.8501796 -0.4793346 -0.2177916 0.8811004 0.3420873 -0.3265554 0.9836739 0.003698825 -0.1799217 0.8809544 0.4629013 -0.09819269 0.490989 0.8457628 -0.2088426 -0.1223564 0.9921098 -0.02733397 -0.1873425 0.9807507 -0.05505388 0.8627671 -0.4742331 -0.175317 0.8738178 -0.4305206 -0.2260408 0.9617289 -0.008588671 -0.2738681 0.8759216 0.2693502 -0.4002646 0.4412874 0.8231827 -0.3572614 0.6821146 0.6537535 -0.3276067 -0.1789995 0.9834858 -0.02673906 -0.04575735 0.9988123 0.01674038 0.8909813 -0.4240182 -0.1623611 0.9126198 -0.2506069 -0.322988 0.8905825 0.2738473 -0.36314 0.6428658 0.6096264 -0.4637665 0.6543354 0.6442305 -0.3959954 0.6292195 0.6653671 -0.4017083 -0.1061643 0.9837388 -0.1448698 -0.1951987 0.96833 -0.1556744 0.8819217 -0.2577267 -0.3947039 0.8883117 -0.3730452 -0.267843 0.6989314 0.6307934 -0.3370379 0.8688292 0.4156621 -0.2689995 0.6662048 0.6791949 -0.3080023 0.2420612 0.8942226 -0.3765267 -0.2035967 0.9631179 -0.1759328 -0.05836254 0.985943 -0.1565574 0.8672853 -0.3822256 -0.3189355 0.8633009 -0.3354387 -0.3770844 0.744052 0.364174 -0.5601464 0.9132234 0.06895869 -0.4015816 0.2235621 0.8824813 -0.4138199 0.7378271 0.5734341 -0.3560683 -0.04251307 0.9916771 -0.1215291 -0.1038645 0.985753 -0.1323004 0.8744032 -0.3309435 -0.3548176 0.8706719 -0.4164597 -0.2617093 0.9335963 0.07961028 -0.3493714 0.8108583 0.3448801 -0.4728285 0.7204868 0.5675687 -0.3984528 0.6373363 0.6450246 -0.4215989 -0.1164021 0.9805784 -0.1578503 -0.07720112 0.9854831 -0.1512057 0.835395 -0.4326473 -0.3390154 0.835232 -0.4413605 -0.3280072 0.7983732 0.3398693 -0.4970806 0.9428403 -0.00526452 -0.3332036 0.5625646 0.6135842 -0.554108 0.7604205 0.4210781 -0.4944228 -0.09266054 0.9797392 -0.1775534 -0.2039372 0.959447 -0.1946054 0.8404865 -0.4386208 -0.3181104 0.8405029 -0.4405145 -0.3154394 0.9055696 -0.02729123 -0.4233192 0.6540553 0.4242399 -0.6262845 0.7483785 0.4149161 -0.5174691 0.6263388 0.5482922 -0.5541439 -0.1860088 0.9692896 -0.1608676 -0.05069589 0.9876275 -0.1483976 0.7937583 -0.4613756 -0.3963335 0.7967689 -0.5133498 -0.3187969 0.7337678 0.465979 -0.4944172 0.9490507 0.04018425 -0.3125509 0.5100288 0.5001428 -0.6998056 0.4882874 0.5193926 -0.7012894 -0.1340644 0.9528661 -0.2721633 0.04466789 0.9578375 -0.2838172 0.7374547 -0.53654 -0.4102261 0.7406456 -0.5576105 -0.374853 0.8069907 -0.02301335 -0.5901157 0.828338 -0.07941746 -0.5545712 0.6154172 0.5669248 -0.547593 0.3884425 0.7245833 -0.5692905 -0.006394207 0.9387802 -0.3444573 -0.04860657 0.9384856 -0.3418805 0.7767916 -0.5392781 -0.3252292 0.7456388 -0.4341114 -0.5055395 0.7424958 -0.1131246 -0.6602295 0.7538421 -0.1364796 -0.642725 0.2749853 0.6587657 -0.7002934 0.8028883 0.1797101 -0.5683968 -0.03431856 0.9454607 -0.3239232 -0.05847251 0.9447398 -0.3225643 0.8019361 -0.4055946 -0.4386248 0.776698 -0.3370563 -0.5321028 0.7614806 -0.1327806 -0.634442 0.6744674 -1.93463e-5 -0.7383046 0.7151851 0.1250023 -0.6876662 0.114379 0.6352829 -0.7637625 -0.1966117 0.8642615 -0.4630293 0.03781437 0.8479821 -0.5286743 0.7351415 -0.360115 -0.5743554 0.7654348 -0.4300898 -0.4786778 0.735106 0.03362143 -0.6771181 0.8453372 -0.2096487 -0.4913782 0.2084257 0.6935961 -0.689553 0.3408839 0.6336785 -0.694442 0.02736902 0.8423849 -0.5381809 -0.1404092 0.852647 -0.5032677 0.7073382 -0.4633679 -0.5338192 0.7506777 -0.5329023 -0.3905103 0.7680076 -0.2634073 -0.5837644 0.6686169 -0.106747 -0.7359053 0.1269158 0.4934573 -0.8604606 -0.05578655 0.90002 -0.4322639 0.7526983 -0.5313893 -0.3886784 0.5092108 -0.1980603 -0.837542 -0.4365186 -0.8545808 -0.2813244 0.07776087 -0.8801039 -0.4683699 0.7497593 -0.6043503 -0.2694842 0.8185993 -0.4944987 -0.2921753 -0.8910887 -0.3585563 -0.2782059 -0.9354785 -0.3085846 -0.1722087 -0.6652179 -0.6814733 -0.3050891 -0.122383 -0.8067401 -0.5780943 0.07312589 -0.9330962 -0.3521141 0.2175662 -0.8995431 -0.3787971 0.8138185 -0.5565829 -0.1670774 0.8484719 -0.4970232 -0.1818329 -0.9305078 -0.2706319 -0.246807 -0.9265755 -0.27452 -0.2570928 -0.1270267 -0.8592162 -0.4955922 -0.06388497 -0.8560537 -0.512924 0.2401364 -0.7861028 -0.5695409 0.01197081 -0.8466323 -0.5320436 0.85219 -0.4769287 -0.2152009 0.7948718 -0.574483 -0.195316 -0.9246262 -0.2642922 -0.2742558 -0.8811952 -0.2991703 -0.3660497 -0.04937869 -0.7777968 -0.6265731 -0.7980314 -0.5633676 -0.2139227 0.002845942 -0.8876896 -0.4604336 0.5057809 -0.6822658 -0.5279196 0.8052203 -0.4958028 -0.3252691 0.6161468 -0.7307054 -0.2939944 -0.8969322 -0.3660542 -0.2480262 -0.9200919 -0.3378918 -0.1981414 -0.7982834 -0.5340839 -0.2783848 -0.6477337 -0.6315069 -0.4261926 0.4994264 -0.7446193 -0.4428492 0.462892 -0.7683449 -0.4420151 0.6268024 -0.6878147 -0.3661007 0.7595278 -0.5376826 -0.3660809 -0.8990622 -0.2170047 -0.3802579 -0.9217225 -0.2031258 -0.3304052 -0.6303359 -0.5407018 -0.5570623 -0.3516554 -0.6010463 -0.717692 0.4756549 -0.7072263 -0.5230521 -0.1231058 -0.8842017 -0.4505912 0.7360919 -0.6354142 -0.2332758 0.7888979 -0.5637306 -0.2446384 -0.9297348 -0.245112 -0.2747969 -0.941828 -0.2330026 -0.2422184 -0.3901926 -0.7852551 -0.480754 -0.398765 -0.7833508 -0.4768105 -0.0865125 -0.7208948 -0.6876237 0.03118038 -0.705742 -0.7077826 0.8029665 -0.4947896 -0.3323073 0.6739597 -0.6599321 -0.3320662 -0.9392476 -0.2127335 -0.269367 -0.8896822 -0.2478601 -0.3834462 -0.3735661 -0.6560286 -0.6558009 -0.2439194 -0.6650416 -0.7058492 0.01536524 -0.7850166 -0.6192842 -0.0856164 -0.7980508 -0.596477 0.6829718 -0.6263353 -0.375837 0.6043931 -0.7040348 -0.3728863 -0.8971818 -0.2855014 -0.3369777 -0.9404119 -0.2434977 -0.2373486 -0.2727622 -0.8037225 -0.5288015 -0.1475502 -0.8063378 -0.5727549 -0.08547741 -0.7972654 -0.5975462 -0.08334726 -0.796993 -0.5982103 0.6190417 -0.6441308 -0.4493139 0.6971254 -0.5557944 -0.4528896 -0.912806 -0.1190398 -0.3906593 -0.9877038 -0.06321269 -0.1429874 -0.1343024 -0.7463091 -0.6519093 -0.7952271 -0.5609292 -0.2301574 -0.0702582 -0.7085438 -0.7021606 0.02824831 -0.6958467 -0.7176346 0.69525 -0.5731924 -0.4336796 0.6904466 -0.5790824 -0.4335287 -0.9818882 -0.02459853 -0.1878576 -0.970465 -0.03328943 -0.2389342 -0.7887566 -0.3511686 -0.5045232 -0.3752206 -0.4686521 -0.7997343 0.02454555 -0.7137154 -0.7000057 0.2980003 -0.6183871 -0.7271817 0.703451 -0.5020179 -0.503125 0.6083746 -0.6093574 -0.5084918 -0.9792056 -0.09609329 -0.1786689 -0.9455116 -0.1147802 -0.3046856 -0.3981607 -0.5667979 -0.7212546 -0.4192771 -0.5648404 -0.7107475 0.2830939 -0.7198122 -0.6338204 0.1332484 -0.7726604 -0.6206777 0.5990571 -0.6502844 -0.467184 0.7471597 -0.4822499 -0.4573702 -0.9489474 -0.140892 -0.2822204 -0.9266387 -0.1477992 -0.3456824 -0.4198864 -0.5693454 -0.7067824 -0.4950969 -0.5593202 -0.6648609 0.1774338 -0.5114467 -0.840797 0.1036813 -0.5379189 -0.8365965 0.7579365 -0.3908561 -0.5222679 0.689724 -0.481059 -0.5411682 -0.9239418 -0.1278892 -0.3605219 -0.9491227 -0.1277176 -0.2878443 -0.4844674 -0.4695633 -0.7381068 -0.6355203 -0.4599588 -0.6201225 0.1121478 -0.4472026 -0.8873741 0.1067757 -0.4493207 -0.8869668 0.6996862 -0.3457626 -0.6252101 0.6281119 -0.4343531 -0.6456104 -0.9504951 -0.1541281 -0.2698213 -0.9785583 -0.1568583 -0.1334888 -0.635977 -0.5064554 -0.5822682 -0.6359125 -0.5064617 -0.5823333 0.1045581 -0.6262034 -0.7726171 0.2166585 -0.5884105 -0.7789943 0.6239721 -0.4975428 -0.6025862 0.7567688 -0.3374903 -0.5598226 -0.9769051 -0.02492028 -0.2122156 -0.9443339 -0.002557337 -0.3289785 -0.62864 -0.2219678 -0.745347 -0.7747207 -0.2214437 -0.5922588 0.2336163 -0.4273695 -0.8733721 -0.123331 -0.5075015 -0.8527788 0.7459819 -0.4266149 -0.5113813 0.7994759 -0.3513053 -0.4872606 -0.9551588 -0.1075711 -0.2758625 -0.8724248 -0.0805419 -0.4820665 -0.7669863 -0.1601148 -0.6213657 -0.4453651 -0.1413898 -0.8841148 -0.1120645 -0.4032053 -0.908222 0.4661551 -0.2609077 -0.8453559 0.8078308 -0.2588484 -0.5295347 0.735934 -0.3359316 -0.587836 -0.8464951 0.03872716 -0.5309863 -0.9360762 -0.006051659 -0.3517454 -0.472588 -0.3036946 -0.827303 -0.5683574 -0.3048251 -0.7642326 0.4488828 -0.3560268 -0.8196032 0.6866418 -0.5036947 -0.524228 -0.9387417 -0.03230923 -0.3431036 -0.5015115 0.03728657 -0.8643471 -0.5985597 0.7983126 -0.06650865 -0.8886375 0.3819582 -0.2538337 -0.9670925 -0.187154 -0.1723536 -0.9184606 -0.3211054 -0.230915 0.3999642 0.9148292 -0.05582451 0.3488584 0.9264862 -0.1411429 -0.4171374 0.8451383 -0.3342722 -0.4446562 0.8241694 -0.3507502 -0.7546346 0.2920134 -0.587584 -0.6273944 0.6070263 -0.4877451 -0.8863289 -0.3389543 -0.3154857 -0.9543831 -0.157606 -0.2536006 0.3418913 0.9322583 -0.1183431 0.335892 0.9330986 -0.1284667 -0.4118127 0.7964634 -0.4427824 0.06781566 0.9970805 -0.0350961 -0.6274763 0.6070802 -0.4875728 -0.5293571 0.7501943 -0.3962192 -0.9079663 -0.1846954 -0.376145 -0.955826 0.02503907 -0.2928649 0.3016313 0.9528845 -0.03208929 0.3722892 0.9255593 0.06885284 0.06696295 0.9972185 -0.03273004 -0.1580018 0.9566479 -0.2446636 -0.5877307 0.7734813 -0.237275 -0.7602773 0.4952915 -0.4203153 -0.9150833 0.002158403 -0.4032591 -0.880698 -0.1372564 -0.4533562 0.4171198 0.9082504 -0.03305149 0.4460579 0.8943784 0.0334596 -0.1572288 0.9563005 -0.2465128 -0.119368 0.9701862 -0.2109265 -0.7861831 0.5041769 -0.357382 -0.7820271 0.514999 -0.3510123 -0.9216649 -0.1215825 -0.3684449 -0.9598124 0.04677259 -0.2767175 0.3827757 0.9104274 0.1568595 0.3485668 0.9322098 0.09739696 -0.16604 0.9798957 -0.1106132 -0.3931841 0.8559265 -0.3358515 -0.6969137 0.4870336 -0.5264121 -0.7431718 0.2955231 -0.6003015 -0.8331431 0.003965258 -0.5530434 -0.846481 0.1646567 -0.5063182 0.402814 0.9151604 -0.01490885 0.4408447 0.8946651 0.07232207 -0.3765769 0.8496811 -0.3690962 -0.09277629 0.9925724 -0.07869368 -0.7593228 0.3018496 -0.5764683 -0.6388004 0.6582289 -0.3983326 -0.8756763 0.1764312 -0.4495143 -0.875852 0.1899845 -0.4436092 0.43356 0.8971029 0.08504325 0.3128536 0.9375932 -0.1517945 0.04543834 0.9438284 -0.3272972 0.1310917 0.9679214 -0.2143435 -0.5261833 0.6160452 -0.5861907 -0.0926873 0.9856403 -0.1411469 -0.8709816 0.1884617 -0.4537326 -0.8526386 0.01864004 -0.5221688 0.3322552 0.9233563 -0.1924047 0.5046662 0.8503191 0.14923 0.06577491 0.9938189 -0.08943027 0.1174306 0.992684 -0.02808266 -0.1003068 0.9868048 -0.127102 -0.6294676 0.5112895 -0.58511 -0.8650754 0.02412319 -0.5010618 -0.8768984 0.246603 -0.412597 0.5147088 0.8470109 0.1328434 0.4604035 0.8874816 0.02012461 0.1758359 0.975988 -0.1285659 0.003570258 0.9483851 -0.3171011 -0.6971703 0.5457621 -0.4648627 -0.6445041 0.6506575 -0.4015712 -0.8669585 0.2412762 -0.4360835 -0.8645466 0.2722437 -0.4224248 0.4638532 0.8858079 0.01359134 0.5255475 0.8403002 0.1330246 -0.08660846 0.9859271 -0.1429924 -0.03138369 0.995577 -0.08855193 -0.5649974 0.611319 -0.5541363 -0.3252706 0.9084846 -0.2624017 -0.8384591 0.2605013 -0.4786707 -0.8348621 0.1729586 -0.5225809 0.5556054 0.8284471 0.07055693 0.6137549 0.7458034 0.2590024 -0.03227323 0.9957194 -0.08661031 -0.09339451 0.9841011 -0.1510716 -0.2783816 0.8954223 -0.3474515 -0.5303938 0.5145312 -0.6737508 -0.7443641 0.1392367 -0.6530967 -0.7492699 0.3441942 -0.5657958 0.6091389 0.7470835 0.2661133 0.5738376 0.8159156 0.07065516 0.03694885 0.9281237 -0.3704338 -0.02862834 0.8921695 -0.4507925 -0.6916617 0.5704259 -0.4429656 -0.7091042 0.4962478 -0.5009086 -0.7680693 0.350821 -0.5357183 -0.7407988 0.1030361 -0.6637777 0.4689387 0.8566924 0.2148829 0.4380497 0.8962265 0.06993281 -0.0794273 0.9188597 -0.3865077 0.2369888 0.9591194 0.1546815 -0.6933223 0.4946705 -0.524028 -0.6948217 0.4826223 -0.5331966 -0.7833893 0.110739 -0.6115865 -0.7021676 -0.08524543 -0.7068904 0.3227316 0.923089 0.2091678 0.3232033 0.9223555 0.2116605 0.2491617 0.9581573 0.1409012 0.1812981 0.9823483 -0.04607468 -0.5538322 0.4753702 -0.6835883 -0.5538457 0.4338486 -0.7106549 -0.6434499 -0.08941155 -0.7602485 -0.6706898 -0.0407052 -0.7406203 0.2520172 0.926047 0.2809351 0.258049 0.9034967 0.3422054 0.0254364 0.9938414 0.1078537 -0.07312434 0.9828107 -0.1695168 -0.4922536 0.4308922 -0.756319 -0.4548547 0.7206945 -0.5231699 -0.6655979 -0.04088175 -0.74519 -0.7318958 0.1055173 -0.6731974 0.2343708 0.9029558 0.3601963 0.1878142 0.9809678 0.04927438 -0.01662451 0.9768571 -0.2132462 0.04463255 0.9989826 -0.006461024 -0.5655818 0.7103582 -0.4189374 -0.5744007 0.6437219 -0.5056542 -0.6693346 0.1059438 -0.7353687 -0.617124 0.005273759 -0.7868484 0.1287758 0.986763 0.09856855 0.1787132 0.9046432 0.386888 -0.09093523 0.990422 0.1038992 -0.1257963 0.9920464 -0.004422962 -0.2284218 0.6390144 -0.7344958 -0.7116037 0.001055896 -0.7025803 0.1805017 0.9048232 0.385635 0.05906224 0.9884403 -0.1396331 -0.04760104 0.9886155 -0.1427367 -0.322256 0.8907055 -0.3206166 -0.5109451 0.8049015 -0.3017761 -0.5880529 0.7272223 -0.354036 0.1450573 0.9040163 -0.4021354 0.5060774 0.8610296 -0.05014044 0.1242075 0.9899427 -0.06772106 0.0320484 0.9896747 -0.1397029 -0.2795126 0.6754254 -0.6824026 0.2478435 0.9091563 -0.3346768 -0.5882579 0.7282453 -0.3515843 -0.4153455 0.8830187 -0.2185546 0.5201418 0.8380722 -0.1645829 0.412707 0.8640568 -0.2882341 0.04041177 0.9347422 -0.3530211 0.03311532 0.9329469 -0.358488 0.243995 0.9303913 -0.2735666 -0.127888 0.8510356 -0.5092967 -0.3977994 0.7868626 -0.4718083 -0.2148519 0.9026873 -0.3728195 0.4155972 0.8381406 -0.3532696 0.5485588 0.8081445 -0.2144429 0.02795958 0.9614954 -0.2733951 0.2294944 0.9663887 -0.1158678 -0.1271753 0.8228815 -0.5537983 0.005175769 0.8698474 -0.4932938 -0.2145629 0.8568592 -0.4687806 -0.1413316 0.8898097 -0.433894 0.5490185 0.7334531 -0.4007808 0.5020369 0.7407488 -0.4463744 0.2334548 0.8444199 -0.4821347 0.1913543 0.8391226 -0.5091728 0.03197878 0.9994844 0.002911806 -0.1593838 0.9824147 -0.09725308 -0.1149516 0.9882243 -0.1009894 -0.5463018 0.7721179 -0.3246359 0.5080106 0.7839933 -0.3567631 0.1464932 0.7649338 -0.6272288 0.1791272 0.7591185 -0.6258215 0.3955892 0.7794778 -0.4857196 -0.1780879 0.9331269 -0.3123443 -0.5537419 0.7428117 -0.3762987 -0.5497456 0.7446683 -0.3784826 -0.7228378 0.5618783 -0.4022418 0.143554 0.7345609 -0.6631838 0.2234551 0.7547724 -0.6167548 0.3843011 0.6942512 -0.6085458 -0.106148 0.5404283 -0.8346676 -0.5443533 0.7703483 -0.3320285 -0.3791975 0.8689907 -0.3179067 -0.6704712 0.7265022 -0.150542 -0.7192867 0.6769382 -0.1561446 0.2402093 0.8205829 -0.5185973 0.07026124 0.7941052 -0.6037056 -0.0573703 0.812977 -0.5794628 -0.2602249 0.7265081 -0.6359788 -0.4836061 0.4617214 -0.7435984 -0.03391224 0.6787217 -0.7336122 -0.7761768 0.5196708 -0.35706 -0.6820241 0.6284797 -0.373974 0.0350877 0.6964421 -0.7167547 0.2847376 0.7410335 -0.6081068 -0.2229365 0.8324357 -0.507297 -0.3749612 0.760462 -0.5301902 0.02180951 0.8116655 -0.5837154 -0.5562717 0.5433639 -0.6287428 -0.7230899 0.487908 -0.4889652 -0.652306 0.5639713 -0.5063926 0.2232279 0.5743113 -0.7876141 -0.04350209 0.482612 -0.8747533 -0.4580745 0.4901063 -0.7415953 -0.02891385 0.6883563 -0.7247962 -0.5579365 0.5352843 -0.6341748 -0.4919031 0.575199 -0.6535882 -0.6560128 0.5497843 -0.5170922 -0.2362021 0.77471 -0.5865433 0.02046215 0.7267794 -0.6865661 0.08779782 0.7385229 -0.6684875 -0.004329025 0.7675315 -0.6409968 -0.121302 0.7354573 -0.6666247 -0.4768435 0.612158 -0.6307796 -0.1574836 0.7330808 -0.6616582 -0.2546186 0.7449957 -0.6165636 -0.4886501 0.6442766 -0.5883271 0.009037077 0.5762392 -0.8172312 -0.2817074 0.4784247 -0.8317155 -0.2388782 0.4725497 -0.8483125 0.08305239 0.5763432 -0.8129765 -0.3719474 0.2301316 -0.8992746 -0.3259379 0.2490977 -0.9119841 -0.6049687 0.2896453 -0.7416998 -0.04743629 0.5149944 -0.85588 -0.2466627 0.558344 -0.7920919 0.1694794 0.6467236 -0.7436568 0.1302298 0.6614789 -0.7385702 0.4387054 0.6547076 -0.615545 -0.3298295 0.236395 -0.9139639 -0.168038 0.3137426 -0.9345206 -0.1361833 0.3073634 -0.9417971 -0.02019828 0.345827 -0.9380809 0.02507913 0.3334255 -0.9424428 0.3849878 0.4078401 -0.8279197 0.3527461 0.4217919 -0.8352615 0.4441102 0.4311667 -0.7854053 -0.09869009 0.5081427 -0.8556001 0.08908504 0.5290842 -0.8438802 0.05159729 0.5450155 -0.8368368 -0.4309992 0.4275563 -0.794629 0.2967584 0.1276109 -0.9463878 0.4875691 0.1574819 -0.8587642 0.3901185 0.2338193 -0.890582 0.1581375 0.2111887 -0.9645683 -0.1024581 0.1353559 -0.9854853 -0.3952968 0.4993137 -0.7709904 0.5184356 0.2350294 -0.8221834 0.1183637 0.1283015 -0.9846465 0.8344153 -0.4127616 -0.3652109 0.7768484 -0.5603097 -0.2873319 0.8558295 -0.4375384 -0.2758913 0.8599781 0.171564 -0.4806282 0.5678849 -0.5085316 -0.6472267 0.3405447 -0.8910555 -0.3000828 0.8170596 -0.4846609 -0.312278 0.8657487 -0.2847443 -0.4115824 0.7111574 -0.4970518 -0.4971868 0.7792448 -0.1812812 -0.5999289 0.8733081 0.163726 -0.4588321 0.908581 -0.165506 -0.383521 0.2965272 -0.8559222 -0.4236377 0.4021912 -0.7022106 -0.5874884 0.8021193 -0.2308269 -0.5507484 0.7269325 -0.5364592 -0.4286966 0.7428112 -0.152018 -0.6520139 0.7358921 -0.2829185 -0.6151586 0.8213634 -0.08091467 -0.564637 0.744728 -0.5323701 -0.4024456 0.4835029 -0.7781504 -0.4008828 0.6010268 -0.5555874 -0.5745342 0.6658563 -0.4751814 -0.5751852 0.5765437 -0.6887686 -0.4395399 0.8792324 -0.4482206 -0.1613965 0.9445442 -0.2097908 -0.2526342 0.7650686 -0.555039 -0.3264993 0.8575935 -0.2575834 -0.4451791 0.6333516 -0.5870396 -0.5042325 0.6428344 -0.5659412 -0.5162117 0.5439751 -0.657707 -0.5210688 0.6674215 -0.3065359 -0.6786636 0.9519271 -0.2271199 -0.2055513 0.9598094 -0.04597193 -0.2768622 0.8918705 -0.3012976 -0.3373231 0.901021 -0.008747756 -0.4336872 0.6370225 -0.5596635 -0.5300747 0.5290877 -0.7588367 -0.3797807 0.8129048 -0.4579991 -0.3597537 0.8518293 -0.3142653 -0.4190754 0.9245757 -0.009704649 -0.3808748 0.8446074 -0.4636053 -0.2677847 0.9826245 -0.1042155 -0.1535847 0.9731046 0.1055605 -0.2047547 0.5111422 -0.7426924 -0.4325989 0.61794 -0.539608 -0.571816 0.8112511 -0.2784197 -0.514154 0.8214844 -0.1325513 -0.5546112 0.8533745 -0.5067808 -0.1221696 0.9707317 -0.1596269 -0.179442 0.9959729 0.04760718 -0.07597172 0.9970203 0.02585202 -0.07267922 0.681166 -0.632887 -0.3680584 0.8116424 -0.3370662 -0.4770985 0.8858615 -0.2030544 -0.4171549 0.6710373 -0.7058461 -0.2269147 0.9193338 -0.03840166 -0.3916004 0.9215528 0.04256737 -0.3859126 0.9406538 0.1525628 -0.3031421 0.8630544 -0.4032422 -0.3041923 0.8446511 -0.4293541 -0.319718 0.7538393 -0.5927273 -0.2835502 0.6692873 -0.6664739 -0.3284314 0.6438136 -0.697719 -0.3141534 0.918356 0.04840385 -0.3927842 0.7223644 -0.5157696 -0.4606208 0.8602742 -0.3713522 -0.349322 0.9484931 0.1461038 -0.2810955 0.6766397 -0.2655409 -0.6867654 0.4071516 -0.679273 -0.6105865 0.6349954 -0.5659474 -0.5258178 0.6772514 -0.5013521 -0.5384948 0.7134993 -0.6183376 -0.3295112 0.7899278 -0.507687 -0.3439012 0.9928752 -0.1149963 -0.03122311 0.9987882 0.03980547 -0.02894461 0.4101234 -0.7360964 -0.5384803 0.7583808 -0.1704993 -0.6291173 0.6365226 -0.2966122 -0.7119412 0.6505571 -0.2663131 -0.7112334 0.7882363 -0.540667 -0.2938756 0.9757485 0.02858322 -0.2170205 0.9852471 0.1230889 -0.1189008 0.9847996 -0.08701252 -0.1503285 0.8275551 -0.3895941 -0.4041894 0.8857471 -0.2318465 -0.4021187 0.708211 -0.427608 -0.5617728 0.8251215 0.3388977 -0.452021 0.9617009 -0.260165 0.08628851 0.9205365 0.3625554 0.1454862 0.9801846 -0.0457552 -0.1927297 0.9628676 0.2142707 -0.164238 0.8726226 -0.1797724 -0.4541055 0.8471207 0.3648523 -0.3863539 0.845901 0.3151094 -0.4302994 0.8746294 0.1099448 -0.4721606 0.9331828 0.2153663 0.2877281 0.9473987 0.140631 0.2875046 0.9878659 -0.05770313 0.1441923 0.7283996 0.6675579 0.154274 0.9525012 0.2173634 -0.2132949 0.9724417 -0.09710884 -0.2119598 0.9700621 -0.1065083 -0.2182556 0.935515 0.2958837 -0.1930404 0.9152442 0.3995229 -0.05205535 0.9497219 0.3036574 -0.07629233 0.7567839 0.6024624 0.2536084 0.710902 0.6537824 0.2592042 0.9164782 0.03696513 -0.3983737 0.9167664 0.02443724 -0.3986756 0.9437286 0.2820629 -0.1726761 0.9381423 -0.3015562 -0.170156 0.9267849 0.3545309 -0.1240063 0.7772949 0.3777409 0.5031148 0.9599866 -0.2289372 -0.1612875 0.9383977 -0.2994248 -0.1724957 -0.9850543 -0.0766468 -0.1542515 -0.8478355 -0.362169 -0.3873097 -0.5734758 -0.7411234 -0.3490868 -0.4384548 -0.7982185 -0.4130433 -0.8812941 0.2480518 -0.4022327 -0.896587 0.3204213 -0.3057155 -0.9195376 -0.07243549 -0.386269 -0.7625317 -0.2935798 -0.5765037 -0.6028249 -0.2515225 -0.7571912 -0.7779246 -0.1017404 -0.6200663 -0.3369518 -0.7329522 -0.5909691 -0.7175033 -0.5726279 -0.3965938 -0.9192844 0.3067854 -0.2465748 -0.8661022 0.1264325 -0.4836133 -0.7594349 -0.2922075 -0.5812689 -0.9760786 0.1197187 -0.1814885 -0.955091 -0.2280188 -0.1892314 -0.8157061 -0.4588978 -0.3521879 -0.7361924 -0.5845524 -0.3410561 -0.4705919 -0.7413926 -0.4784145 -0.8662858 0.1263388 -0.483309 -0.9062191 0.2437326 -0.3454871 -0.9159981 0.1755818 -0.3607196 -0.8491883 0.009423315 -0.5280062 -0.5088961 -0.314545 -0.8013029 -0.7396738 -0.09702229 -0.665935 -0.3938113 -0.6972674 -0.5989416 -0.6317356 -0.5802097 -0.514069 -0.8552358 0.2672792 -0.4439973 -0.8638281 0.2940523 -0.4090652 -0.8686223 0.001466274 -0.4954728 -0.7643691 -0.1494746 -0.627214 -0.8811947 -0.1576485 -0.4456937 -0.8050094 -0.2435265 -0.5409757 -0.6055082 -0.5697029 -0.5556964 -0.5791131 -0.5834233 -0.5694254 -0.861438 0.2952773 -0.4132022 -0.8606097 0.2930588 -0.4164944 -0.8083887 -0.1677296 -0.564247 -0.9575465 0.1369419 -0.2536762 -0.6050864 -0.1303925 -0.7854096 -0.7977265 0.1107218 -0.5927674 -0.5346395 -0.5574818 -0.635118 -0.7600975 -0.3986616 -0.5131478 -0.883137 0.2768459 -0.3787156 -0.848343 0.1906968 -0.4939119 -0.8466762 0.2322984 -0.4787242 -0.76503 0.09900659 -0.6363387 -0.8613333 0.07817947 -0.501989 -0.5700083 -0.1927623 -0.7987072 -0.5197753 -0.2977597 -0.8007327 -0.6296651 -0.2216721 -0.7445693 -0.751659 0.2362896 -0.6157727 -0.7797051 0.2760028 -0.5620343 -0.7636171 0.09960573 -0.6379402 -0.6176172 -0.06791454 -0.7835411 -0.2875382 -0.04377812 -0.9567682 -0.674769 0.1585481 -0.7207977 -0.521548 -0.1615337 -0.8377915 -0.5296379 -0.1574455 -0.8334835 -0.6970045 0.322219 -0.6405933 -0.8525794 0.5038412 -0.1387538 -0.788802 -0.1706212 -0.5904913 -0.8559728 -0.1098746 -0.5052112 -0.5721562 0.2228466 -0.7892888 -0.7555571 0.3365221 -0.5620376 -0.5351197 -0.161574 -0.8291808 -0.781081 -0.0397107 -0.6231659 -0.8190003 0.5436171 -0.183628 -0.7828398 0.5087242 -0.3582757 -0.6921008 0.04147702 -0.7206082 -0.9324659 0.3522388 0.08021956 -0.6550897 0.4063094 -0.637001 -0.5371236 0.3538464 -0.7656965 -0.4779925 0.1866143 -0.8583113 -0.5128409 0.2037819 -0.8339468 -0.5981629 0.6295894 -0.4958007 -0.7059799 0.6848207 -0.1805908 -0.7125987 0.6701818 -0.207508 -0.7321261 0.6779502 -0.06614416 -0.6301675 0.2860759 -0.7218377 -0.7231813 0.324122 -0.6098802 -0.6327168 0.1071486 -0.7669347 -0.4464865 0.04517394 -0.8936495 -0.632277 0.7414978 -0.2245149 -0.6588932 0.7388691 -0.1411823 -0.6531896 0.748019 -0.1175197 -0.6111841 0.7454802 -0.2659198 -0.5355277 0.4766366 -0.6971569 -0.5229501 0.469785 -0.7112139 -0.3865543 0.09111368 -0.917755 -0.4577059 0.1202502 -0.8809344 -0.5977733 0.7841781 -0.1665291 -0.6483247 0.7612454 -0.01343804 -0.7040908 0.6731247 -0.2261841 -0.5387863 0.6169915 -0.5736122 -0.5914709 0.4226226 -0.6866967 -0.4590229 0.321411 -0.8282468 -0.4094539 0.1527574 -0.8994513 -0.5313242 0.2292129 -0.8155711 -0.5207732 0.8519546 -0.05448728 -0.257595 0.8037218 -0.5363544 -0.2561913 0.7430817 -0.6182197 -0.1181282 0.6372994 -0.7615085 -0.6984074 0.1734073 -0.6943753 -0.660975 0.131023 -0.738881 -0.6640174 0.146105 -0.7333037 -0.4597922 -0.03869259 -0.8871832 -0.5309506 0.6976256 -0.4810511 -0.3394899 0.5443649 -0.7670812 -0.3378195 0.5731664 -0.7465643 -0.3605247 0.5933019 -0.7197325 -0.204947 0.3082667 -0.9289609 -0.338288 0.004291653 -0.9410329 -0.3955615 0.526375 -0.7526357 -0.4410373 0.5656856 -0.6967682 0.4413993 0.868762 -0.2245423 0.05680394 0.8953743 -0.4416766 0.07272893 0.8931789 -0.4437816 -0.1248707 0.8443446 -0.5210466 0.308501 0.7592063 -0.5730907 0.7950072 0.5888445 -0.145691 0.6690132 0.7267699 -0.1556503 0.378259 0.8394916 -0.3900951 0.07316225 0.937495 -0.3402211 -0.1367035 0.889092 -0.4368381 -0.1126052 0.8901407 -0.441554 -0.02476334 0.9147909 -0.403168 0.7812594 0.5224311 -0.3416132 0.5302992 0.6020357 -0.5969389 0.3255566 0.7090883 -0.6254652 0.2086877 0.7042644 -0.6785729 -0.1249694 0.920747 -0.3696047 0.06272691 0.9581766 -0.2792186 -0.003279447 0.9621126 -0.272633 -0.1567093 0.9256694 -0.3443523 0.5750116 0.7327067 -0.364009 0.3446218 0.769326 -0.5379343 0.2411813 0.8065539 -0.5397245 0.5066939 0.780541 -0.3660835 0.06311374 0.9589679 -0.2764009 -0.01680552 0.9486306 -0.3159391 -0.1487905 0.9431865 -0.2970868 -0.2504503 0.9059442 -0.3413791 0.3682889 0.8409341 -0.3964759 0.4130986 0.8344104 -0.3648409 0.5075009 0.7835349 -0.3584912 0.4834501 0.7898131 -0.3774538 -0.07228058 0.7392453 -0.6695461 -0.1452527 0.7153248 -0.6835292 -0.2891363 0.7157996 -0.6356346 -0.1363704 0.7802683 -0.6103972 0.3537424 0.6491304 -0.6734213 0.5394275 0.6368548 -0.5508485 0.453021 0.6901822 -0.5642877 0.5078011 0.6844837 -0.5230871 -0.1471002 0.7094196 -0.6892644 0.08473241 0.7646571 -0.6388428 -0.1284282 0.8010498 -0.5846584 0.1837819 0.8513243 -0.4913973 0.5501509 0.6619283 -0.5091022 0.835714 0.5058511 -0.2137678 0.5468115 0.7977533 -0.2541394 0.6991473 0.7061337 -0.1121089 0.1440067 0.8680046 -0.4752158 0.1723604 0.8709248 -0.4601978 0.1932508 0.8658357 -0.4615005 -0.05315417 0.8229721 -0.5655896 0.7855944 0.3637486 -0.5005281 0.7650781 0.3724506 -0.5252963 0.627525 0.5141021 -0.584732 0.6187466 0.5167077 -0.591748 -0.005382657 0.3534705 -0.9354303 0.7677005 0.38733 -0.5105014 -0.07960528 0.7449316 -0.6623746 0.2896752 0.8293668 -0.4777436 0.8064244 0.4855101 -0.337579 0.7785589 0.500657 -0.3784028 0.6577271 0.6130805 -0.4376383 0.8135475 0.5286566 -0.2422039 0.7857056 0.561874 -0.2587752 0.2512785 0.5501494 -0.7963635 0.2034549 0.5654592 -0.7992886 0.2526483 0.5777263 -0.7761452 0.7333721 0.3208071 -0.5993732 0.7170848 0.3222238 -0.6180303 0.7694987 0.2736661 -0.5770431 0.6523101 0.2924332 -0.699267 0.2854103 0.7883638 -0.5449987 -0.05788773 0.6792107 -0.7316569 0.2619209 0.6331028 -0.7284081 0.2467289 0.6290761 -0.7371487 0.7322335 0.4050482 -0.5475126 0.4329636 0.3696365 -0.8221384 0.6428339 0.2608079 -0.7202388 0.4321857 0.2363485 -0.8702614 -0.1205942 0.1332291 -0.983721 0.2241837 0.3014611 -0.9267485 0.1985651 0.3065716 -0.9309059 0.02824509 0.2323863 -0.9722133 0.3808594 0.1454855 -0.9131157 0.6843944 0.2500083 -0.6849089 0.4548475 0.3387517 -0.8236268 0.7511044 0.4076675 -0.5192777 0.2224919 0.2891686 -0.9310633 0.243306 0.3012012 -0.9219979 0.03959798 0.3192238 -0.9468518 0.02526825 0.3104817 -0.9502435 0.6764689 0.1782062 -0.7145855 0.8785284 0.2953692 -0.3754264 0.7537519 0.3801482 -0.5360462 0.4558439 0.2660758 -0.8493587 0.2215139 0.06036865 -0.9732868 0.6017709 0.226297 -0.7659383 0.02776479 0.3378401 -0.940794 0.06306427 0.3580613 -0.9315659 0.8951745 0.09857231 -0.4346795 0.6172395 -0.0860452 -0.7820562 0.4255657 -0.02926349 -0.9044543 0.7897814 0.1579965 -0.5926908 0.6023371 0.2418308 -0.7607286 0.02098232 0.07848161 -0.9966948 0.02797704 0.07579022 -0.9967312 0.5445613 0.2263073 -0.8076126 0.6554948 0.1705949 -0.7356793 0.8810233 0.2557341 -0.3979927 0.7767202 0.3539105 -0.5210117 0.677918 0.3205689 -0.661561 0.07410472 0.2789597 -0.9574393 0.4382777 -0.1440382 -0.8872237 0.8030021 -0.2293279 -0.5500877 0.4513026 -0.3978227 -0.7987887 0.5284723 -0.8197172 -0.2208639 0.7815486 -0.4858308 -0.3913445 0.7258511 -0.5505864 -0.4123045 0.813066 -0.3330743 -0.4774783 0.07843035 -0.8254165 -0.5590496 -0.04901146 -0.9059727 -0.4204893 0.3403531 -0.8258925 -0.4495124 0.6248304 -0.4499986 -0.6380347 0.6708369 -0.2793992 -0.68696 0.5460489 -0.5623707 -0.6209427 0.7960587 -0.3008879 -0.5251258 0.7269964 -0.4920187 -0.4789509 -0.076734 -0.8542454 -0.5141759 -0.1230238 -0.880695 -0.4574294 0.6702907 -0.5388893 -0.5102046 0.236702 -0.9546886 -0.1803936 0.5541845 -0.5806708 -0.5964067 0.6505624 -0.3417586 -0.6782106 0.6528234 -0.3394206 -0.6772115 0.3771842 -0.8031364 -0.4611988 -0.1002914 -0.9199169 -0.3790709 0.06288683 -0.822408 -0.5654117 0.1516501 -0.7975679 -0.5838559 0.2832704 -0.6669814 -0.6891254 0.7376562 -0.4954594 -0.4586758 0.473311 -0.8499913 -0.2312827 0.4262378 -0.8744667 -0.2315801 0.8202789 -0.05948358 -0.5688622 0.005323708 -0.7175159 -0.6965218 -0.02991944 -0.7551273 -0.6548951 0.2741975 -0.6510127 -0.7078124 0.1781724 -0.7588476 -0.6264224 0.4588618 -0.8328862 -0.3094296 0.7605976 -0.4463649 -0.4714337 0.914596 -0.2015991 -0.3505309 0.9254806 -0.06073337 -0.3738947 0.01986861 -0.8378725 -0.5455042 0.101337 -0.758906 -0.6432672 0.1663592 -0.7400763 -0.6516225 0.3803654 -0.4326841 -0.8173779 0.7100731 -0.3483641 -0.611914 0.662656 -0.4509665 -0.5979267 0.9280522 -0.06585097 -0.3665826 0.8810111 -0.3244332 -0.3443291 0.147773 -0.8453552 -0.5133594 0.4267743 -0.5168226 -0.7421308 0.4283908 -0.5158128 -0.741902 0.6018631 -0.1077115 -0.7913023 0.5957774 -0.3233654 -0.7351763 0.5985764 -0.3153401 -0.7363878 0.7760934 -0.0873512 -0.624539 0.788176 0.08023029 -0.6101981 0.3688915 -0.4095765 -0.8343657 0.2197175 -0.6818141 -0.697749 0.7236139 -0.296639 -0.623208 0.6346605 -0.5046783 -0.5852401 0.5629701 -0.2614375 -0.7840377 0.6043207 -0.03584331 -0.7959346 0.7238635 0.1554111 -0.6722121 0.6954305 -0.1838194 -0.6946847 0.1745489 -0.611277 -0.7719282 0.2124327 -0.5367147 -0.8165842 0.5054143 -0.2897453 -0.8127756 0.3075505 -0.698571 -0.6460738 0.5819728 -0.00970751 -0.8131503 0.3950079 -0.5228595 -0.7553719 0.7181633 -0.2192302 -0.660439 0.7401693 -0.1119226 -0.6630405 0.2213804 -0.5497331 -0.8054714 0.0973795 -0.7363811 -0.6695224 0.2795792 -0.6615123 -0.6958715 0.374683 -0.5008744 -0.7802164 0.2986555 -0.3656694 -0.8815275 0.2798592 -0.4072097 -0.8694016 0.6792419 -0.01794409 -0.733695 0.6614654 -0.1291075 -0.7387793 0.003565371 -0.5938454 -0.8045713 -0.02818208 -0.6456503 -0.7631131 0.3394363 -0.44309 -0.8297315 0.1186224 -0.773139 -0.6230448 0.3354215 -0.494047 -0.8021285 0.3390256 -0.4866451 -0.8051324 0.6919774 -0.1867377 -0.6973496 0.7226961 0.1227583 -0.680177 -0.07086831 -0.5859004 -0.8072785 -0.04600787 -0.5331737 -0.8447539 -0.06190019 -0.5404903 -0.8390701 0.1974534 -0.005860805 -0.9802948 0.1215466 -0.2037774 -0.9714428 0.1030868 -0.239809 -0.9653315 0.647494 0.2114833 -0.7321382 0.587921 -0.09860193 -0.8028864 -0.0745815 -0.4942691 -0.8661037 -0.169093 -0.6795157 -0.7139089 0.4632756 -0.3375569 -0.8194091 0.1850656 -0.8089931 -0.5579256 -0.06694996 0.06437689 -0.9956774 -0.1152219 -0.02502185 -0.9930247 0.3682356 0.2478371 -0.8960912 0.2208697 -0.1081064 -0.9692934 -0.3476799 -0.3951631 -0.8502734 -0.3886609 -0.4894203 -0.7806476 -0.1275532 -0.3694044 -0.920473 -0.1996424 -0.4980534 -0.8438516 0.1763442 -0.5258243 -0.8321127 0.3299149 -0.05423879 -0.9424512 0.2349579 -0.1347689 -0.9626173 0.2959004 0.07490497 -0.9522774 -0.4065924 -0.4631745 -0.7874973 -0.2731426 -0.03390067 -0.9613761 -0.4121531 -0.1347846 -0.9010899 -0.3618773 -0.02327531 -0.9319352 0.08153468 0.2586798 -0.9625159 0.1436243 0.2627464 -0.9541155 -0.2492195 -0.06553405 -0.9662272 -0.267557 -0.1508022 -0.951668 -0.8521153 0.4355516 -0.2901628 -0.8185476 0.03060209 -0.5736232 -0.804059 -0.2423584 -0.5429104 -0.6568596 -0.4396898 -0.6125426 -0.6240908 0.4595055 -0.6319536 -0.6283023 0.6394282 -0.4431341 -0.7174667 0.4947872 -0.4903337 -0.6219794 0.00612086 -0.7830097 -0.8770781 0.03242796 -0.4792523 -0.8474246 -0.07654011 -0.5253696 -0.7809768 -0.4380648 -0.445168 -0.6838378 -0.5509099 -0.4783975 -0.5648198 0.634855 -0.5271979 -0.5646068 0.6179954 -0.547084 -0.772498 0.0103712 -0.6349325 -0.7504916 -0.04602903 -0.6592752 -0.5849641 -0.1133274 -0.8031027 -0.6854364 0.1318178 -0.7161013 -0.6104505 -0.5604241 -0.5597097 -0.7627283 -0.3868982 -0.5182232 -0.5770601 0.6196084 -0.5320594 -0.5670671 0.4639819 -0.6805555 -0.6817927 -0.05559831 -0.7294296 -0.737633 0.6308999 -0.2405472 -0.7413379 0.1420617 -0.6559242 -0.5681875 -0.2202757 -0.7928693 -0.5495994 -0.4059328 -0.7301775 -0.8198277 0.09289467 -0.565025 -0.7055387 0.4905024 -0.5114905 -0.6974819 0.5791404 -0.4220374 -0.656494 0.6401543 -0.3990216 -0.6725586 0.5201947 -0.5263673 -0.7210445 -0.2081335 -0.6608898 -0.730687 -0.1895872 -0.6558606 -0.719596 0.08116471 -0.6896332 -0.5690025 -0.2570075 -0.7811424 -0.3867673 0.5426394 -0.7456229 -0.3977872 0.6139209 -0.6818112 -0.4639403 0.4929803 -0.7360231 -0.41029 0.2358198 -0.8809378 -0.6261845 -0.2087535 -0.751209 -0.7816166 0.2599434 -0.5670141 -0.816218 -0.2069051 -0.5394242 -0.7241601 -0.3641204 -0.5856693 -0.527316 0.63498 -0.5645691 -0.5257893 0.6846287 -0.5048061 -0.7317597 0.2944755 -0.6146641 -0.7317696 0.294543 -0.61462 -0.5095432 0.2116937 -0.8339974 -0.4927043 0.157206 -0.855879 -0.5316121 -0.3973668 -0.7479895 -0.739162 -0.02884489 -0.6729098 -0.4858297 0.6815958 -0.5471716 -0.4696704 0.5069913 -0.7227514 -0.5598253 0.2648932 -0.7851289 -0.5418305 0.19727 -0.8170094 -0.4754232 0.1539092 -0.8661898 -0.5416173 0.3884686 -0.7454817 -0.6233168 -0.05061972 -0.7803294 -0.7077535 0.1845714 -0.6819226 -0.5892741 0.5251185 -0.6140088 -0.5804929 0.7087517 -0.4008729 -0.7952939 0.2385203 -0.5573292 -0.8051763 0.3121184 -0.5042554 -0.4205488 0.3620516 -0.8318999 -0.4848319 0.5457594 -0.683436 -0.5721691 0.1605913 -0.8042593 -0.4908725 -1.8046e-4 -0.8712314 -0.2488666 0.6598708 -0.7089684 -0.2620213 0.9412428 -0.2130893 -0.6701209 0.2960574 -0.6806526 -0.6217582 0.778869 -0.08234071 -0.4688751 0.5443097 -0.6956171 -0.4537014 0.4177343 -0.7871805 -0.573111 0.005351185 -0.8194603 -0.5744296 0.007997691 -0.8185149 -0.09167826 0.9318 -0.3512034 -0.08221817 0.8782936 -0.4709995 -0.138518 0.8307308 -0.5391653 -0.1150359 0.474088 -0.8729304 -0.4949915 0.4246203 -0.7580772 -0.3866806 0.1777519 -0.9049212 -0.4205746 -0.02224647 -0.9069852 -0.5442879 0.2186856 -0.8098935 -0.2296754 0.8975585 -0.3763483 -0.1892043 0.7654216 -0.6150865 -0.3081567 0.528755 -0.7908588 -0.3067218 0.5224376 -0.7956009 -0.671932 0.1969339 -0.7139499 -0.6601087 0.1576651 -0.7344374 -0.6493713 0.2232401 -0.7269669 -0.4491988 -0.203368 -0.8699783 -0.2098494 0.7676964 -0.6054796 -0.1583088 0.6307237 -0.7596881 -0.2131376 0.509983 -0.8333606 -0.181303 0.4019043 -0.8975535 0.08233249 0.05815637 -0.9949067 -0.07394224 0.3271363 -0.9420799 -0.1087741 -0.2429714 -0.9639155 -0.2902942 0.02448141 -0.9566242 -0.1779496 0.6334652 -0.7530311 -0.2576692 0.7724503 -0.5804543 -0.349803 0.4231873 -0.8357933 -0.4463866 0.6541668 -0.6105774 0.06446057 0.30853 -0.949028 -0.01915121 0.401138 -0.9158174 -0.01369333 0.004755258 -0.9998949 -0.1990867 0.2255079 -0.9536828 -0.1725883 0.7749083 -0.6080548 -0.2962589 0.8788556 -0.3739566 -0.3557194 0.667077 -0.6545777 -0.3646133 0.6806529 -0.6354281 -0.02257192 0.4009898 -0.9158043 -0.1592256 0.2296274 -0.9601659 -0.05352962 0.9122102 -0.4062109 0.1613956 0.7143071 -0.6809676 0.8218635 0.5604065 -0.1023967 0.452421 0.8299039 -0.3264581 0.3013291 0.9085823 -0.2892732 0.02313828 0.9246371 -0.3801462 0.9043666 0.04102063 -0.4247804 0.8226706 0.1302818 -0.5533894 0.6414031 0.4861552 -0.5935109 0.5286163 0.5480887 -0.6482002 0.1440356 0.5286956 -0.8365015 0.5384742 0.4355388 -0.7213541 -0.07955551 0.8116159 -0.5787493 0.3139203 0.8149906 -0.4870774 0.8614031 0.1603333 -0.4819524 0.838858 0.1812512 -0.5132887 0.561722 0.5763977 -0.5934932 0.96912 0.1983309 -0.1465314 0.4665749 0.3712743 -0.8027848 0.736161 0.2587507 -0.625392 0.2245395 0.7232576 -0.6530547 0.6290246 0.6290788 -0.4567143 0.8938047 0.2370539 -0.380682 0.9760408 0.1050527 -0.1905479 0.9612067 0.1746099 -0.2135252 0.9068434 0.2593165 -0.3322501 0.858571 0.4208951 -0.2927508 0.6237577 0.5618492 -0.5433707 0.5949974 0.5885058 -0.547393 0.3225259 0.6459658 -0.6918853 0.8659952 -0.05608063 -0.4968978 0.9225441 -0.1139123 -0.3686955 0.8446558 0.1719784 -0.506932 0.8413131 0.1749168 -0.5114651 0.6203145 0.5565467 -0.5526896 0.6836891 0.5325368 -0.4989728 0.3918189 0.7472771 -0.5367076 0.6840296 0.6589498 -0.3128719 0.9932503 0.05180734 -0.1037786 0.9680765 0.1131792 -0.2236483 0.9056674 0.2961367 -0.30343 0.8039045 0.3794562 -0.4579852 0.5549294 0.3462436 -0.7564184 0.4694026 0.3689328 -0.8022156 0.4870242 0.3506309 -0.7999159 0.7463592 0.2483465 -0.6174722 0.8804339 -0.03923541 -0.4725431 0.9499289 -0.1133931 -0.2911651 0.7740198 0.3299272 -0.5404086 0.9689273 0.1472228 -0.1987596 0.5057927 0.416676 -0.7553508 0.8156065 0.2941088 -0.4982831 0.7964054 0.3242655 -0.5104805 0.8246169 0.3063377 -0.4755675 0.9579572 -0.09765428 -0.2697811 0.7915614 0.04887062 -0.6091324 0.8416953 -0.08960336 -0.5324662 0.9098963 -0.1490454 -0.3871362 0.587856 0.02087289 -0.8086963 0.9306916 -0.2735661 -0.2428471 0.7864494 0.243537 -0.5676152 0.5632525 0.3416057 -0.7523644 0.7526388 0.007200896 -0.6583945 0.9630739 -0.2614547 -0.06426638 0.977159 -0.0305019 -0.2103096 0.9923495 -0.1233831 0.004386544 0.9856693 -0.1497631 -0.07763493 0.7246052 0.223975 -0.6517534 0.6166081 0.4033523 -0.6760928 0.8882376 0.2290298 -0.3982204 0.941068 -0.3124474 -0.1294898 0.9020438 -0.202144 -0.3813853 0.8879413 -0.3514823 -0.2966826 0.7888724 -0.2078843 -0.578329 0.711117 0.2105525 -0.6708056 0.8764669 0.07684338 -0.4752904 0.8440414 0.1680929 -0.5092535 0.9140204 0.09302604 -0.3948582 0.9459799 -0.1459161 -0.2895353 0.9565072 -0.2904831 0.02671402 0.9873719 0.05006074 -0.1503021 0.9943848 -0.06652349 0.08230108 0.6969934 -0.06892651 -0.7137573 0.9343652 -0.2712409 -0.2310631 0.8869615 0.06060683 -0.4578496 0.8188431 0.1097939 -0.5634194 0.8736317 -0.4286687 -0.2302409 0.8163187 -0.5373623 0.2118148 0.9805262 -0.1676002 -0.1023647 0.9808303 -0.1805129 -0.07339751 0.9579272 -0.2282752 -0.1739707 0.7261679 -0.08035635 -0.6828052 0.70122 -0.01782798 -0.712722 0.9026116 -0.1307065 -0.410132 0.7768936 -0.6185202 0.1177679 0.7691249 -0.5649672 -0.2987625 0.7881066 -0.4427104 -0.4276629 0.7481238 -0.3911526 -0.5360136 0.9139266 0.3823354 -0.1362274 0.7542741 0.4102376 -0.5126165 0.97882 0.08516776 -0.1861663 0.6782667 0.1491312 -0.7195236 0.9117633 -0.3886736 -0.1327421 0.8112131 -0.3579531 -0.4623883 0.8056187 -0.3361259 -0.4878503 0.9079428 -0.3976383 -0.1323774 0.758881 0.5270131 -0.3825662 0.5901335 0.4902068 -0.6414358 0.7518554 0.3988022 -0.5250433 0.3125939 0.2929813 -0.9035747 0.9292847 -0.1466846 -0.3389893 0.8910751 -0.1553927 -0.426425 0.9388408 -0.3320258 -0.09130674 0.8355646 -0.3514907 -0.4222395 0.499933 0.03424531 -0.8653869 0.3106237 0.2851459 -0.9067552 0.9364748 0.04160839 -0.3482583 0.9615137 0.06587505 -0.2667433 -0.0443114 0.9787474 0.2002251 -0.3784827 0.9206008 -0.09615141 -0.7980892 0.5945757 -0.09763908 -0.8468807 0.4972 -0.1886402 0.1817684 0.9552078 -0.2335343 0.2638853 0.9519959 -0.1551398 -0.1134639 0.9830194 -0.144218 -0.4992157 0.7752961 -0.3869107 -0.175459 0.7079972 -0.6840717 0.009291529 0.8881037 -0.4595491 -0.7587556 0.430445 -0.4888836 -0.5324693 0.8432728 -0.07326239 0.2693997 0.9629602 -0.01146864 -0.0176298 0.9499871 -0.3117911 -0.4980535 0.7903559 -0.3567637 0.1837891 0.9740399 0.1321662 -0.2079705 0.9520627 0.2243323 -0.4921702 0.8703643 0.0153135 -0.5424149 0.8399249 0.01767849 -0.7765055 0.5735217 -0.2609832 -0.01865679 0.9538242 -0.2997857 0.1602504 0.9805117 -0.1136519 0.1883028 0.9755577 -0.1132671 -0.08493697 0.9323261 -0.3515024 -0.308394 0.644993 -0.6991976 -0.05660164 0.8675255 -0.4941619 -0.7357077 0.5199074 -0.434086 -0.5698287 0.785568 -0.2412018 0.1625438 0.953099 -0.2553074 0.2081522 0.9562619 -0.2055137 -0.07726669 0.9686638 -0.236052 -0.2903375 0.8664374 -0.4061903 -0.1341806 0.9866684 -0.0920934 -0.2518169 0.9334967 -0.2552888 -0.5663368 0.7734344 -0.2847141 -0.5925522 0.7386763 -0.3213087 0.2099038 0.9505012 -0.2291027 0.2008266 0.9496386 -0.2405316 -0.2896828 0.900391 -0.3246229 0.150672 0.986991 0.05609577 -0.1090872 0.7506263 -0.6516596 0.1779223 0.9096999 -0.3752195 -0.5694647 0.7049275 -0.4228326 -0.3356368 0.9243406 -0.1815009 0.1752471 0.976193 -0.1278117 0.04638046 0.9583125 -0.281933 0.2082888 0.9447601 -0.2530695 0.01579892 0.8806109 -0.4735769 0.1246844 0.9751945 -0.1828922 -0.2060608 0.703803 -0.6798532 -0.2480106 0.6883916 -0.6816214 -0.1373071 0.8148762 -0.5631372 0.08062905 0.8528463 -0.5158997 0.14392 0.8865917 -0.4395933 0.01589328 0.880042 -0.4746298 -0.2081807 0.7210026 -0.6609206 0.01102989 0.3119729 -0.9500271 0.2272532 0.7651719 -0.6023853 -0.06405347 0.6821513 -0.7284002 -0.07606172 0.6605488 -0.7469203 0.215159 0.7362001 -0.641651 0.4744673 0.8802707 -0.002147376 -0.2721346 0.8664404 -0.4185976 -0.209607 0.9204756 -0.3298328 0.2839481 0.6812924 -0.6746957 0.3743601 0.8400495 -0.3926467 -0.1173459 0.712009 -0.6922957 -0.006470978 0.915104 -0.4031661 0.5023743 0.8637148 -0.0402112 0.4355557 0.8207539 -0.3696677 -0.04462277 0.7363625 -0.6751142 0.3297752 0.8998717 0.2854458 0.4700756 0.7245772 -0.5040009 0.4282551 0.5596031 -0.7095364 0.306582 0.536548 -0.7862085 0.3212708 0.56922 -0.7568182 0.572004 0.5916526 -0.5681186 0.6578586 0.733296 -0.1717529 0.6975136 0.7088193 -0.1051186 0.6997672 0.7124848 0.05187791 0.3110815 0.7066172 -0.6355473 0.3220574 0.8232612 -0.4674614 0.1462645 0.7657431 -0.6262941 0.1098091 0.5419071 -0.8332339 0.7159242 0.6614578 -0.2234417 0.705192 0.7037701 -0.08609271 0.7434372 0.6686576 0.01408398 0.7559452 0.6345571 -0.1608856 0.5597615 0.5834724 -0.5884107 0.5579616 0.5759684 -0.5974441 0.1798956 0.460934 -0.8690095 0.2041128 0.572084 -0.7943915 0.7520641 0.649283 -0.1132753 0.6916638 0.7145969 0.1046541 0.6174347 0.7828704 -0.07673585 0.6043148 0.5999563 -0.5242673 0.4480019 0.7043212 -0.5506597 0.3832634 0.5484403 -0.743184 0.2544047 0.5109612 -0.8210951 0.3203939 0.6928737 -0.6459674 0.7920873 0.6069941 0.06446677 0.800507 0.2534853 -0.5430781 0.764597 0.2536272 -0.5925073 0.6634262 0.09155797 -0.7426189 0.2029827 0.7606121 -0.6166582 0.2050551 0.7632936 -0.6126463 0.2460361 0.7703946 -0.5881822 0.1333815 0.5999752 -0.7888215 0.6184297 0.6441632 -0.4501095 0.5170648 0.4335486 -0.7380242 0.5542899 0.4335457 -0.7104934 0.6112722 0.5515142 -0.5676078 0.2827995 0.6672813 -0.6890285 0.1702119 0.5167257 -0.8390606 0.1788988 0.5183048 -0.8362747 0.02934557 0.2942693 -0.9552719 0.5410929 0.3714658 -0.7544744 0.5897759 0.4563679 -0.6662528 0.6577884 0.4485651 -0.6050652 0.4376446 0.1263593 -0.890225 0.2425439 0.3575459 -0.90185 0.2667254 0.4114425 -0.8715348 0.01936817 0.3189223 -0.947583 0.02435791 0.3289077 -0.9440479 0.5764955 0.4896433 -0.6541424 0.5169041 0.3635113 -0.7750288 0.3866381 0.3288583 -0.8616051 0.3243325 0.2399157 -0.915013 0.4610741 -0.04614222 -0.8861613 0.3830782 -0.315038 -0.868333 0.2966275 -0.3559524 -0.8861773 0.4507843 0.03874152 -0.8917918 0.5998438 0.1425912 -0.7873089 0.6278172 0.2477446 -0.737881 0.3805186 0.08290809 -0.9210494 0.4672508 0.2647457 -0.8435558 0.517585 -0.5717831 -0.6365296 0.7275144 0.2777061 -0.6273773 0.4672608 0.01194125 -0.884039 0.3425493 -0.3967933 -0.8515956 0.7882605 -0.09212476 -0.6084065 0.7986216 0.3893683 -0.4589075 0.5695559 0.1047884 -0.8152458 0.5992481 0.4473912 -0.6638848 0.2898383 0.6304898 -0.720053 0.1856577 0.1136217 -0.9760233 0.08114683 0.03974997 -0.9959093 0.03486287 -0.1512675 -0.987878 0.7193015 0.4798302 -0.5023629 0.7541248 0.2808415 -0.5936532 0.749548 0.2762067 -0.601571 0.4459947 -0.5996667 -0.664446 0.5108364 -0.3673064 -0.7772595 0.105368 -0.2693772 -0.9572532 0.8431631 0.1374617 -0.5197889 0.4852094 -0.6829511 -0.5460309 0.8638581 -0.4794144 0.1546323 0.9753181 -0.09005135 -0.2016066 0.9529095 -0.2270756 -0.2009977 0.9292464 -9.83611e-4 -0.3694592 0.9195729 -0.09923297 -0.3801823 0.6038835 -0.782915 0.1495625 0.6592245 -0.7339233 0.1636452 0.9396054 -0.3202981 -0.1206278 0.9982063 -0.05381959 0.02622604 0.9671782 0.1775628 -0.1817629 0.9817752 0.0120244 -0.189665 0.9905281 -0.0767225 -0.1138762 0.6194453 -0.7811936 -0.07761436 0.786583 -0.4404071 -0.4328148 0.8708868 -0.2193194 -0.4398356 0.8639917 -0.09809583 -0.493858 0.9779832 0.186045 -0.09453183 0.9959526 -0.01777935 0.08810502 0.9937469 -0.06802839 0.08854007 0.99309 0.1034191 -0.05546832 0.8709003 -0.4888293 -0.05078113 0.9304532 -0.1732087 -0.3228865 0.9358074 -0.1424335 -0.3224553 0.8719953 -0.4844881 -0.06996726 0.9935508 -0.01511669 0.1123757 0.996854 0.06863844 0.03963756 0.9937787 0.1040651 0.03968125 0.9726696 0.2238225 -0.06178462 0.9787459 -0.1949303 -0.06370812 0.9678232 -0.2511371 -0.01576554 0.8721841 -0.4889242 -0.01574814 0.8905566 -0.4522395 -0.04887092 0.8699436 0.01884633 -0.4927912 0.8288624 0.1271534 -0.5448112 0.8243049 0.1986033 -0.5301681 0.8900929 0.04087585 -0.4539425 0.848168 -0.2175089 -0.4830124 0.8394461 -0.452633 -0.3007554 0.8531755 -0.4254294 -0.3018301 0.8314025 -0.5104922 -0.219471 0.8258082 0.1273615 -0.5493815 0.8905085 -0.1181362 -0.4393615 0.9122121 0.03483408 -0.4082348 0.9226617 -0.3257932 -0.2062865 0.8574308 -0.4643909 -0.2217061 0.580779 -0.8022304 0.1382827 0.8278172 -0.5344385 0.1705704 0.6563196 -0.6845856 0.3171549 0.9694788 -0.161088 -0.1848286 0.9686772 -0.1917862 -0.1577418 0.9293254 -0.3330923 -0.159386 0.9246959 -0.02923858 -0.3795821 0.5169152 -0.7731599 -0.3674542 0.5321707 -0.7467669 -0.3989155 0.6479032 -0.6332244 -0.4233774 0.6518822 -0.6238805 -0.4310716 0.428807 -0.06971007 -0.9007025 0.4124435 -0.8746976 -0.2545478 0.8948215 -0.02031397 -0.4459618 0.9091948 -0.4033682 -0.1032422 0.6222313 -0.7823024 -0.02882885 0.6799067 -0.7222414 -0.1268637 0.7239353 -0.675426 -0.1404192 0.5737847 -0.816171 0.06808912 0.5695047 -0.8108083 0.1351091 0.6468111 -0.3407192 -0.6823092 0.6445596 -0.3462316 -0.6816646 0.6623326 -0.4425401 -0.6045445 0.5101423 -0.6858899 -0.5189508 0.5088964 -0.6933758 -0.5101515 0.3938205 -0.807408 -0.439315 0.4343219 -0.6904909 -0.5784349 0.925992 -0.3078975 -0.2184906 0.8258757 0.02354198 -0.5633607 0.7478272 -0.4445732 -0.4930611 0.749561 -0.4566546 -0.479192 0.6089289 -0.7000942 -0.372926 0.5727015 -0.3689609 -0.7320389 0.411675 -0.6835488 -0.6027311 0.3945889 -0.4749891 -0.7865655 0.2357913 -5.69533e-4 -0.9718036 0.4789054 -0.3430161 -0.8080777 0.4486104 -0.4577533 -0.7676005 0.3251528 -0.2205995 -0.9195715 0.2978385 -0.3306043 -0.8955407 0.4361135 -0.6660932 -0.6050826 0.509987 -0.4959422 -0.7028191 0.5502815 -0.7835913 -0.2884011 0.5479296 -0.3397355 -0.7644299 0.5330029 -0.322963 -0.7820504 0.5387607 -0.2237644 -0.8121985 0.4934434 -0.1685896 -0.8532826 0.3954855 -0.6663663 -0.6320974 0.5033895 -0.8444065 -0.1832398 0.5681509 -0.777164 -0.2705932 0.4547287 -0.4589063 -0.7633001 0.1312791 -0.3514311 -0.9269639 0.3868007 -0.7235177 -0.5717582 0.5028581 -0.1677997 -0.8479251 0.5252214 -0.1958445 -0.8281229 0.2673999 -0.9146396 -0.3032025 -0.006554305 -0.5868923 -0.8096386 0.03817617 -0.4426444 -0.8958842 0.3062314 -0.8403696 -0.4472152 0.3972622 -0.7216486 -0.5669268 0.1168676 -0.07903867 -0.9899975 0.07086277 -0.1990672 -0.9774205 0.3132631 -0.740314 -0.594812 0.3851528 -0.6076081 -0.6946005 0.5021672 -0.831363 -0.2380412 0.5599901 -0.7713757 -0.3023089 0.5140298 -0.6792617 -0.5238101 -0.1919381 -0.03437423 -0.9808049 0.2603814 -0.5030818 -0.8240815 0.2115349 -0.7363792 -0.6426498 0.08805072 -0.5926398 -0.8006405 0.008736968 -0.8693579 -0.4941058 0.00105977 -0.8615704 -0.507637 0.06896334 -0.6465585 -0.759741 -0.01282036 -0.4519657 -0.8919432 0.4406389 -0.4795179 -0.7588807 0.2524471 -0.2468296 -0.9355992 0.213382 -0.5903102 -0.7784615 -0.1992247 -0.02237349 -0.9796984 -0.2814369 -0.8125905 -0.5103821 -0.4388497 -0.6378982 -0.6328483 -0.3997117 -0.368437 -0.839336 -0.3173545 -0.5319844 -0.7850343 -0.1376776 -0.2387954 -0.9612604 0.04119521 -0.4681072 -0.8827111 0.07687687 -0.04661428 -0.9959504 -0.1073473 0.1960988 -0.9746907 -0.2165473 -0.6908342 -0.6898227 -0.06620031 -0.8076929 -0.5858753 -0.04757493 -0.5689372 -0.8210039 -0.05498325 -0.5607732 -0.8261418 -0.2360179 -0.4573681 -0.8573856 -0.2377765 -0.4551253 -0.8580928 -0.146463 0.2005297 -0.9686777 0.0730651 -0.1118982 -0.99103 0.01714998 -0.8060202 -0.5916396 -0.4940537 -0.2170115 -0.8419126 -0.5103061 -0.4741746 -0.7174582 -0.5477991 -0.4131972 -0.7274506 -0.1824313 -0.4583162 -0.869865 -0.3315399 -0.1767097 -0.9267444 -0.2994095 -0.05872005 -0.9523161 -0.3414192 0.03672432 -0.9391934 -0.412566 -0.2344969 -0.8802276 -0.2362233 -0.4977307 -0.8345434 -0.2330269 -0.4780037 -0.8468831 -0.2314624 -0.4799767 -0.8461959 -0.4169681 -0.1559205 -0.8954477 -0.2021475 5.21667e-4 -0.9793549 -0.3044435 -0.4850461 -0.8197833 -0.3211393 -0.4613214 -0.8270745 -0.7417768 -0.5426743 0.3940456 -0.4948617 -0.8679217 0.04270786 -0.6756054 -0.7351613 0.05563515 -0.4965849 -0.8572968 -0.1358149 -0.9696171 -0.2059295 -0.1320447 -0.9995483 -0.02821463 0.01035988 -0.9254165 -0.3753198 0.05233734 -0.4786692 -0.8346037 -0.2726033 -0.4985852 -0.7319806 -0.4643462 -0.7826678 -0.575328 -0.2375475 -0.4929835 -0.8416742 -0.220345 -0.6965851 -0.7167532 -0.03215867 -0.9962402 -0.0326755 -0.08023661 -0.9975962 0.06764465 0.01504403 -0.5499993 -0.8346383 -0.02965992 -0.8791724 -0.09646379 0.4666376 -0.7917898 -0.5958662 -0.1342106 -0.5857446 -0.7151297 -0.3814352 -0.6407794 -0.6623001 -0.3882789 -0.9630627 -0.2262076 0.1460836 -0.9847933 0.07184034 0.1581808 -0.9726163 -0.2084083 -0.102876 -0.9718278 -0.2118863 -0.1032235 -0.8682845 -0.419696 -0.2644569 -0.5935813 -0.8035045 0.04518842 -0.7628031 -0.4503447 0.4640272 -0.8459108 -0.2577834 0.4668861 -0.2820807 -0.878503 -0.3855684 -0.9126188 -0.1761494 -0.3689153 -0.9487585 -0.1153547 -0.2941949 -0.8489573 -0.4137877 -0.3287115 -0.9422881 -0.2737863 -0.1927026 -0.8207874 -0.4454629 0.3575906 -0.5472592 -0.8369485 -0.004974246 -0.2848935 -0.9585318 0.00725001 -0.1557226 -0.9804053 -0.1206475 -0.9868723 -0.155689 -0.04294133 -0.9404331 -0.2762987 -0.1981029 -0.9413824 -0.2731876 -0.1979091 -0.6249698 -0.5594167 -0.5444867 -0.5508527 -0.80589 -0.2170316 -0.6510645 -0.7472639 -0.1330856 -0.1570799 -0.9846313 -0.07633614 -0.4345979 -0.88703 0.1558923 -0.9481819 -0.297348 0.1119617 -0.6603958 -0.6815851 -0.3151497 -0.7149405 -0.6227306 -0.3179101 -0.2502892 -0.7740253 -0.5815844 -0.6267921 -0.7018861 -0.3383603 -0.6124051 -0.707826 -0.3520544 -0.3895977 -0.8509674 -0.3522332 -0.1922559 -0.860353 -0.4720492 -0.6026529 -0.6304206 -0.4892642 -0.8835684 -0.4379492 -0.165854 -0.3762199 -0.9065002 -0.1916149 -0.6023666 -0.7979778 -0.01964569 -0.6081311 -0.6985955 -0.377016 -0.3457797 -0.7308323 -0.5884901 -0.1686258 -0.8036592 -0.570699 -0.5090381 -0.7870516 -0.3484684 -0.8646254 -0.4076545 -0.2936679 -0.761063 -0.4795439 -0.4368304 -0.5074514 -0.7076569 -0.4916449 -0.8795518 -0.469285 -0.07848817 -0.3342284 -0.7016715 -0.6292445 -0.8260775 -0.5200568 -0.2171106 -0.5207201 -0.8150488 -0.2540589 -0.3871031 -0.8482749 -0.36136 -0.7843704 -0.5145158 -0.3464631 -0.9315664 -0.352678 -0.08833205 -0.8794804 -0.4643098 -0.1045491 -0.731711 -0.6014841 -0.3206494 -0.8019382 -0.4626798 -0.3779187 -0.8035872 -0.4616171 -0.3757092 -0.3694092 -0.8196496 -0.4378485 -0.4415559 -0.8108735 -0.3840739 -0.9065936 -0.2911894 -0.3054456 -0.9221855 -0.2731243 -0.2738193 -0.7234949 -0.5918406 -0.3553588 -0.9498334 -0.3107656 0.03523087 -0.8058608 -0.4666631 -0.3644363 -0.8399401 -0.4462695 -0.3087787 -0.4477214 -0.8191931 -0.3584248 -0.1894197 -0.8155421 -0.5468193 -0.8897112 -0.2184405 -0.4008713 -0.8951553 -0.2142708 -0.3908774 -0.9124813 -0.1679249 -0.3730673 -0.4270431 -0.4152255 -0.8032572 -0.7638344 -0.2613399 -0.5901345 -0.7472776 -0.270034 -0.6071721 -0.1643295 -0.7514561 -0.6389911 -0.4621833 -0.7411876 -0.4868547 -0.8882702 -0.2012038 -0.412908 -0.9739252 -0.1133866 -0.1965025 -0.5987548 -0.7141265 -0.3626515 -0.9000658 -0.3990054 0.1751466 -0.5462967 -0.07094055 -0.8345822 -0.6055675 -0.04961407 -0.7942459 -0.2568955 -0.4821565 -0.8375738 -0.6693291 -0.3956869 -0.6288326 -0.8762573 0.03577774 -0.4805135 -0.9147593 0.06655591 -0.3984793 -0.8498061 -0.1525486 -0.5045379 -0.9229709 -0.08679825 -0.3749547 -0.8727284 -0.4537131 -0.1802488 -0.5389469 -0.5225524 -0.6606627 -0.6754016 -0.4028307 -0.6177055 -0.5492475 -0.4173773 -0.7239637 -0.9017468 0.08488786 -0.4238476 -0.5820009 -0.01045185 -0.813121 -0.6884464 0.1519482 -0.709192 -0.6590945 0.1393654 -0.7390344 -0.2416234 -0.002949714 -0.9703657 -0.8987313 -0.05692827 -0.4347887 -0.554378 -0.4275521 -0.7140478 -0.4784924 -0.4254943 -0.7681145 -0.718414 -0.2231236 -0.6588606 -0.5649275 -0.2284582 -0.7928833 -0.7708198 -0.006697595 -0.6370182 -0.7173268 -0.01127099 -0.6966457 -0.8347607 0.1225316 -0.5368061 -0.1795495 0.1751049 -0.9680394 -0.1357728 0.1316744 -0.981951 -0.6508191 0.1201792 -0.7496609 -0.4658762 -0.06282567 -0.8826168 -0.6589769 -0.07215011 -0.7486947 -0.7162818 -0.009429097 -0.6977475 -0.9142932 -0.006663799 -0.4049981 -0.29955 -0.003585636 -0.9540739 -0.5030845 -0.08494657 -0.8600524 -0.6951265 0.03925663 -0.7178148 -0.3560223 0.1324853 -0.9250382 -0.479962 0.2127011 -0.8511138 -0.7764545 0.1400673 -0.6144099 -0.8398914 0.1982147 -0.5052658 -0.6918925 0.2349544 -0.6827015 -0.2729232 0.3937349 -0.8777732 -0.659011 0.2841413 -0.6963967 -0.3623735 0.1196775 -0.9243175 -0.2540782 0.1459164 -0.9561133 -0.6491899 0.4121185 -0.6393051 -0.9085097 0.2464177 -0.3374735 -0.7412551 0.1136381 -0.661534 -0.7458474 0.1117789 -0.6566713 -0.5936855 0.4140668 -0.6899901 -0.09476381 0.439421 -0.8932688 -0.07668793 0.4180518 -0.9051805 -0.592117 0.3867173 -0.7069988 -0.7631539 0.5619792 -0.319023 -0.8361488 0.4997798 -0.2259986 -0.6630417 0.3167333 -0.6782741 -0.304109 0.4079195 -0.8608829 -0.3807643 0.050547 -0.9232895 -0.500052 0.5109046 -0.6992314 -0.7688671 0.5996277 -0.222014 0.1152162 0.7565633 -0.6436904 0.4466143 0.8377891 0.3140785 0.02357935 0.9943619 -0.1033847 -0.2176828 0.9700937 -0.1073887 -0.4333341 0.8433129 -0.3178756 0.3090124 0.8928338 -0.327657 0.5661607 0.8173985 -0.1064043 0.5001609 0.8597057 -0.1036603 -0.2165891 0.8587176 -0.4644278 -0.02171218 0.9966065 0.07939994 -0.1465048 0.989198 -0.004873812 -0.4841443 0.8748902 0.01310056 -0.6047695 0.7898394 -0.1020179 0.5591673 0.8089297 -0.1815621 0.540008 0.816791 -0.2030861 -0.1790342 0.9686262 -0.172366 -0.2288881 0.9520655 -0.2029325 -0.09205925 0.8315972 -0.5476964 0.1816694 0.9138261 -0.3632055 -0.6039096 0.7509174 -0.2672382 -0.387956 0.9180101 -0.08214521 0.5424078 0.820311 -0.1813387 0.3147578 0.8674589 -0.3852828 -0.2628507 0.898075 -0.3526627 0.6568607 0.7044081 0.2689672 0.1822192 0.9651913 -0.1876221 -0.2290583 0.829258 -0.5097681 -0.3852453 0.7949498 -0.4686586 0.2263389 0.9738588 -0.01923078 0.3757672 0.9264599 -0.02170532 0.4931843 0.8659846 0.08270448 0.6657233 0.7424391 0.07481157 0.5190098 0.8523045 -0.06485486 -0.2492606 0.9495893 -0.1901301 -0.2290183 0.9573327 -0.1762524 0.2266589 0.9484982 -0.2213074 -0.2053325 0.8511545 -0.4830887 0.4326349 0.7262246 -0.5342518 0.5395343 0.7150815 -0.4444785 0.4528369 0.7673282 -0.4540331 0.1088328 0.7485085 -0.6541335 -0.2415227 0.895918 -0.372824 0.3090723 0.9509629 -0.01200675 -0.1435895 0.9893587 0.02348357 -0.3423695 0.9329687 -0.1111416 0.5786549 0.7925298 -0.1924969 0.6481344 0.7528148 -0.1148549 0.2496216 0.964034 -0.09125512 0.2518746 0.963591 -0.08973073 0.2727455 0.80166 -0.5319316 0.1982379 0.7923214 -0.5769998 -0.3866506 0.804453 -0.4509511 0.09028971 0.9789012 -0.183304 0.6430787 0.7371459 -0.2075232 0.3858214 0.8081017 -0.4450994 0.1738805 0.8803949 -0.4412147 0.08025735 0.8672197 -0.4914151 0.1996791 0.7974849 -0.5693385 0.4465745 0.7982623 -0.4041641 0.05949664 0.9173155 -0.3936908 0.3150751 0.9218689 -0.2255777 0.4247269 0.8761656 -0.2279059 0.6474284 0.7620833 -0.008098125 0.1869708 0.9822041 -0.01780575 0.2581635 0.9654886 0.0344007 0.4178879 0.7309277 -0.5395503 0.5926368 0.7191852 -0.3627043 0.284478 0.8639208 -0.4155879 0.002737581 0.7978115 -0.6029009 0.5246937 0.5694326 -0.6328058 0.9317129 0.3492536 -0.0996657 0.1983004 0.9384739 -0.2827434 0.7790157 0.5465665 0.3072454 0.5923009 0.717367 -0.3668301 0.4535673 0.7532131 -0.4763893 0.022426 0.9031841 -0.4286673 0.05446314 0.9113402 -0.4080356 0.9160203 0.2815738 -0.2856979 0.8510476 0.3294709 -0.4088608 0.8221415 0.3786062 -0.4251363 0.3432009 0.5113407 -0.787873 0.467421 0.7924131 -0.3919175 0.1662138 0.7482683 -0.6422365 1.39111e-4 0.7835534 -0.6213247 0.3370513 0.8576059 -0.3884695 0.8818359 0.4140859 -0.2256063 0.6879627 0.5048069 -0.5214187 0.4465915 0.6782545 -0.5835468 0.452731 0.6777044 -0.5794407 0.2039123 0.9519466 -0.2285116 0.2252606 0.9506739 -0.213253 0.3432688 0.9154007 -0.2102572 -0.1197685 0.853498 -0.5071456 0.7000664 0.5456756 -0.4605923 0.5770925 0.5621371 -0.5924239 0.442934 0.6507263 -0.6167372 0.3766283 0.6491127 -0.6609115 0.08238154 0.3913763 -0.9165359 0.3249329 0.4992221 -0.8032408 -0.1910638 0.5790836 -0.7925635 0.06092905 0.7208331 -0.6904256 0.5683598 0.5358875 -0.6243331 0.6995345 0.5351628 -0.4735527 0.3982176 0.7072317 -0.5841628 0.6462797 0.6836701 -0.3389952 0.275805 0.2937486 -0.9152286 0.3800239 0.3660038 -0.849484 0.009541869 0.4380907 -0.8988801 0.2817938 0.6111254 -0.7396743 0.6889309 0.4565468 -0.5629736 0.8470813 0.4680851 -0.2516935 0.648422 0.6367769 -0.41721 0.6469145 0.6369259 -0.4193174 0.338778 0.806596 -0.4843886 0.1804721 0.7722347 -0.6091662 0.268422 0.7554647 -0.5976812 -0.1765913 0.522826 -0.8339476 0.8540886 0.13138 -0.5032615 0.6509967 0.04645609 -0.7576578 0.6029329 0.07805031 -0.7939649 0.676059 0.1013943 -0.729838 0.1675356 0.6118465 -0.7730304 0.3180807 0.653711 -0.6866488 -0.1368445 0.741895 -0.6564034 -0.3065312 0.6348888 -0.7091931 0.7252705 0.3824198 -0.572484 0.2892572 0.2138301 -0.9330632 0.6556316 0.0448271 -0.7537492 0.109548 -0.1337957 -0.9849356 0.2624584 0.2815456 -0.9229561 -0.2473468 0.1249282 -0.9608395 -0.3784345 0.1703957 -0.9098092 -0.1385346 0.2837139 -0.9488492 0.2627174 0.1188848 -0.9575209 0.6677016 0.2798243 -0.6898356 0.2862076 0.4945495 -0.8206741 0.5016046 0.5532011 -0.6651026 -0.2220584 0.2071519 -0.9527741 6.35472e-4 0.2555429 -0.9667975 -0.1268864 0.3148797 -0.9406118 -0.06741482 0.3312621 -0.9411274 0.584526 -0.02919572 -0.8108497 0.4190306 -0.08813256 -0.9036847 0.3176268 -0.02227842 -0.947954 -0.1908191 -0.1419786 -0.9713034 -0.2314743 -0.2264807 -0.9461111 0.3683501 0.1429802 -0.9186266 -0.114652 0.2477151 -0.9620251 -0.1237492 0.2433105 -0.962022 0.4816491 0.05154407 -0.8748471 0.4615577 0.04281067 -0.8860766 -0.01898747 0.1718247 -0.9849445 0.4803192 0.2913109 -0.8273038 0.1755034 -0.536412 -0.8255065 -0.1644597 0.1149656 -0.9796611 0.4092517 -0.1755326 -0.8953777 0.3829014 -0.1863453 -0.9047994 0.4976349 -0.6847189 0.5324657 0.9018703 -0.3971255 0.170063 0.9365521 -0.310185 0.1632655 0.993106 -0.06159681 -0.09973168 0.07672864 -0.9968283 -0.02111935 0.3194286 -0.9137934 -0.2508926 0.6621424 -0.714465 -0.2260692 0.7712028 -0.555931 -0.3101404 0.563299 -0.4316909 -0.7045121 0.4384142 -0.8008764 -0.4079093 0.8915445 -0.07763952 -0.4462294 0.8633454 -0.4970351 -0.08712559 0.3224316 -0.9441891 -0.06741464 0.3456286 -0.9336711 -0.09380406 0.7821823 -0.5995564 -0.1694789 0.07283771 -0.9162761 0.3938691 0.3528764 -0.7484104 -0.5615693 0.1744989 -0.9602994 -0.2176588 0.7872959 -0.492205 -0.3713483 0.5612168 -0.8196437 0.1149774 0.3511492 -0.9239314 0.1518066 0.1164411 -0.9201182 0.3739306 0.07402175 -0.9234856 0.3764241 0.2339809 -0.9405861 0.2460703 0.3701856 -0.839276 0.3982192 0.603752 -0.7969814 -0.01744312 0.541176 -0.8408968 0.004609823 0.6770634 -0.6487003 -0.3475245 0.03477251 -0.9904094 -0.1337171 -0.08301818 -0.9951299 0.05314648 0.2164002 -0.9757845 -0.03186881 0.2243148 -0.9736434 -0.04125028 0.5959304 -0.8021194 -0.03836286 0.5536592 -0.8297819 0.07016867 0.7877097 -0.6134527 -0.05647516 0.5818603 -0.7230785 0.3722851 0.05945575 -0.8575015 0.5110346 0.1770275 -0.9145876 0.3635808 0.2955013 -0.8970726 0.3285422 0.4616726 -0.8829148 0.08555746 0.3638948 -0.8771183 -0.3134393 0.3960074 -0.8155872 -0.4218955 0.2990258 -0.8721345 -0.3872531 0.1197521 -0.9927425 -0.01103878 0.07200199 -0.9973595 0.009475111 -0.05842489 -0.9669362 0.2482357 0.4465763 -0.8944962 0.02112269 0.1300401 -0.8673335 0.4804395 0.4425747 -0.8223563 -0.3575723 0.2631844 -0.9555101 0.1331707 0.197528 -0.9670664 0.1605162 0.1680236 -0.9617524 0.216334 -0.04035639 -0.9556297 0.2917934 0.1998264 -0.9595625 -0.198266 -0.06533688 -0.9940525 -0.08712559 -0.1664766 -0.9807679 0.1018825 0.003828465 -0.9441421 -0.3295167 -0.3860055 -0.8266434 0.4094637 0.1607253 -0.9665474 0.1998839 0.349331 -0.9091742 -0.22665 0.2087528 -0.9611471 -0.180606 -0.2098044 -0.809643 0.5481427 -0.02697992 -0.8623044 0.5056713 -0.1599814 -0.7143867 0.6812179 -0.2512348 -0.7384259 0.6257862 0.2334856 -0.9711758 -0.04798007 0.4174808 -0.9036917 -0.09513801 0.1132587 -0.8945014 0.432481 -0.2310725 -0.829581 0.5083315 -0.06229138 -0.9668971 0.2474469 -0.3394623 -0.8903423 0.3034074 -0.1205314 -0.9915774 -0.04739844 0.2573876 -0.9662976 0.004545331 0.09187078 -0.9594661 0.2664293 0.05585277 -0.9594242 0.2763798 -0.02161699 -0.9242438 0.3811904 -0.01878625 -0.9245735 0.3805404 -0.2311962 -0.7184863 0.6559923 0.06746727 -0.7916135 0.607286 -0.08561432 -0.6256669 0.7753781 -0.01902335 -0.9979557 -0.06101435 -0.2924139 -0.7778664 0.5562538 0.001532793 -0.8890265 0.4578532 0.1152877 -0.9659824 0.2314881 -0.3151512 -0.8729712 0.3722918 -0.5342341 -0.4615488 0.7082137 -0.1242826 -0.7296612 0.6724199 -0.1170387 -0.7381425 0.6644152 -0.2146819 -0.7008604 0.6802253 -0.04295367 -0.9979451 0.04754817 0.01110911 -0.9996407 0.0243982 -0.1829276 -0.8219514 0.5393825 -0.5780472 -0.505288 0.6407383 -0.4302686 -0.8598213 0.2749116 -0.2989044 -0.9275944 0.2241089 -0.2395129 -0.9614942 0.134768 0.5062078 -0.4603037 0.7292971 0.5444971 -0.7488762 0.3777664 0.07255142 -0.5924644 0.8023231 0.1552374 -0.9609448 0.2290995 -0.2662646 -0.7858627 0.5581425 -0.2012953 -0.9390487 0.2786896 -0.1725602 -0.950717 0.2576045 -0.325493 -0.6293759 0.7056488 0.7179218 -0.4816522 0.5025929 0.6784111 -0.6973775 0.2311342 0.5339377 -0.6780185 0.5051749 0.4041476 -0.9080577 -0.109982 0.04299801 -0.860997 0.5067892 0.04364871 -0.8523219 0.521193 -0.2315155 -0.5726868 0.7864035 -0.2274301 -0.817349 0.5293545 0.3019648 -0.9478028 0.1024069 0.2852323 -0.9549316 0.08214807 0.3320352 -0.9337303 -0.1337931 0.439527 -0.8976836 0.03130674 0.2496961 -0.7532208 0.6085314 0.2849091 -0.6324017 0.7203436 0.2518659 -0.5932838 0.764577 0.2091003 -0.8292909 0.5182216 0.1640055 -0.9835776 0.07534861 0.3717266 -0.827982 0.4198393 0.4638587 -0.8852998 0.03285622 0.6420772 -0.6742723 0.3648204 0.4786297 -0.5158743 0.7104839 0.2350503 -0.9451987 0.2266071 0.1413598 -0.850964 0.5058437 0.2333521 -0.6796159 0.6954633 0.5341345 -0.7370928 0.4139984 0.5713477 -0.6869332 0.4490932 0.5821672 -0.7233886 0.3712012 0.4007481 -0.9007939 0.1672464 0.3952286 -0.8880921 0.234706 0.6391645 -0.4222748 0.6427698 0.6266511 -0.4024399 0.667346 0.6249959 -0.4134582 0.6621423 0.1748257 -0.8458297 0.5039921 0.1761789 -0.8441011 0.5064132 0.2598902 -0.9465487 0.1910569 0.5807123 -0.4079719 0.7045085 0.6077537 -0.4481399 0.655596 0.5478384 -0.6190143 0.5627561 0.4848949 -0.5178191 0.7047982 0.5552875 -0.1840338 0.8110409 0.9403169 -0.2201429 0.2595022 0.7037265 -0.6956267 0.1444731 0.6678743 -0.3303851 0.6669256 0.3710839 -0.8212148 0.433478 0.3590556 -0.7268333 0.5854849 0.5691806 -0.2240166 0.7911069 0.5510227 -0.1878913 0.8130627 0.2449157 -0.9054993 0.346536 0.7570747 -0.6449243 0.104454 0.7139413 -0.6490116 0.2628155 0.6476372 -0.1734526 0.7419436 0.1075517 -0.9167051 0.3848173</float_array>
          <technique_common>
            <accessor source="#AG16_3-mesh-normals-array" count="2012" stride="3">
              <param name="X" type="float"/>
              <param name="Y" type="float"/>
              <param name="Z" type="float"/>
            </accessor>
          </technique_common>
        </source>
        <source id="AG16_3-mesh-map-0">
          <float_array id="AG16_3-mesh-map-0-array" count="12072">1 1 1 1.055556 0.75 1 0.75 1 1 1.055556 0.75 1.055556 0.75 1 0.75 1.055556 0.5 1 0.5 1 0.75 1.055556 0.5 1.055556 0.5 1 0.5 1.055556 0.25 1 0.25 1 0.5 1.055556 0.25 1.055556 0.25 1 0.25 1.055556 0 1 0 1 0.25 1.055556 0 1.055556 1 1.055556 1 1.111111 0.75 1.055556 0.75 1.055556 1 1.111111 0.75 1.111111 0.75 1.055556 0.75 1.111111 0.5 1.055556 0.5 1.055556 0.75 1.111111 0.5 1.111111 0.5 1.055556 0.5 1.111111 0.25 1.055556 0.25 1.055556 0.5 1.111111 0.25 1.111111 0.25 1.055556 0.25 1.111111 0 1.055556 0 1.055556 0.25 1.111111 0 1.111111 1 1.111111 1 1.166667 0.75 1.111111 0.75 1.111111 1 1.166667 0.75 1.166667 0.75 1.111111 0.75 1.166667 0.5 1.111111 0.5 1.111111 0.75 1.166667 0.5 1.166667 0.5 1.111111 0.5 1.166667 0.25 1.111111 0.25 1.111111 0.5 1.166667 0.25 1.166667 0.25 1.111111 0.25 1.166667 0 1.111111 0 1.111111 0.25 1.166667 0 1.166667 1 1.166667 1 1.222222 0.75 1.166667 0.75 1.166667 1 1.222222 0.75 1.222222 0.75 1.166667 0.75 1.222222 0.5 1.166667 0.5 1.166667 0.75 1.222222 0.5 1.222222 0.5 1.166667 0.5 1.222222 0.25 1.166667 0.25 1.166667 0.5 1.222222 0.25 1.222222 0.25 1.166667 0.25 1.222222 0 1.166667 0 1.166667 0.25 1.222222 0 1.222222 1 1.222222 1 1.277778 0.75 1.222222 0.75 1.222222 1 1.277778 0.75 1.277778 0.75 1.222222 0.75 1.277778 0.5 1.222222 0.5 1.222222 0.75 1.277778 0.5 1.277778 0.5 1.222222 0.5 1.277778 0.25 1.222222 0.25 1.222222 0.5 1.277778 0.25 1.277778 0.25 1.222222 0.25 1.277778 0 1.222222 0 1.222222 0.25 1.277778 0 1.277778 1 1.277778 1 1.333333 0.75 1.277778 0.75 1.277778 1 1.333333 0.75 1.333333 0.75 1.277778 0.75 1.333333 0.5 1.277778 0.5 1.277778 0.75 1.333333 0.5 1.333333 0.5 1.277778 0.5 1.333333 0.25 1.277778 0.25 1.277778 0.5 1.333333 0.25 1.333333 0.25 1.277778 0.25 1.333333 0 1.277778 0 1.277778 0.25 1.333333 0 1.333333 1 1.333333 1 1.388889 0.75 1.333333 0.75 1.333333 1 1.388889 0.75 1.388889 0.75 1.333333 0.75 1.388889 0.5 1.333333 0.5 1.333333 0.75 1.388889 0.5 1.388889 0.5 1.333333 0.5 1.388889 0.25 1.333333 0.25 1.333333 0.5 1.388889 0.25 1.388889 0.25 1.333333 0.25 1.388889 0 1.333333 0 1.333333 0.25 1.388889 0 1.388889 1 1.388889 1 1.444444 0.75 1.388889 0.75 1.388889 1 1.444444 0.75 1.444444 0.75 1.388889 0.75 1.444444 0.5 1.388889 0.5 1.388889 0.75 1.444444 0.5 1.444444 0.5 1.388889 0.5 1.444444 0.25 1.388889 0.25 1.388889 0.5 1.444444 0.25 1.444444 0.25 1.388889 0.25 1.444444 0 1.388889 0 1.388889 0.25 1.444444 0 1.444444 1 1.444444 1 1.5 0.75 1.444444 0.75 1.444444 1 1.5 0.75 1.5 0.75 1.444444 0.75 1.5 0.5 1.444444 0.5 1.444444 0.75 1.5 0.5 1.5 0.5 1.444444 0.5 1.5 0.25 1.444444 0.25 1.444444 0.5 1.5 0.25 1.5 0.25 1.444444 0.25 1.5 0 1.444444 0 1.444444 0.25 1.5 0 1.5 1 1.5 1 1.555556 0.75 1.5 0.75 1.5 1 1.555556 0.75 1.555556 0.75 1.5 0.75 1.555556 0.5 1.5 0.5 1.5 0.75 1.555556 0.5 1.555556 0.5 1.5 0.5 1.555556 0.25 1.5 0.25 1.5 0.5 1.555556 0.25 1.555556 0.25 1.5 0.25 1.555556 0 1.5 0 1.5 0.25 1.555556 0 1.555556 1 1.555556 1 1.611111 0.75 1.555556 0.75 1.555556 1 1.611111 0.75 1.611111 0.75 1.555556 0.75 1.611111 0.5 1.555556 0.5 1.555556 0.75 1.611111 0.5 1.611111 0.5 1.555556 0.5 1.611111 0.25 1.555556 0.25 1.555556 0.5 1.611111 0.25 1.611111 0.25 1.555556 0.25 1.611111 0 1.555556 0 1.555556 0.25 1.611111 0 1.611111 1 1.611111 1 1.666667 0.75 1.611111 0.75 1.611111 1 1.666667 0.75 1.666667 0.75 1.611111 0.75 1.666667 0.5 1.611111 0.5 1.611111 0.75 1.666667 0.5 1.666667 0.5 1.611111 0.5 1.666667 0.25 1.611111 0.25 1.611111 0.5 1.666667 0.25 1.666667 0.25 1.611111 0.25 1.666667 0 1.611111 0 1.611111 0.25 1.666667 0 1.666667 1 1.666667 1 1.722222 0.75 1.666667 0.75 1.666667 1 1.722222 0.75 1.722222 0.75 1.666667 0.75 1.722222 0.5 1.666667 0.5 1.666667 0.75 1.722222 0.5 1.722222 0.5 1.666667 0.5 1.722222 0.25 1.666667 0.25 1.666667 0.5 1.722222 0.25 1.722222 0.25 1.666667 0.25 1.722222 0 1.666667 0 1.666667 0.25 1.722222 0 1.722222 1 1.722222 1 1.777778 0.75 1.722222 0.75 1.722222 1 1.777778 0.75 1.777778 0.75 1.722222 0.75 1.777778 0.5 1.722222 0.5 1.722222 0.75 1.777778 0.5 1.777778 0.5 1.722222 0.5 1.777778 0.25 1.722222 0.25 1.722222 0.5 1.777778 0.25 1.777778 0.25 1.722222 0.25 1.777778 0 1.722222 0 1.722222 0.25 1.777778 0 1.777778 1 1.777778 1 1.833333 0.75 1.777778 0.75 1.777778 1 1.833333 0.75 1.833333 0.75 1.777778 0.75 1.833333 0.5 1.777778 0.5 1.777778 0.75 1.833333 0.5 1.833333 0.5 1.777778 0.5 1.833333 0.25 1.777778 0.25 1.777778 0.5 1.833333 0.25 1.833333 0.25 1.777778 0.25 1.833333 0 1.777778 0 1.777778 0.25 1.833333 0 1.833333 1 1.833333 1 1.888889 0.75 1.833333 0.75 1.833333 1 1.888889 0.75 1.888889 0.75 1.833333 0.75 1.888889 0.5 1.833333 0.5 1.833333 0.75 1.888889 0.5 1.888889 0.5 1.833333 0.5 1.888889 0.25 1.833333 0.25 1.833333 0.5 1.888889 0.25 1.888889 0.25 1.833333 0.25 1.888889 0 1.833333 0 1.833333 0.25 1.888889 0 1.888889 1 1.888889 1 1.944444 0.75 1.888889 0.75 1.888889 1 1.944444 0.75 1.944444 0.75 1.888889 0.75 1.944444 0.5 1.888889 0.5 1.888889 0.75 1.944444 0.5 1.944444 0.5 1.888889 0.5 1.944444 0.25 1.888889 0.25 1.888889 0.5 1.944444 0.25 1.944444 0.25 1.888889 0.25 1.944444 0 1.888889 0 1.888889 0.25 1.944444 0 1.944444 1 1.944444 0.5 2 0.75 1.944444 0.75 1.944444 0.5 2 0.5 1.944444 0.5 1.944444 0.5 2 0.25 1.944444 0.25 1.944444 0.5 2 0 1.944444 1 1 1 1.055556 0.75 1 0.75 1 1 1.055556 0.75 1.055556 0.75 1 0.75 1.055556 0.5 1 0.5 1 0.75 1.055556 0.5 1.055556 0.5 1 0.5 1.055556 0.25 1 0.25 1 0.5 1.055556 0.25 1.055556 0.25 1 0.25 1.055556 0 1 0 1 0.25 1.055556 0 1.055556 1 1.055556 1 1.111111 0.75 1.055556 0.75 1.055556 1 1.111111 0.75 1.111111 0.75 1.055556 0.75 1.111111 0.5 1.055556 0.5 1.055556 0.75 1.111111 0.5 1.111111 0.5 1.055556 0.5 1.111111 0.25 1.055556 0.25 1.055556 0.5 1.111111 0.25 1.111111 0.25 1.055556 0.25 1.111111 0 1.055556 0 1.055556 0.25 1.111111 0 1.111111 1 1.111111 1 1.166667 0.75 1.111111 0.75 1.111111 1 1.166667 0.75 1.166667 0.75 1.111111 0.75 1.166667 0.5 1.111111 0.5 1.111111 0.75 1.166667 0.5 1.166667 0.5 1.111111 0.5 1.166667 0.25 1.111111 0.25 1.111111 0.5 1.166667 0.25 1.166667 0.25 1.111111 0.25 1.166667 0 1.111111 0 1.111111 0.25 1.166667 0 1.166667 1 1.166667 1 1.222222 0.75 1.166667 0.75 1.166667 1 1.222222 0.75 1.222222 0.75 1.166667 0.75 1.222222 0.5 1.166667 0.5 1.166667 0.75 1.222222 0.5 1.222222 0.5 1.166667 0.5 1.222222 0.25 1.166667 0.25 1.166667 0.5 1.222222 0.25 1.222222 0.25 1.166667 0.25 1.222222 0 1.166667 0 1.166667 0.25 1.222222 0 1.222222 1 1.222222 1 1.277778 0.75 1.222222 0.75 1.222222 1 1.277778 0.75 1.277778 0.75 1.222222 0.75 1.277778 0.5 1.222222 0.5 1.222222 0.75 1.277778 0.5 1.277778 0.5 1.222222 0.5 1.277778 0.25 1.222222 0.25 1.222222 0.5 1.277778 0.25 1.277778 0.25 1.222222 0.25 1.277778 0 1.222222 0 1.222222 0.25 1.277778 0 1.277778 1 1.277778 1 1.333333 0.75 1.277778 0.75 1.277778 1 1.333333 0.75 1.333333 0.75 1.277778 0.75 1.333333 0.5 1.277778 0.5 1.277778 0.75 1.333333 0.5 1.333333 0.5 1.277778 0.5 1.333333 0.25 1.277778 0.25 1.277778 0.5 1.333333 0.25 1.333333 0.25 1.277778 0.25 1.333333 0 1.277778 0 1.277778 0.25 1.333333 0 1.333333 1 1.333333 1 1.388889 0.75 1.333333 0.75 1.333333 1 1.388889 0.75 1.388889 0.75 1.333333 0.75 1.388889 0.5 1.333333 0.5 1.333333 0.75 1.388889 0.5 1.388889 0.5 1.333333 0.5 1.388889 0.25 1.333333 0.25 1.333333 0.5 1.388889 0.25 1.388889 0.25 1.333333 0.25 1.388889 0 1.333333 0 1.333333 0.25 1.388889 0 1.388889 1 1.388889 1 1.444444 0.75 1.388889 0.75 1.388889 1 1.444444 0.75 1.444444 0.75 1.388889 0.75 1.444444 0.5 1.388889 0.5 1.388889 0.75 1.444444 0.5 1.444444 0.5 1.388889 0.5 1.444444 0.25 1.388889 0.25 1.388889 0.5 1.444444 0.25 1.444444 0.25 1.388889 0.25 1.444444 0 1.388889 0 1.388889 0.25 1.444444 0 1.444444 1 1.444444 1 1.5 0.75 1.444444 0.75 1.444444 1 1.5 0.75 1.5 0.75 1.444444 0.75 1.5 0.5 1.444444 0.5 1.444444 0.75 1.5 0.5 1.5 0.5 1.444444 0.5 1.5 0.25 1.444444 0.25 1.444444 0.5 1.5 0.25 1.5 0.25 1.444444 0.25 1.5 0 1.444444 0 1.444444 0.25 1.5 0 1.5 1 1.5 1 1.555556 0.75 1.5 0.75 1.5 1 1.555556 0.75 1.555556 0.75 1.5 0.75 1.555556 0.5 1.5 0.5 1.5 0.75 1.555556 0.5 1.555556 0.5 1.5 0.5 1.555556 0.25 1.5 0.25 1.5 0.5 1.555556 0.25 1.555556 0.25 1.5 0.25 1.555556 0 1.5 0 1.5 0.25 1.555556 0 1.555556 1 1.555556 1 1.611111 0.75 1.555556 0.75 1.555556 1 1.611111 0.75 1.611111 0.75 1.555556 0.75 1.611111 0.5 1.555556 0.5 1.555556 0.75 1.611111 0.5 1.611111 0.5 1.555556 0.5 1.611111 0.25 1.555556 0.25 1.555556 0.5 1.611111 0.25 1.611111 0.25 1.555556 0.25 1.611111 0 1.555556 0 1.555556 0.25 1.611111 0 1.611111 1 1.611111 1 1.666667 0.75 1.611111 0.75 1.611111 1 1.666667 0.75 1.666667 0.75 1.611111 0.75 1.666667 0.5 1.611111 0.5 1.611111 0.75 1.666667 0.5 1.666667 0.5 1.611111 0.5 1.666667 0.25 1.611111 0.25 1.611111 0.5 1.666667 0.25 1.666667 0.25 1.611111 0.25 1.666667 0 1.611111 0 1.611111 0.25 1.666667 0 1.666667 1 1.666667 1 1.722222 0.75 1.666667 0.75 1.666667 1 1.722222 0.75 1.722222 0.75 1.666667 0.75 1.722222 0.5 1.666667 0.5 1.666667 0.75 1.722222 0.5 1.722222 0.5 1.666667 0.5 1.722222 0.25 1.666667 0.25 1.666667 0.5 1.722222 0.25 1.722222 0.25 1.666667 0.25 1.722222 0 1.666667 0 1.666667 0.25 1.722222 0 1.722222 1 1.722222 1 1.777778 0.75 1.722222 0.75 1.722222 1 1.777778 0.75 1.777778 0.75 1.722222 0.75 1.777778 0.5 1.722222 0.5 1.722222 0.75 1.777778 0.5 1.777778 0.5 1.722222 0.5 1.777778 0.25 1.722222 0.25 1.722222 0.5 1.777778 0.25 1.777778 0.25 1.722222 0.25 1.777778 0 1.722222 0 1.722222 0.25 1.777778 0 1.777778 1 1.777778 1 1.833333 0.75 1.777778 0.75 1.777778 1 1.833333 0.75 1.833333 0.75 1.777778 0.75 1.833333 0.5 1.777778 0.5 1.777778 0.75 1.833333 0.5 1.833333 0.5 1.777778 0.5 1.833333 0.25 1.777778 0.25 1.777778 0.5 1.833333 0.25 1.833333 0.25 1.777778 0.25 1.833333 0 1.777778 0 1.777778 0.25 1.833333 0 1.833333 1 1.833333 1 1.888889 0.75 1.833333 0.75 1.833333 1 1.888889 0.75 1.888889 0.75 1.833333 0.75 1.888889 0.5 1.833333 0.5 1.833333 0.75 1.888889 0.5 1.888889 0.5 1.833333 0.5 1.888889 0.25 1.833333 0.25 1.833333 0.5 1.888889 0.25 1.888889 0.25 1.833333 0.25 1.888889 0 1.833333 0 1.833333 0.25 1.888889 0 1.888889 1 1.888889 1 1.944444 0.75 1.888889 0.75 1.888889 1 1.944444 0.75 1.944444 0.75 1.888889 0.75 1.944444 0.5 1.888889 0.5 1.888889 0.75 1.944444 0.5 1.944444 0.5 1.888889 0.5 1.944444 0.25 1.888889 0.25 1.888889 0.5 1.944444 0.25 1.944444 0.25 1.888889 0.25 1.944444 0 1.888889 0 1.888889 0.25 1.944444 0 1.944444 1 1.944444 0.5 2 0.75 1.944444 0.75 1.944444 0.5 2 0.5 1.944444 0.5 1.944444 0.5 2 0.25 1.944444 0.25 1.944444 0.5 2 0 1.944444 1 1 1 1.055556 0.75 1 0.75 1 1 1.055556 0.75 1.055556 0.75 1 0.75 1.055556 0.5 1 0.5 1 0.75 1.055556 0.5 1.055556 0.5 1 0.5 1.055556 0.25 1 0.25 1 0.5 1.055556 0.25 1.055556 0.25 1 0.25 1.055556 0 1 0 1 0.25 1.055556 0 1.055556 1 1.055556 1 1.111111 0.75 1.055556 0.75 1.055556 1 1.111111 0.75 1.111111 0.75 1.055556 0.75 1.111111 0.5 1.055556 0.5 1.055556 0.75 1.111111 0.5 1.111111 0.5 1.055556 0.5 1.111111 0.25 1.055556 0.25 1.055556 0.5 1.111111 0.25 1.111111 0.25 1.055556 0.25 1.111111 0 1.055556 0 1.055556 0.25 1.111111 0 1.111111 1 1.111111 1 1.166667 0.75 1.111111 0.75 1.111111 1 1.166667 0.75 1.166667 0.75 1.111111 0.75 1.166667 0.5 1.111111 0.5 1.111111 0.75 1.166667 0.5 1.166667 0.5 1.111111 0.5 1.166667 0.25 1.111111 0.25 1.111111 0.5 1.166667 0.25 1.166667 0.25 1.111111 0.25 1.166667 0 1.111111 0 1.111111 0.25 1.166667 0 1.166667 1 1.166667 1 1.222222 0.75 1.166667 0.75 1.166667 1 1.222222 0.75 1.222222 0.75 1.166667 0.75 1.222222 0.5 1.166667 0.5 1.166667 0.75 1.222222 0.5 1.222222 0.5 1.166667 0.5 1.222222 0.25 1.166667 0.25 1.166667 0.5 1.222222 0.25 1.222222 0.25 1.166667 0.25 1.222222 0 1.166667 0 1.166667 0.25 1.222222 0 1.222222 1 1.222222 1 1.277778 0.75 1.222222 0.75 1.222222 1 1.277778 0.75 1.277778 0.75 1.222222 0.75 1.277778 0.5 1.222222 0.5 1.222222 0.75 1.277778 0.5 1.277778 0.5 1.222222 0.5 1.277778 0.25 1.222222 0.25 1.222222 0.5 1.277778 0.25 1.277778 0.25 1.222222 0.25 1.277778 0 1.222222 0 1.222222 0.25 1.277778 0 1.277778 1 1.277778 1 1.333333 0.75 1.277778 0.75 1.277778 1 1.333333 0.75 1.333333 0.75 1.277778 0.75 1.333333 0.5 1.277778 0.5 1.277778 0.75 1.333333 0.5 1.333333 0.5 1.277778 0.5 1.333333 0.25 1.277778 0.25 1.277778 0.5 1.333333 0.25 1.333333 0.25 1.277778 0.25 1.333333 0 1.277778 0 1.277778 0.25 1.333333 0 1.333333 1 1.333333 1 1.388889 0.75 1.333333 0.75 1.333333 1 1.388889 0.75 1.388889 0.75 1.333333 0.75 1.388889 0.5 1.333333 0.5 1.333333 0.75 1.388889 0.5 1.388889 0.5 1.333333 0.5 1.388889 0.25 1.333333 0.25 1.333333 0.5 1.388889 0.25 1.388889 0.25 1.333333 0.25 1.388889 0 1.333333 0 1.333333 0.25 1.388889 0 1.388889 1 1.388889 1 1.444444 0.75 1.388889 0.75 1.388889 1 1.444444 0.75 1.444444 0.75 1.388889 0.75 1.444444 0.5 1.388889 0.5 1.388889 0.75 1.444444 0.5 1.444444 0.5 1.388889 0.5 1.444444 0.25 1.388889 0.25 1.388889 0.5 1.444444 0.25 1.444444 0.25 1.388889 0.25 1.444444 0 1.388889 0 1.388889 0.25 1.444444 0 1.444444 1 1.444444 1 1.5 0.75 1.444444 0.75 1.444444 1 1.5 0.75 1.5 0.75 1.444444 0.75 1.5 0.5 1.444444 0.5 1.444444 0.75 1.5 0.5 1.5 0.5 1.444444 0.5 1.5 0.25 1.444444 0.25 1.444444 0.5 1.5 0.25 1.5 0.25 1.444444 0.25 1.5 0 1.444444 0 1.444444 0.25 1.5 0 1.5 1 1.5 1 1.555556 0.75 1.5 0.75 1.5 1 1.555556 0.75 1.555556 0.75 1.5 0.75 1.555556 0.5 1.5 0.5 1.5 0.75 1.555556 0.5 1.555556 0.5 1.5 0.5 1.555556 0.25 1.5 0.25 1.5 0.5 1.555556 0.25 1.555556 0.25 1.5 0.25 1.555556 0 1.5 0 1.5 0.25 1.555556 0 1.555556 1 1.555556 1 1.611111 0.75 1.555556 0.75 1.555556 1 1.611111 0.75 1.611111 0.75 1.555556 0.75 1.611111 0.5 1.555556 0.5 1.555556 0.75 1.611111 0.5 1.611111 0.5 1.555556 0.5 1.611111 0.25 1.555556 0.25 1.555556 0.5 1.611111 0.25 1.611111 0.25 1.555556 0.25 1.611111 0 1.555556 0 1.555556 0.25 1.611111 0 1.611111 1 1.611111 1 1.666667 0.75 1.611111 0.75 1.611111 1 1.666667 0.75 1.666667 0.75 1.611111 0.75 1.666667 0.5 1.611111 0.5 1.611111 0.75 1.666667 0.5 1.666667 0.5 1.611111 0.5 1.666667 0.25 1.611111 0.25 1.611111 0.5 1.666667 0.25 1.666667 0.25 1.611111 0.25 1.666667 0 1.611111 0 1.611111 0.25 1.666667 0 1.666667 1 1.666667 1 1.722222 0.75 1.666667 0.75 1.666667 1 1.722222 0.75 1.722222 0.75 1.666667 0.75 1.722222 0.5 1.666667 0.5 1.666667 0.75 1.722222 0.5 1.722222 0.5 1.666667 0.5 1.722222 0.25 1.666667 0.25 1.666667 0.5 1.722222 0.25 1.722222 0.25 1.666667 0.25 1.722222 0 1.666667 0 1.666667 0.25 1.722222 0 1.722222 1 1.722222 1 1.777778 0.75 1.722222 0.75 1.722222 1 1.777778 0.75 1.777778 0.75 1.722222 0.75 1.777778 0.5 1.722222 0.5 1.722222 0.75 1.777778 0.5 1.777778 0.5 1.722222 0.5 1.777778 0.25 1.722222 0.25 1.722222 0.5 1.777778 0.25 1.777778 0.25 1.722222 0.25 1.777778 0 1.722222 0 1.722222 0.25 1.777778 0 1.777778 1 1.777778 1 1.833333 0.75 1.777778 0.75 1.777778 1 1.833333 0.75 1.833333 0.75 1.777778 0.75 1.833333 0.5 1.777778 0.5 1.777778 0.75 1.833333 0.5 1.833333 0.5 1.777778 0.5 1.833333 0.25 1.777778 0.25 1.777778 0.5 1.833333 0.25 1.833333 0.25 1.777778 0.25 1.833333 0 1.777778 0 1.777778 0.25 1.833333 0 1.833333 1 1.833333 1 1.888889 0.75 1.833333 0.75 1.833333 1 1.888889 0.75 1.888889 0.75 1.833333 0.75 1.888889 0.5 1.833333 0.5 1.833333 0.75 1.888889 0.5 1.888889 0.5 1.833333 0.5 1.888889 0.25 1.833333 0.25 1.833333 0.5 1.888889 0.25 1.888889 0.25 1.833333 0.25 1.888889 0 1.833333 0 1.833333 0.25 1.888889 0 1.888889 1 1.888889 1 1.944444 0.75 1.888889 0.75 1.888889 1 1.944444 0.75 1.944444 0.75 1.888889 0.75 1.944444 0.5 1.888889 0.5 1.888889 0.75 1.944444 0.5 1.944444 0.5 1.888889 0.5 1.944444 0.25 1.888889 0.25 1.888889 0.5 1.944444 0.25 1.944444 0.25 1.888889 0.25 1.944444 0 1.888889 0 1.888889 0.25 1.944444 0 1.944444 1 1.944444 0.5 2 0.75 1.944444 0.75 1.944444 0.5 2 0.5 1.944444 0.5 1.944444 0.5 2 0.25 1.944444 0.25 1.944444 0.5 2 0 1.944444 1 1 1 1.066667 0.75 1 0.75 1 1 1.066667 0.75 1.066667 0.75 1 0.75 1.066667 0.5 1 0.5 1 0.75 1.066667 0.5 1.066667 0.5 1 0.5 1.066667 0.25 1 0.25 1 0.5 1.066667 0.25 1.066667 0.25 1 0.25 1.066667 0 1 0 1 0.25 1.066667 0 1.066667 1 1.066667 1 1.133333 0.75 1.066667 0.75 1.066667 1 1.133333 0.75 1.133333 0.75 1.066667 0.75 1.133333 0.5 1.066667 0.5 1.066667 0.75 1.133333 0.5 1.133333 0.5 1.066667 0.5 1.133333 0.25 1.066667 0.25 1.066667 0.5 1.133333 0.25 1.133333 0.25 1.066667 0.25 1.133333 0 1.066667 0 1.066667 0.25 1.133333 0 1.133333 1 1.133333 1 1.2 0.75 1.133333 0.75 1.133333 1 1.2 0.75 1.2 0.75 1.133333 0.75 1.2 0.5 1.133333 0.5 1.133333 0.75 1.2 0.5 1.2 0.5 1.133333 0.5 1.2 0.25 1.133333 0.25 1.133333 0.5 1.2 0.25 1.2 0.25 1.133333 0.25 1.2 0 1.133333 0 1.133333 0.25 1.2 0 1.2 1 1.2 1 1.266667 0.75 1.2 0.75 1.2 1 1.266667 0.75 1.266667 0.75 1.2 0.75 1.266667 0.5 1.2 0.5 1.2 0.75 1.266667 0.5 1.266667 0.5 1.2 0.5 1.266667 0.25 1.2 0.25 1.2 0.5 1.266667 0.25 1.266667 0.25 1.2 0.25 1.266667 0 1.2 0 1.2 0.25 1.266667 0 1.266667 1 1.266667 1 1.333333 0.75 1.266667 0.75 1.266667 1 1.333333 0.75 1.333333 0.75 1.266667 0.75 1.333333 0.5 1.266667 0.5 1.266667 0.75 1.333333 0.5 1.333333 0.5 1.266667 0.5 1.333333 0.25 1.266667 0.25 1.266667 0.5 1.333333 0.25 1.333333 0.25 1.266667 0.25 1.333333 0 1.266667 0 1.266667 0.25 1.333333 0 1.333333 1 1.333333 1 1.4 0.75 1.333333 0.75 1.333333 1 1.4 0.75 1.4 0.75 1.333333 0.75 1.4 0.5 1.333333 0.5 1.333333 0.75 1.4 0.5 1.4 0.5 1.333333 0.5 1.4 0.25 1.333333 0.25 1.333333 0.5 1.4 0.25 1.4 0.25 1.333333 0.25 1.4 0 1.333333 0 1.333333 0.25 1.4 0 1.4 1 1.4 1 1.466667 0.75 1.4 0.75 1.4 1 1.466667 0.75 1.466667 0.75 1.4 0.75 1.466667 0.5 1.4 0.5 1.4 0.75 1.466667 0.5 1.466667 0.5 1.4 0.5 1.466667 0.25 1.4 0.25 1.4 0.5 1.466667 0.25 1.466667 0.25 1.4 0.25 1.466667 0 1.4 0 1.4 0.25 1.466667 0 1.466667 1 1.466667 1 1.533333 0.75 1.466667 0.75 1.466667 1 1.533333 0.75 1.533333 0.75 1.466667 0.75 1.533333 0.5 1.466667 0.5 1.466667 0.75 1.533333 0.5 1.533333 0.5 1.466667 0.5 1.533333 0.25 1.466667 0.25 1.466667 0.5 1.533333 0.25 1.533333 0.25 1.466667 0.25 1.533333 0 1.466667 0 1.466667 0.25 1.533333 0 1.533333 1 1.533333 1 1.6 0.75 1.533333 0.75 1.533333 1 1.6 0.75 1.6 0.75 1.533333 0.75 1.6 0.5 1.533333 0.5 1.533333 0.75 1.6 0.5 1.6 0.5 1.533333 0.5 1.6 0.25 1.533333 0.25 1.533333 0.5 1.6 0.25 1.6 0.25 1.533333 0.25 1.6 0 1.533333 0 1.533333 0.25 1.6 0 1.6 1 1.6 1 1.666667 0.75 1.6 0.75 1.6 1 1.666667 0.75 1.666667 0.75 1.6 0.75 1.666667 0.5 1.6 0.5 1.6 0.75 1.666667 0.5 1.666667 0.5 1.6 0.5 1.666667 0.25 1.6 0.25 1.6 0.5 1.666667 0.25 1.666667 0.25 1.6 0.25 1.666667 0 1.6 0 1.6 0.25 1.666667 0 1.666667 1 1.666667 1 1.733333 0.75 1.666667 0.75 1.666667 1 1.733333 0.75 1.733333 0.75 1.666667 0.75 1.733333 0.5 1.666667 0.5 1.666667 0.75 1.733333 0.5 1.733333 0.5 1.666667 0.5 1.733333 0.25 1.666667 0.25 1.666667 0.5 1.733333 0.25 1.733333 0.25 1.666667 0.25 1.733333 0 1.666667 0 1.666667 0.25 1.733333 0 1.733333 1 1.733333 1 1.8 0.75 1.733333 0.75 1.733333 1 1.8 0.75 1.8 0.75 1.733333 0.75 1.8 0.5 1.733333 0.5 1.733333 0.75 1.8 0.5 1.8 0.5 1.733333 0.5 1.8 0.25 1.733333 0.25 1.733333 0.5 1.8 0.25 1.8 0.25 1.733333 0.25 1.8 0 1.733333 0 1.733333 0.25 1.8 0 1.8 1 1.8 1 1.866667 0.75 1.8 0.75 1.8 1 1.866667 0.75 1.866667 0.75 1.8 0.75 1.866667 0.5 1.8 0.5 1.8 0.75 1.866667 0.5 1.866667 0.5 1.8 0.5 1.866667 0.25 1.8 0.25 1.8 0.5 1.866667 0.25 1.866667 0.25 1.8 0.25 1.866667 0 1.8 0 1.8 0.25 1.866667 0 1.866667 1 1.866667 1 1.933333 0.75 1.866667 0.75 1.866667 1 1.933333 0.75 1.933333 0.75 1.866667 0.75 1.933333 0.5 1.866667 0.5 1.866667 0.75 1.933333 0.5 1.933333 0.5 1.866667 0.5 1.933333 0.25 1.866667 0.25 1.866667 0.5 1.933333 0.25 1.933333 0.25 1.866667 0.25 1.933333 0 1.866667 0 1.866667 0.25 1.933333 0 1.933333 1 1.933333 0.5 2 0.75 1.933333 0.75 1.933333 0.5 2 0.5 1.933333 0.5 1.933333 0.5 2 0.25 1.933333 0.25 1.933333 0.5 2 0 1.933333 1 1 1 1.066667 0.75 1 0.75 1 1 1.066667 0.75 1.066667 0.75 1 0.75 1.066667 0.5 1 0.5 1 0.75 1.066667 0.5 1.066667 0.5 1 0.5 1.066667 0.25 1 0.25 1 0.5 1.066667 0.25 1.066667 0.25 1 0.25 1.066667 0 1 0 1 0.25 1.066667 0 1.066667 1 1.066667 1 1.133333 0.75 1.066667 0.75 1.066667 1 1.133333 0.75 1.133333 0.75 1.066667 0.75 1.133333 0.5 1.066667 0.5 1.066667 0.75 1.133333 0.5 1.133333 0.5 1.066667 0.5 1.133333 0.25 1.066667 0.25 1.066667 0.5 1.133333 0.25 1.133333 0.25 1.066667 0.25 1.133333 0 1.066667 0 1.066667 0.25 1.133333 0 1.133333 1 1.133333 1 1.2 0.75 1.133333 0.75 1.133333 1 1.2 0.75 1.2 0.75 1.133333 0.75 1.2 0.5 1.133333 0.5 1.133333 0.75 1.2 0.5 1.2 0.5 1.133333 0.5 1.2 0.25 1.133333 0.25 1.133333 0.5 1.2 0.25 1.2 0.25 1.133333 0.25 1.2 0 1.133333 0 1.133333 0.25 1.2 0 1.2 1 1.2 1 1.266667 0.75 1.2 0.75 1.2 1 1.266667 0.75 1.266667 0.75 1.2 0.75 1.266667 0.5 1.2 0.5 1.2 0.75 1.266667 0.5 1.266667 0.5 1.2 0.5 1.266667 0.25 1.2 0.25 1.2 0.5 1.266667 0.25 1.266667 0.25 1.2 0.25 1.266667 0 1.2 0 1.2 0.25 1.266667 0 1.266667 1 1.266667 1 1.333333 0.75 1.266667 0.75 1.266667 1 1.333333 0.75 1.333333 0.75 1.266667 0.75 1.333333 0.5 1.266667 0.5 1.266667 0.75 1.333333 0.5 1.333333 0.5 1.266667 0.5 1.333333 0.25 1.266667 0.25 1.266667 0.5 1.333333 0.25 1.333333 0.25 1.266667 0.25 1.333333 0 1.266667 0 1.266667 0.25 1.333333 0 1.333333 1 1.333333 1 1.4 0.75 1.333333 0.75 1.333333 1 1.4 0.75 1.4 0.75 1.333333 0.75 1.4 0.5 1.333333 0.5 1.333333 0.75 1.4 0.5 1.4 0.5 1.333333 0.5 1.4 0.25 1.333333 0.25 1.333333 0.5 1.4 0.25 1.4 0.25 1.333333 0.25 1.4 0 1.333333 0 1.333333 0.25 1.4 0 1.4 1 1.4 1 1.466667 0.75 1.4 0.75 1.4 1 1.466667 0.75 1.466667 0.75 1.4 0.75 1.466667 0.5 1.4 0.5 1.4 0.75 1.466667 0.5 1.466667 0.5 1.4 0.5 1.466667 0.25 1.4 0.25 1.4 0.5 1.466667 0.25 1.466667 0.25 1.4 0.25 1.466667 0 1.4 0 1.4 0.25 1.466667 0 1.466667 1 1.466667 1 1.533333 0.75 1.466667 0.75 1.466667 1 1.533333 0.75 1.533333 0.75 1.466667 0.75 1.533333 0.5 1.466667 0.5 1.466667 0.75 1.533333 0.5 1.533333 0.5 1.466667 0.5 1.533333 0.25 1.466667 0.25 1.466667 0.5 1.533333 0.25 1.533333 0.25 1.466667 0.25 1.533333 0 1.466667 0 1.466667 0.25 1.533333 0 1.533333 1 1.533333 1 1.6 0.75 1.533333 0.75 1.533333 1 1.6 0.75 1.6 0.75 1.533333 0.75 1.6 0.5 1.533333 0.5 1.533333 0.75 1.6 0.5 1.6 0.5 1.533333 0.5 1.6 0.25 1.533333 0.25 1.533333 0.5 1.6 0.25 1.6 0.25 1.533333 0.25 1.6 0 1.533333 0 1.533333 0.25 1.6 0 1.6 1 1.6 1 1.666667 0.75 1.6 0.75 1.6 1 1.666667 0.75 1.666667 0.75 1.6 0.75 1.666667 0.5 1.6 0.5 1.6 0.75 1.666667 0.5 1.666667 0.5 1.6 0.5 1.666667 0.25 1.6 0.25 1.6 0.5 1.666667 0.25 1.666667 0.25 1.6 0.25 1.666667 0 1.6 0 1.6 0.25 1.666667 0 1.666667 1 1.666667 1 1.733333 0.75 1.666667 0.75 1.666667 1 1.733333 0.75 1.733333 0.75 1.666667 0.75 1.733333 0.5 1.666667 0.5 1.666667 0.75 1.733333 0.5 1.733333 0.5 1.666667 0.5 1.733333 0.25 1.666667 0.25 1.666667 0.5 1.733333 0.25 1.733333 0.25 1.666667 0.25 1.733333 0 1.666667 0 1.666667 0.25 1.733333 0 1.733333 1 1.733333 1 1.8 0.75 1.733333 0.75 1.733333 1 1.8 0.75 1.8 0.75 1.733333 0.75 1.8 0.5 1.733333 0.5 1.733333 0.75 1.8 0.5 1.8 0.5 1.733333 0.5 1.8 0.25 1.733333 0.25 1.733333 0.5 1.8 0.25 1.8 0.25 1.733333 0.25 1.8 0 1.733333 0 1.733333 0.25 1.8 0 1.8 1 1.8 1 1.866667 0.75 1.8 0.75 1.8 1 1.866667 0.75 1.866667 0.75 1.8 0.75 1.866667 0.5 1.8 0.5 1.8 0.75 1.866667 0.5 1.866667 0.5 1.8 0.5 1.866667 0.25 1.8 0.25 1.8 0.5 1.866667 0.25 1.866667 0.25 1.8 0.25 1.866667 0 1.8 0 1.8 0.25 1.866667 0 1.866667 1 1.866667 1 1.933333 0.75 1.866667 0.75 1.866667 1 1.933333 0.75 1.933333 0.75 1.866667 0.75 1.933333 0.5 1.866667 0.5 1.866667 0.75 1.933333 0.5 1.933333 0.5 1.866667 0.5 1.933333 0.25 1.866667 0.25 1.866667 0.5 1.933333 0.25 1.933333 0.25 1.866667 0.25 1.933333 0 1.866667 0 1.866667 0.25 1.933333 0 1.933333 1 1.933333 0.5 2 0.75 1.933333 0.75 1.933333 0.5 2 0.5 1.933333 0.5 1.933333 0.5 2 0.25 1.933333 0.25 1.933333 0.5 2 0 1.933333 1 1 1 1.066667 0.75 1 0.75 1 1 1.066667 0.75 1.066667 0.75 1 0.75 1.066667 0.5 1 0.5 1 0.75 1.066667 0.5 1.066667 0.5 1 0.5 1.066667 0.25 1 0.25 1 0.5 1.066667 0.25 1.066667 0.25 1 0.25 1.066667 0 1 0 1 0.25 1.066667 0 1.066667 1 1.066667 1 1.133333 0.75 1.066667 0.75 1.066667 1 1.133333 0.75 1.133333 0.75 1.066667 0.75 1.133333 0.5 1.066667 0.5 1.066667 0.75 1.133333 0.5 1.133333 0.5 1.066667 0.5 1.133333 0.25 1.066667 0.25 1.066667 0.5 1.133333 0.25 1.133333 0.25 1.066667 0.25 1.133333 0 1.066667 0 1.066667 0.25 1.133333 0 1.133333 1 1.133333 1 1.2 0.75 1.133333 0.75 1.133333 1 1.2 0.75 1.2 0.75 1.133333 0.75 1.2 0.5 1.133333 0.5 1.133333 0.75 1.2 0.5 1.2 0.5 1.133333 0.5 1.2 0.25 1.133333 0.25 1.133333 0.5 1.2 0.25 1.2 0.25 1.133333 0.25 1.2 0 1.133333 0 1.133333 0.25 1.2 0 1.2 1 1.2 1 1.266667 0.75 1.2 0.75 1.2 1 1.266667 0.75 1.266667 0.75 1.2 0.75 1.266667 0.5 1.2 0.5 1.2 0.75 1.266667 0.5 1.266667 0.5 1.2 0.5 1.266667 0.25 1.2 0.25 1.2 0.5 1.266667 0.25 1.266667 0.25 1.2 0.25 1.266667 0 1.2 0 1.2 0.25 1.266667 0 1.266667 1 1.266667 1 1.333333 0.75 1.266667 0.75 1.266667 1 1.333333 0.75 1.333333 0.75 1.266667 0.75 1.333333 0.5 1.266667 0.5 1.266667 0.75 1.333333 0.5 1.333333 0.5 1.266667 0.5 1.333333 0.25 1.266667 0.25 1.266667 0.5 1.333333 0.25 1.333333 0.25 1.266667 0.25 1.333333 0 1.266667 0 1.266667 0.25 1.333333 0 1.333333 1 1.333333 1 1.4 0.75 1.333333 0.75 1.333333 1 1.4 0.75 1.4 0.75 1.333333 0.75 1.4 0.5 1.333333 0.5 1.333333 0.75 1.4 0.5 1.4 0.5 1.333333 0.5 1.4 0.25 1.333333 0.25 1.333333 0.5 1.4 0.25 1.4 0.25 1.333333 0.25 1.4 0 1.333333 0 1.333333 0.25 1.4 0 1.4 1 1.4 1 1.466667 0.75 1.4 0.75 1.4 1 1.466667 0.75 1.466667 0.75 1.4 0.75 1.466667 0.5 1.4 0.5 1.4 0.75 1.466667 0.5 1.466667 0.5 1.4 0.5 1.466667 0.25 1.4 0.25 1.4 0.5 1.466667 0.25 1.466667 0.25 1.4 0.25 1.466667 0 1.4 0 1.4 0.25 1.466667 0 1.466667 1 1.466667 1 1.533333 0.75 1.466667 0.75 1.466667 1 1.533333 0.75 1.533333 0.75 1.466667 0.75 1.533333 0.5 1.466667 0.5 1.466667 0.75 1.533333 0.5 1.533333 0.5 1.466667 0.5 1.533333 0.25 1.466667 0.25 1.466667 0.5 1.533333 0.25 1.533333 0.25 1.466667 0.25 1.533333 0 1.466667 0 1.466667 0.25 1.533333 0 1.533333 1 1.533333 1 1.6 0.75 1.533333 0.75 1.533333 1 1.6 0.75 1.6 0.75 1.533333 0.75 1.6 0.5 1.533333 0.5 1.533333 0.75 1.6 0.5 1.6 0.5 1.533333 0.5 1.6 0.25 1.533333 0.25 1.533333 0.5 1.6 0.25 1.6 0.25 1.533333 0.25 1.6 0 1.533333 0 1.533333 0.25 1.6 0 1.6 1 1.6 1 1.666667 0.75 1.6 0.75 1.6 1 1.666667 0.75 1.666667 0.75 1.6 0.75 1.666667 0.5 1.6 0.5 1.6 0.75 1.666667 0.5 1.666667 0.5 1.6 0.5 1.666667 0.25 1.6 0.25 1.6 0.5 1.666667 0.25 1.666667 0.25 1.6 0.25 1.666667 0 1.6 0 1.6 0.25 1.666667 0 1.666667 1 1.666667 1 1.733333 0.75 1.666667 0.75 1.666667 1 1.733333 0.75 1.733333 0.75 1.666667 0.75 1.733333 0.5 1.666667 0.5 1.666667 0.75 1.733333 0.5 1.733333 0.5 1.666667 0.5 1.733333 0.25 1.666667 0.25 1.666667 0.5 1.733333 0.25 1.733333 0.25 1.666667 0.25 1.733333 0 1.666667 0 1.666667 0.25 1.733333 0 1.733333 1 1.733333 1 1.8 0.75 1.733333 0.75 1.733333 1 1.8 0.75 1.8 0.75 1.733333 0.75 1.8 0.5 1.733333 0.5 1.733333 0.75 1.8 0.5 1.8 0.5 1.733333 0.5 1.8 0.25 1.733333 0.25 1.733333 0.5 1.8 0.25 1.8 0.25 1.733333 0.25 1.8 0 1.733333 0 1.733333 0.25 1.8 0 1.8 1 1.8 1 1.866667 0.75 1.8 0.75 1.8 1 1.866667 0.75 1.866667 0.75 1.8 0.75 1.866667 0.5 1.8 0.5 1.8 0.75 1.866667 0.5 1.866667 0.5 1.8 0.5 1.866667 0.25 1.8 0.25 1.8 0.5 1.866667 0.25 1.866667 0.25 1.8 0.25 1.866667 0 1.8 0 1.8 0.25 1.866667 0 1.866667 1 1.866667 1 1.933333 0.75 1.866667 0.75 1.866667 1 1.933333 0.75 1.933333 0.75 1.866667 0.75 1.933333 0.5 1.866667 0.5 1.866667 0.75 1.933333 0.5 1.933333 0.5 1.866667 0.5 1.933333 0.25 1.866667 0.25 1.866667 0.5 1.933333 0.25 1.933333 0.25 1.866667 0.25 1.933333 0 1.866667 0 1.866667 0.25 1.933333 0 1.933333 1 1.933333 0.5 2 0.75 1.933333 0.75 1.933333 0.5 2 0.5 1.933333 0.5 1.933333 0.5 2 0.25 1.933333 0.25 1.933333 0.5 2 0 1.933333 1 1 1 1.066667 0.75 1 0.75 1 1 1.066667 0.75 1.066667 0.75 1 0.75 1.066667 0.5 1 0.5 1 0.75 1.066667 0.5 1.066667 0.5 1 0.5 1.066667 0.25 1 0.25 1 0.5 1.066667 0.25 1.066667 0.25 1 0.25 1.066667 0 1 0 1 0.25 1.066667 0 1.066667 1 1.066667 1 1.133333 0.75 1.066667 0.75 1.066667 1 1.133333 0.75 1.133333 0.75 1.066667 0.75 1.133333 0.5 1.066667 0.5 1.066667 0.75 1.133333 0.5 1.133333 0.5 1.066667 0.5 1.133333 0.25 1.066667 0.25 1.066667 0.5 1.133333 0.25 1.133333 0.25 1.066667 0.25 1.133333 0 1.066667 0 1.066667 0.25 1.133333 0 1.133333 1 1.133333 1 1.2 0.75 1.133333 0.75 1.133333 1 1.2 0.75 1.2 0.75 1.133333 0.75 1.2 0.5 1.133333 0.5 1.133333 0.75 1.2 0.5 1.2 0.5 1.133333 0.5 1.2 0.25 1.133333 0.25 1.133333 0.5 1.2 0.25 1.2 0.25 1.133333 0.25 1.2 0 1.133333 0 1.133333 0.25 1.2 0 1.2 1 1.2 1 1.266667 0.75 1.2 0.75 1.2 1 1.266667 0.75 1.266667 0.75 1.2 0.75 1.266667 0.5 1.2 0.5 1.2 0.75 1.266667 0.5 1.266667 0.5 1.2 0.5 1.266667 0.25 1.2 0.25 1.2 0.5 1.266667 0.25 1.266667 0.25 1.2 0.25 1.266667 0 1.2 0 1.2 0.25 1.266667 0 1.266667 1 1.266667 1 1.333333 0.75 1.266667 0.75 1.266667 1 1.333333 0.75 1.333333 0.75 1.266667 0.75 1.333333 0.5 1.266667 0.5 1.266667 0.75 1.333333 0.5 1.333333 0.5 1.266667 0.5 1.333333 0.25 1.266667 0.25 1.266667 0.5 1.333333 0.25 1.333333 0.25 1.266667 0.25 1.333333 0 1.266667 0 1.266667 0.25 1.333333 0 1.333333 1 1.333333 1 1.4 0.75 1.333333 0.75 1.333333 1 1.4 0.75 1.4 0.75 1.333333 0.75 1.4 0.5 1.333333 0.5 1.333333 0.75 1.4 0.5 1.4 0.5 1.333333 0.5 1.4 0.25 1.333333 0.25 1.333333 0.5 1.4 0.25 1.4 0.25 1.333333 0.25 1.4 0 1.333333 0 1.333333 0.25 1.4 0 1.4 1 1.4 1 1.466667 0.75 1.4 0.75 1.4 1 1.466667 0.75 1.466667 0.75 1.4 0.75 1.466667 0.5 1.4 0.5 1.4 0.75 1.466667 0.5 1.466667 0.5 1.4 0.5 1.466667 0.25 1.4 0.25 1.4 0.5 1.466667 0.25 1.466667 0.25 1.4 0.25 1.466667 0 1.4 0 1.4 0.25 1.466667 0 1.466667 1 1.466667 1 1.533333 0.75 1.466667 0.75 1.466667 1 1.533333 0.75 1.533333 0.75 1.466667 0.75 1.533333 0.5 1.466667 0.5 1.466667 0.75 1.533333 0.5 1.533333 0.5 1.466667 0.5 1.533333 0.25 1.466667 0.25 1.466667 0.5 1.533333 0.25 1.533333 0.25 1.466667 0.25 1.533333 0 1.466667 0 1.466667 0.25 1.533333 0 1.533333 1 1.533333 1 1.6 0.75 1.533333 0.75 1.533333 1 1.6 0.75 1.6 0.75 1.533333 0.75 1.6 0.5 1.533333 0.5 1.533333 0.75 1.6 0.5 1.6 0.5 1.533333 0.5 1.6 0.25 1.533333 0.25 1.533333 0.5 1.6 0.25 1.6 0.25 1.533333 0.25 1.6 0 1.533333 0 1.533333 0.25 1.6 0 1.6 1 1.6 1 1.666667 0.75 1.6 0.75 1.6 1 1.666667 0.75 1.666667 0.75 1.6 0.75 1.666667 0.5 1.6 0.5 1.6 0.75 1.666667 0.5 1.666667 0.5 1.6 0.5 1.666667 0.25 1.6 0.25 1.6 0.5 1.666667 0.25 1.666667 0.25 1.6 0.25 1.666667 0 1.6 0 1.6 0.25 1.666667 0 1.666667 1 1.666667 1 1.733333 0.75 1.666667 0.75 1.666667 1 1.733333 0.75 1.733333 0.75 1.666667 0.75 1.733333 0.5 1.666667 0.5 1.666667 0.75 1.733333 0.5 1.733333 0.5 1.666667 0.5 1.733333 0.25 1.666667 0.25 1.666667 0.5 1.733333 0.25 1.733333 0.25 1.666667 0.25 1.733333 0 1.666667 0 1.666667 0.25 1.733333 0 1.733333 1 1.733333 1 1.8 0.75 1.733333 0.75 1.733333 1 1.8 0.75 1.8 0.75 1.733333 0.75 1.8 0.5 1.733333 0.5 1.733333 0.75 1.8 0.5 1.8 0.5 1.733333 0.5 1.8 0.25 1.733333 0.25 1.733333 0.5 1.8 0.25 1.8 0.25 1.733333 0.25 1.8 0 1.733333 0 1.733333 0.25 1.8 0 1.8 1 1.8 1 1.866667 0.75 1.8 0.75 1.8 1 1.866667 0.75 1.866667 0.75 1.8 0.75 1.866667 0.5 1.8 0.5 1.8 0.75 1.866667 0.5 1.866667 0.5 1.8 0.5 1.866667 0.25 1.8 0.25 1.8 0.5 1.866667 0.25 1.866667 0.25 1.8 0.25 1.866667 0 1.8 0 1.8 0.25 1.866667 0 1.866667 1 1.866667 1 1.933333 0.75 1.866667 0.75 1.866667 1 1.933333 0.75 1.933333 0.75 1.866667 0.75 1.933333 0.5 1.866667 0.5 1.866667 0.75 1.933333 0.5 1.933333 0.5 1.866667 0.5 1.933333 0.25 1.866667 0.25 1.866667 0.5 1.933333 0.25 1.933333 0.25 1.866667 0.25 1.933333 0 1.866667 0 1.866667 0.25 1.933333 0 1.933333 1 1.933333 0.5 2 0.75 1.933333 0.75 1.933333 0.5 2 0.5 1.933333 0.5 1.933333 0.5 2 0.25 1.933333 0.25 1.933333 0.5 2 0 1.933333 1 1 1 1.066667 0.75 1 0.75 1 1 1.066667 0.75 1.066667 0.75 1 0.75 1.066667 0.5 1 0.5 1 0.75 1.066667 0.5 1.066667 0.5 1 0.5 1.066667 0.25 1 0.25 1 0.5 1.066667 0.25 1.066667 0.25 1 0.25 1.066667 0 1 0 1 0.25 1.066667 0 1.066667 1 1.066667 1 1.133333 0.75 1.066667 0.75 1.066667 1 1.133333 0.75 1.133333 0.75 1.066667 0.75 1.133333 0.5 1.066667 0.5 1.066667 0.75 1.133333 0.5 1.133333 0.5 1.066667 0.5 1.133333 0.25 1.066667 0.25 1.066667 0.5 1.133333 0.25 1.133333 0.25 1.066667 0.25 1.133333 0 1.066667 0 1.066667 0.25 1.133333 0 1.133333 1 1.133333 1 1.2 0.75 1.133333 0.75 1.133333 1 1.2 0.75 1.2 0.75 1.133333 0.75 1.2 0.5 1.133333 0.5 1.133333 0.75 1.2 0.5 1.2 0.5 1.133333 0.5 1.2 0.25 1.133333 0.25 1.133333 0.5 1.2 0.25 1.2 0.25 1.133333 0.25 1.2 0 1.133333 0 1.133333 0.25 1.2 0 1.2 1 1.2 1 1.266667 0.75 1.2 0.75 1.2 1 1.266667 0.75 1.266667 0.75 1.2 0.75 1.266667 0.5 1.2 0.5 1.2 0.75 1.266667 0.5 1.266667 0.5 1.2 0.5 1.266667 0.25 1.2 0.25 1.2 0.5 1.266667 0.25 1.266667 0.25 1.2 0.25 1.266667 0 1.2 0 1.2 0.25 1.266667 0 1.266667 1 1.266667 1 1.333333 0.75 1.266667 0.75 1.266667 1 1.333333 0.75 1.333333 0.75 1.266667 0.75 1.333333 0.5 1.266667 0.5 1.266667 0.75 1.333333 0.5 1.333333 0.5 1.266667 0.5 1.333333 0.25 1.266667 0.25 1.266667 0.5 1.333333 0.25 1.333333 0.25 1.266667 0.25 1.333333 0 1.266667 0 1.266667 0.25 1.333333 0 1.333333 1 1.333333 1 1.4 0.75 1.333333 0.75 1.333333 1 1.4 0.75 1.4 0.75 1.333333 0.75 1.4 0.5 1.333333 0.5 1.333333 0.75 1.4 0.5 1.4 0.5 1.333333 0.5 1.4 0.25 1.333333 0.25 1.333333 0.5 1.4 0.25 1.4 0.25 1.333333 0.25 1.4 0 1.333333 0 1.333333 0.25 1.4 0 1.4 1 1.4 1 1.466667 0.75 1.4 0.75 1.4 1 1.466667 0.75 1.466667 0.75 1.4 0.75 1.466667 0.5 1.4 0.5 1.4 0.75 1.466667 0.5 1.466667 0.5 1.4 0.5 1.466667 0.25 1.4 0.25 1.4 0.5 1.466667 0.25 1.466667 0.25 1.4 0.25 1.466667 0 1.4 0 1.4 0.25 1.466667 0 1.466667 1 1.466667 1 1.533333 0.75 1.466667 0.75 1.466667 1 1.533333 0.75 1.533333 0.75 1.466667 0.75 1.533333 0.5 1.466667 0.5 1.466667 0.75 1.533333 0.5 1.533333 0.5 1.466667 0.5 1.533333 0.25 1.466667 0.25 1.466667 0.5 1.533333 0.25 1.533333 0.25 1.466667 0.25 1.533333 0 1.466667 0 1.466667 0.25 1.533333 0 1.533333 1 1.533333 1 1.6 0.75 1.533333 0.75 1.533333 1 1.6 0.75 1.6 0.75 1.533333 0.75 1.6 0.5 1.533333 0.5 1.533333 0.75 1.6 0.5 1.6 0.5 1.533333 0.5 1.6 0.25 1.533333 0.25 1.533333 0.5 1.6 0.25 1.6 0.25 1.533333 0.25 1.6 0 1.533333 0 1.533333 0.25 1.6 0 1.6 1 1.6 1 1.666667 0.75 1.6 0.75 1.6 1 1.666667 0.75 1.666667 0.75 1.6 0.75 1.666667 0.5 1.6 0.5 1.6 0.75 1.666667 0.5 1.666667 0.5 1.6 0.5 1.666667 0.25 1.6 0.25 1.6 0.5 1.666667 0.25 1.666667 0.25 1.6 0.25 1.666667 0 1.6 0 1.6 0.25 1.666667 0 1.666667 1 1.666667 1 1.733333 0.75 1.666667 0.75 1.666667 1 1.733333 0.75 1.733333 0.75 1.666667 0.75 1.733333 0.5 1.666667 0.5 1.666667 0.75 1.733333 0.5 1.733333 0.5 1.666667 0.5 1.733333 0.25 1.666667 0.25 1.666667 0.5 1.733333 0.25 1.733333 0.25 1.666667 0.25 1.733333 0 1.666667 0 1.666667 0.25 1.733333 0 1.733333 1 1.733333 1 1.8 0.75 1.733333 0.75 1.733333 1 1.8 0.75 1.8 0.75 1.733333 0.75 1.8 0.5 1.733333 0.5 1.733333 0.75 1.8 0.5 1.8 0.5 1.733333 0.5 1.8 0.25 1.733333 0.25 1.733333 0.5 1.8 0.25 1.8 0.25 1.733333 0.25 1.8 0 1.733333 0 1.733333 0.25 1.8 0 1.8 1 1.8 1 1.866667 0.75 1.8 0.75 1.8 1 1.866667 0.75 1.866667 0.75 1.8 0.75 1.866667 0.5 1.8 0.5 1.8 0.75 1.866667 0.5 1.866667 0.5 1.8 0.5 1.866667 0.25 1.8 0.25 1.8 0.5 1.866667 0.25 1.866667 0.25 1.8 0.25 1.866667 0 1.8 0 1.8 0.25 1.866667 0 1.866667 1 1.866667 1 1.933333 0.75 1.866667 0.75 1.866667 1 1.933333 0.75 1.933333 0.75 1.866667 0.75 1.933333 0.5 1.866667 0.5 1.866667 0.75 1.933333 0.5 1.933333 0.5 1.866667 0.5 1.933333 0.25 1.866667 0.25 1.866667 0.5 1.933333 0.25 1.933333 0.25 1.866667 0.25 1.933333 0 1.866667 0 1.866667 0.25 1.933333 0 1.933333 1 1.933333 0.5 2 0.75 1.933333 0.75 1.933333 0.5 2 0.5 1.933333 0.5 1.933333 0.5 2 0.25 1.933333 0.25 1.933333 0.5 2 0 1.933333 1 1 1 1.066667 0.75 1 0.75 1 1 1.066667 0.75 1.066667 0.75 1 0.75 1.066667 0.5 1 0.5 1 0.75 1.066667 0.5 1.066667 0.5 1 0.5 1.066667 0.25 1 0.25 1 0.5 1.066667 0.25 1.066667 0.25 1 0.25 1.066667 0 1 0 1 0.25 1.066667 0 1.066667 1 1.066667 1 1.133333 0.75 1.066667 0.75 1.066667 1 1.133333 0.75 1.133333 0.75 1.066667 0.75 1.133333 0.5 1.066667 0.5 1.066667 0.75 1.133333 0.5 1.133333 0.5 1.066667 0.5 1.133333 0.25 1.066667 0.25 1.066667 0.5 1.133333 0.25 1.133333 0.25 1.066667 0.25 1.133333 0 1.066667 0 1.066667 0.25 1.133333 0 1.133333 1 1.133333 1 1.2 0.75 1.133333 0.75 1.133333 1 1.2 0.75 1.2 0.75 1.133333 0.75 1.2 0.5 1.133333 0.5 1.133333 0.75 1.2 0.5 1.2 0.5 1.133333 0.5 1.2 0.25 1.133333 0.25 1.133333 0.5 1.2 0.25 1.2 0.25 1.133333 0.25 1.2 0 1.133333 0 1.133333 0.25 1.2 0 1.2 1 1.2 1 1.266667 0.75 1.2 0.75 1.2 1 1.266667 0.75 1.266667 0.75 1.2 0.75 1.266667 0.5 1.2 0.5 1.2 0.75 1.266667 0.5 1.266667 0.5 1.2 0.5 1.266667 0.25 1.2 0.25 1.2 0.5 1.266667 0.25 1.266667 0.25 1.2 0.25 1.266667 0 1.2 0 1.2 0.25 1.266667 0 1.266667 1 1.266667 1 1.333333 0.75 1.266667 0.75 1.266667 1 1.333333 0.75 1.333333 0.75 1.266667 0.75 1.333333 0.5 1.266667 0.5 1.266667 0.75 1.333333 0.5 1.333333 0.5 1.266667 0.5 1.333333 0.25 1.266667 0.25 1.266667 0.5 1.333333 0.25 1.333333 0.25 1.266667 0.25 1.333333 0 1.266667 0 1.266667 0.25 1.333333 0 1.333333 1 1.333333 1 1.4 0.75 1.333333 0.75 1.333333 1 1.4 0.75 1.4 0.75 1.333333 0.75 1.4 0.5 1.333333 0.5 1.333333 0.75 1.4 0.5 1.4 0.5 1.333333 0.5 1.4 0.25 1.333333 0.25 1.333333 0.5 1.4 0.25 1.4 0.25 1.333333 0.25 1.4 0 1.333333 0 1.333333 0.25 1.4 0 1.4 1 1.4 1 1.466667 0.75 1.4 0.75 1.4 1 1.466667 0.75 1.466667 0.75 1.4 0.75 1.466667 0.5 1.4 0.5 1.4 0.75 1.466667 0.5 1.466667 0.5 1.4 0.5 1.466667 0.25 1.4 0.25 1.4 0.5 1.466667 0.25 1.466667 0.25 1.4 0.25 1.466667 0 1.4 0 1.4 0.25 1.466667 0 1.466667 1 1.466667 1 1.533333 0.75 1.466667 0.75 1.466667 1 1.533333 0.75 1.533333 0.75 1.466667 0.75 1.533333 0.5 1.466667 0.5 1.466667 0.75 1.533333 0.5 1.533333 0.5 1.466667 0.5 1.533333 0.25 1.466667 0.25 1.466667 0.5 1.533333 0.25 1.533333 0.25 1.466667 0.25 1.533333 0 1.466667 0 1.466667 0.25 1.533333 0 1.533333 1 1.533333 1 1.6 0.75 1.533333 0.75 1.533333 1 1.6 0.75 1.6 0.75 1.533333 0.75 1.6 0.5 1.533333 0.5 1.533333 0.75 1.6 0.5 1.6 0.5 1.533333 0.5 1.6 0.25 1.533333 0.25 1.533333 0.5 1.6 0.25 1.6 0.25 1.533333 0.25 1.6 0 1.533333 0 1.533333 0.25 1.6 0 1.6 1 1.6 1 1.666667 0.75 1.6 0.75 1.6 1 1.666667 0.75 1.666667 0.75 1.6 0.75 1.666667 0.5 1.6 0.5 1.6 0.75 1.666667 0.5 1.666667 0.5 1.6 0.5 1.666667 0.25 1.6 0.25 1.6 0.5 1.666667 0.25 1.666667 0.25 1.6 0.25 1.666667 0 1.6 0 1.6 0.25 1.666667 0 1.666667 1 1.666667 1 1.733333 0.75 1.666667 0.75 1.666667 1 1.733333 0.75 1.733333 0.75 1.666667 0.75 1.733333 0.5 1.666667 0.5 1.666667 0.75 1.733333 0.5 1.733333 0.5 1.666667 0.5 1.733333 0.25 1.666667 0.25 1.666667 0.5 1.733333 0.25 1.733333 0.25 1.666667 0.25 1.733333 0 1.666667 0 1.666667 0.25 1.733333 0 1.733333 1 1.733333 1 1.8 0.75 1.733333 0.75 1.733333 1 1.8 0.75 1.8 0.75 1.733333 0.75 1.8 0.5 1.733333 0.5 1.733333 0.75 1.8 0.5 1.8 0.5 1.733333 0.5 1.8 0.25 1.733333 0.25 1.733333 0.5 1.8 0.25 1.8 0.25 1.733333 0.25 1.8 0 1.733333 0 1.733333 0.25 1.8 0 1.8 1 1.8 1 1.866667 0.75 1.8 0.75 1.8 1 1.866667 0.75 1.866667 0.75 1.8 0.75 1.866667 0.5 1.8 0.5 1.8 0.75 1.866667 0.5 1.866667 0.5 1.8 0.5 1.866667 0.25 1.8 0.25 1.8 0.5 1.866667 0.25 1.866667 0.25 1.8 0.25 1.866667 0 1.8 0 1.8 0.25 1.866667 0 1.866667 1 1.866667 1 1.933333 0.75 1.866667 0.75 1.866667 1 1.933333 0.75 1.933333 0.75 1.866667 0.75 1.933333 0.5 1.866667 0.5 1.866667 0.75 1.933333 0.5 1.933333 0.5 1.866667 0.5 1.933333 0.25 1.866667 0.25 1.866667 0.5 1.933333 0.25 1.933333 0.25 1.866667 0.25 1.933333 0 1.866667 0 1.866667 0.25 1.933333 0 1.933333 1 1.933333 0.5 2 0.75 1.933333 0.75 1.933333 0.5 2 0.5 1.933333 0.5 1.933333 0.5 2 0.25 1.933333 0.25 1.933333 0.5 2 0 1.933333 1 1 1 1.066667 0.75 1 0.75 1 1 1.066667 0.75 1.066667 0.75 1 0.75 1.066667 0.5 1 0.5 1 0.75 1.066667 0.5 1.066667 0.5 1 0.5 1.066667 0.25 1 0.25 1 0.5 1.066667 0.25 1.066667 0.25 1 0.25 1.066667 0 1 0 1 0.25 1.066667 0 1.066667 1 1.066667 1 1.133333 0.75 1.066667 0.75 1.066667 1 1.133333 0.75 1.133333 0.75 1.066667 0.75 1.133333 0.5 1.066667 0.5 1.066667 0.75 1.133333 0.5 1.133333 0.5 1.066667 0.5 1.133333 0.25 1.066667 0.25 1.066667 0.5 1.133333 0.25 1.133333 0.25 1.066667 0.25 1.133333 0 1.066667 0 1.066667 0.25 1.133333 0 1.133333 1 1.133333 1 1.2 0.75 1.133333 0.75 1.133333 1 1.2 0.75 1.2 0.75 1.133333 0.75 1.2 0.5 1.133333 0.5 1.133333 0.75 1.2 0.5 1.2 0.5 1.133333 0.5 1.2 0.25 1.133333 0.25 1.133333 0.5 1.2 0.25 1.2 0.25 1.133333 0.25 1.2 0 1.133333 0 1.133333 0.25 1.2 0 1.2 1 1.2 1 1.266667 0.75 1.2 0.75 1.2 1 1.266667 0.75 1.266667 0.75 1.2 0.75 1.266667 0.5 1.2 0.5 1.2 0.75 1.266667 0.5 1.266667 0.5 1.2 0.5 1.266667 0.25 1.2 0.25 1.2 0.5 1.266667 0.25 1.266667 0.25 1.2 0.25 1.266667 0 1.2 0 1.2 0.25 1.266667 0 1.266667 1 1.266667 1 1.333333 0.75 1.266667 0.75 1.266667 1 1.333333 0.75 1.333333 0.75 1.266667 0.75 1.333333 0.5 1.266667 0.5 1.266667 0.75 1.333333 0.5 1.333333 0.5 1.266667 0.5 1.333333 0.25 1.266667 0.25 1.266667 0.5 1.333333 0.25 1.333333 0.25 1.266667 0.25 1.333333 0 1.266667 0 1.266667 0.25 1.333333 0 1.333333 1 1.333333 1 1.4 0.75 1.333333 0.75 1.333333 1 1.4 0.75 1.4 0.75 1.333333 0.75 1.4 0.5 1.333333 0.5 1.333333 0.75 1.4 0.5 1.4 0.5 1.333333 0.5 1.4 0.25 1.333333 0.25 1.333333 0.5 1.4 0.25 1.4 0.25 1.333333 0.25 1.4 0 1.333333 0 1.333333 0.25 1.4 0 1.4 1 1.4 1 1.466667 0.75 1.4 0.75 1.4 1 1.466667 0.75 1.466667 0.75 1.4 0.75 1.466667 0.5 1.4 0.5 1.4 0.75 1.466667 0.5 1.466667 0.5 1.4 0.5 1.466667 0.25 1.4 0.25 1.4 0.5 1.466667 0.25 1.466667 0.25 1.4 0.25 1.466667 0 1.4 0 1.4 0.25 1.466667 0 1.466667 1 1.466667 1 1.533333 0.75 1.466667 0.75 1.466667 1 1.533333 0.75 1.533333 0.75 1.466667 0.75 1.533333 0.5 1.466667 0.5 1.466667 0.75 1.533333 0.5 1.533333 0.5 1.466667 0.5 1.533333 0.25 1.466667 0.25 1.466667 0.5 1.533333 0.25 1.533333 0.25 1.466667 0.25 1.533333 0 1.466667 0 1.466667 0.25 1.533333 0 1.533333 1 1.533333 1 1.6 0.75 1.533333 0.75 1.533333 1 1.6 0.75 1.6 0.75 1.533333 0.75 1.6 0.5 1.533333 0.5 1.533333 0.75 1.6 0.5 1.6 0.5 1.533333 0.5 1.6 0.25 1.533333 0.25 1.533333 0.5 1.6 0.25 1.6 0.25 1.533333 0.25 1.6 0 1.533333 0 1.533333 0.25 1.6 0 1.6 1 1.6 1 1.666667 0.75 1.6 0.75 1.6 1 1.666667 0.75 1.666667 0.75 1.6 0.75 1.666667 0.5 1.6 0.5 1.6 0.75 1.666667 0.5 1.666667 0.5 1.6 0.5 1.666667 0.25 1.6 0.25 1.6 0.5 1.666667 0.25 1.666667 0.25 1.6 0.25 1.666667 0 1.6 0 1.6 0.25 1.666667 0 1.666667 1 1.666667 1 1.733333 0.75 1.666667 0.75 1.666667 1 1.733333 0.75 1.733333 0.75 1.666667 0.75 1.733333 0.5 1.666667 0.5 1.666667 0.75 1.733333 0.5 1.733333 0.5 1.666667 0.5 1.733333 0.25 1.666667 0.25 1.666667 0.5 1.733333 0.25 1.733333 0.25 1.666667 0.25 1.733333 0 1.666667 0 1.666667 0.25 1.733333 0 1.733333 1 1.733333 1 1.8 0.75 1.733333 0.75 1.733333 1 1.8 0.75 1.8 0.75 1.733333 0.75 1.8 0.5 1.733333 0.5 1.733333 0.75 1.8 0.5 1.8 0.5 1.733333 0.5 1.8 0.25 1.733333 0.25 1.733333 0.5 1.8 0.25 1.8 0.25 1.733333 0.25 1.8 0 1.733333 0 1.733333 0.25 1.8 0 1.8 1 1.8 1 1.866667 0.75 1.8 0.75 1.8 1 1.866667 0.75 1.866667 0.75 1.8 0.75 1.866667 0.5 1.8 0.5 1.8 0.75 1.866667 0.5 1.866667 0.5 1.8 0.5 1.866667 0.25 1.8 0.25 1.8 0.5 1.866667 0.25 1.866667 0.25 1.8 0.25 1.866667 0 1.8 0 1.8 0.25 1.866667 0 1.866667 1 1.866667 1 1.933333 0.75 1.866667 0.75 1.866667 1 1.933333 0.75 1.933333 0.75 1.866667 0.75 1.933333 0.5 1.866667 0.5 1.866667 0.75 1.933333 0.5 1.933333 0.5 1.866667 0.5 1.933333 0.25 1.866667 0.25 1.866667 0.5 1.933333 0.25 1.933333 0.25 1.866667 0.25 1.933333 0 1.866667 0 1.866667 0.25 1.933333 0 1.933333 1 1.933333 0.5 2 0.75 1.933333 0.75 1.933333 0.5 2 0.5 1.933333 0.5 1.933333 0.5 2 0.25 1.933333 0.25 1.933333 0.5 2 0 1.933333 1 1 1 1.05 0.75 1 0.75 1 1 1.05 0.75 1.05 0.75 1 0.75 1.05 0.5 1 0.5 1 0.75 1.05 0.5 1.05 0.5 1 0.5 1.05 0.25 1 0.25 1 0.5 1.05 0.25 1.05 0.25 1 0.25 1.05 0 1 0 1 0.25 1.05 0 1.05 1 1.05 1 1.1 0.75 1.05 0.75 1.05 1 1.1 0.75 1.1 0.75 1.05 0.75 1.1 0.5 1.05 0.5 1.05 0.75 1.1 0.5 1.1 0.5 1.05 0.5 1.1 0.25 1.05 0.25 1.05 0.5 1.1 0.25 1.1 0.25 1.05 0.25 1.1 0 1.05 0 1.05 0.25 1.1 0 1.1 1 1.1 1 1.15 0.75 1.1 0.75 1.1 1 1.15 0.75 1.15 0.75 1.1 0.75 1.15 0.5 1.1 0.5 1.1 0.75 1.15 0.5 1.15 0.5 1.1 0.5 1.15 0.25 1.1 0.25 1.1 0.5 1.15 0.25 1.15 0.25 1.1 0.25 1.15 0 1.1 0 1.1 0.25 1.15 0 1.15 1 1.15 1 1.2 0.75 1.15 0.75 1.15 1 1.2 0.75 1.2 0.75 1.15 0.75 1.2 0.5 1.15 0.5 1.15 0.75 1.2 0.5 1.2 0.5 1.15 0.5 1.2 0.25 1.15 0.25 1.15 0.5 1.2 0.25 1.2 0.25 1.15 0.25 1.2 0 1.15 0 1.15 0.25 1.2 0 1.2 1 1.2 1 1.25 0.75 1.2 0.75 1.2 1 1.25 0.75 1.25 0.75 1.2 0.75 1.25 0.5 1.2 0.5 1.2 0.75 1.25 0.5 1.25 0.5 1.2 0.5 1.25 0.25 1.2 0.25 1.2 0.5 1.25 0.25 1.25 0.25 1.2 0.25 1.25 0 1.2 0 1.2 0.25 1.25 0 1.25 1 1.25 1 1.3 0.75 1.25 0.75 1.25 1 1.3 0.75 1.3 0.75 1.25 0.75 1.3 0.5 1.25 0.5 1.25 0.75 1.3 0.5 1.3 0.5 1.25 0.5 1.3 0.25 1.25 0.25 1.25 0.5 1.3 0.25 1.3 0.25 1.25 0.25 1.3 0 1.25 0 1.25 0.25 1.3 0 1.3 1 1.3 1 1.35 0.75 1.3 0.75 1.3 1 1.35 0.75 1.35 0.75 1.3 0.75 1.35 0.5 1.3 0.5 1.3 0.75 1.35 0.5 1.35 0.5 1.3 0.5 1.35 0.25 1.3 0.25 1.3 0.5 1.35 0.25 1.35 0.25 1.3 0.25 1.35 0 1.3 0 1.3 0.25 1.35 0 1.35 1 1.35 1 1.4 0.75 1.35 0.75 1.35 1 1.4 0.75 1.4 0.75 1.35 0.75 1.4 0.5 1.35 0.5 1.35 0.75 1.4 0.5 1.4 0.5 1.35 0.5 1.4 0.25 1.35 0.25 1.35 0.5 1.4 0.25 1.4 0.25 1.35 0.25 1.4 0 1.35 0 1.35 0.25 1.4 0 1.4 1 1.4 1 1.45 0.75 1.4 0.75 1.4 1 1.45 0.75 1.45 0.75 1.4 0.75 1.45 0.5 1.4 0.5 1.4 0.75 1.45 0.5 1.45 0.5 1.4 0.5 1.45 0.25 1.4 0.25 1.4 0.5 1.45 0.25 1.45 0.25 1.4 0.25 1.45 0 1.4 0 1.4 0.25 1.45 0 1.45 1 1.45 1 1.5 0.75 1.45 0.75 1.45 1 1.5 0.75 1.5 0.75 1.45 0.75 1.5 0.5 1.45 0.5 1.45 0.75 1.5 0.5 1.5 0.5 1.45 0.5 1.5 0.25 1.45 0.25 1.45 0.5 1.5 0.25 1.5 0.25 1.45 0.25 1.5 0 1.45 0 1.45 0.25 1.5 0 1.5 1 1.5 1 1.55 0.75 1.5 0.75 1.5 1 1.55 0.75 1.55 0.75 1.5 0.75 1.55 0.5 1.5 0.5 1.5 0.75 1.55 0.5 1.55 0.5 1.5 0.5 1.55 0.25 1.5 0.25 1.5 0.5 1.55 0.25 1.55 0.25 1.5 0.25 1.55 0 1.5 0 1.5 0.25 1.55 0 1.55 1 1.55 1 1.6 0.75 1.55 0.75 1.55 1 1.6 0.75 1.6 0.75 1.55 0.75 1.6 0.5 1.55 0.5 1.55 0.75 1.6 0.5 1.6 0.5 1.55 0.5 1.6 0.25 1.55 0.25 1.55 0.5 1.6 0.25 1.6 0.25 1.55 0.25 1.6 0 1.55 0 1.55 0.25 1.6 0 1.6 1 1.6 1 1.65 0.75 1.6 0.75 1.6 1 1.65 0.75 1.65 0.75 1.6 0.75 1.65 0.5 1.6 0.5 1.6 0.75 1.65 0.5 1.65 0.5 1.6 0.5 1.65 0.25 1.6 0.25 1.6 0.5 1.65 0.25 1.65 0.25 1.6 0.25 1.65 0 1.6 0 1.6 0.25 1.65 0 1.65 1 1.65 1 1.7 0.75 1.65 0.75 1.65 1 1.7 0.75 1.7 0.75 1.65 0.75 1.7 0.5 1.65 0.5 1.65 0.75 1.7 0.5 1.7 0.5 1.65 0.5 1.7 0.25 1.65 0.25 1.65 0.5 1.7 0.25 1.7 0.25 1.65 0.25 1.7 0 1.65 0 1.65 0.25 1.7 0 1.7 1 1.7 1 1.75 0.75 1.7 0.75 1.7 1 1.75 0.75 1.75 0.75 1.7 0.75 1.75 0.5 1.7 0.5 1.7 0.75 1.75 0.5 1.75 0.5 1.7 0.5 1.75 0.25 1.7 0.25 1.7 0.5 1.75 0.25 1.75 0.25 1.7 0.25 1.75 0 1.7 0 1.7 0.25 1.75 0 1.75 1 1.75 1 1.8 0.75 1.75 0.75 1.75 1 1.8 0.75 1.8 0.75 1.75 0.75 1.8 0.5 1.75 0.5 1.75 0.75 1.8 0.5 1.8 0.5 1.75 0.5 1.8 0.25 1.75 0.25 1.75 0.5 1.8 0.25 1.8 0.25 1.75 0.25 1.8 0 1.75 0 1.75 0.25 1.8 0 1.8 1 1.8 1 1.85 0.75 1.8 0.75 1.8 1 1.85 0.75 1.85 0.75 1.8 0.75 1.85 0.5 1.8 0.5 1.8 0.75 1.85 0.5 1.85 0.5 1.8 0.5 1.85 0.25 1.8 0.25 1.8 0.5 1.85 0.25 1.85 0.25 1.8 0.25 1.85 0 1.8 0 1.8 0.25 1.85 0 1.85 1 1.85 1 1.9 0.75 1.85 0.75 1.85 1 1.9 0.75 1.9 0.75 1.85 0.75 1.9 0.5 1.85 0.5 1.85 0.75 1.9 0.5 1.9 0.5 1.85 0.5 1.9 0.25 1.85 0.25 1.85 0.5 1.9 0.25 1.9 0.25 1.85 0.25 1.9 0 1.85 0 1.85 0.25 1.9 0 1.9 1 1.9 1 1.95 0.75 1.9 0.75 1.9 1 1.95 0.75 1.95 0.75 1.9 0.75 1.95 0.5 1.9 0.5 1.9 0.75 1.95 0.5 1.95 0.5 1.9 0.5 1.95 0.25 1.9 0.25 1.9 0.5 1.95 0.25 1.95 0.25 1.9 0.25 1.95 0 1.9 0 1.9 0.25 1.95 0 1.95 1 1.95 0.5 2 0.75 1.95 0.75 1.95 0.5 2 0.5 1.95 0.5 1.95 0.5 2 0.25 1.95 0.25 1.95 0.5 2 0 1.95 1 1 1 1.05 0.75 1 0.75 1 1 1.05 0.75 1.05 0.75 1 0.75 1.05 0.5 1 0.5 1 0.75 1.05 0.5 1.05 0.5 1 0.5 1.05 0.25 1 0.25 1 0.5 1.05 0.25 1.05 0.25 1 0.25 1.05 0 1 0 1 0.25 1.05 0 1.05 1 1.05 1 1.1 0.75 1.05 0.75 1.05 1 1.1 0.75 1.1 0.75 1.05 0.75 1.1 0.5 1.05 0.5 1.05 0.75 1.1 0.5 1.1 0.5 1.05 0.5 1.1 0.25 1.05 0.25 1.05 0.5 1.1 0.25 1.1 0.25 1.05 0.25 1.1 0 1.05 0 1.05 0.25 1.1 0 1.1 1 1.1 1 1.15 0.75 1.1 0.75 1.1 1 1.15 0.75 1.15 0.75 1.1 0.75 1.15 0.5 1.1 0.5 1.1 0.75 1.15 0.5 1.15 0.5 1.1 0.5 1.15 0.25 1.1 0.25 1.1 0.5 1.15 0.25 1.15 0.25 1.1 0.25 1.15 0 1.1 0 1.1 0.25 1.15 0 1.15 1 1.15 1 1.2 0.75 1.15 0.75 1.15 1 1.2 0.75 1.2 0.75 1.15 0.75 1.2 0.5 1.15 0.5 1.15 0.75 1.2 0.5 1.2 0.5 1.15 0.5 1.2 0.25 1.15 0.25 1.15 0.5 1.2 0.25 1.2 0.25 1.15 0.25 1.2 0 1.15 0 1.15 0.25 1.2 0 1.2 1 1.2 1 1.25 0.75 1.2 0.75 1.2 1 1.25 0.75 1.25 0.75 1.2 0.75 1.25 0.5 1.2 0.5 1.2 0.75 1.25 0.5 1.25 0.5 1.2 0.5 1.25 0.25 1.2 0.25 1.2 0.5 1.25 0.25 1.25 0.25 1.2 0.25 1.25 0 1.2 0 1.2 0.25 1.25 0 1.25 1 1.25 1 1.3 0.75 1.25 0.75 1.25 1 1.3 0.75 1.3 0.75 1.25 0.75 1.3 0.5 1.25 0.5 1.25 0.75 1.3 0.5 1.3 0.5 1.25 0.5 1.3 0.25 1.25 0.25 1.25 0.5 1.3 0.25 1.3 0.25 1.25 0.25 1.3 0 1.25 0 1.25 0.25 1.3 0 1.3 1 1.3 1 1.35 0.75 1.3 0.75 1.3 1 1.35 0.75 1.35 0.75 1.3 0.75 1.35 0.5 1.3 0.5 1.3 0.75 1.35 0.5 1.35 0.5 1.3 0.5 1.35 0.25 1.3 0.25 1.3 0.5 1.35 0.25 1.35 0.25 1.3 0.25 1.35 0 1.3 0 1.3 0.25 1.35 0 1.35 1 1.35 1 1.4 0.75 1.35 0.75 1.35 1 1.4 0.75 1.4 0.75 1.35 0.75 1.4 0.5 1.35 0.5 1.35 0.75 1.4 0.5 1.4 0.5 1.35 0.5 1.4 0.25 1.35 0.25 1.35 0.5 1.4 0.25 1.4 0.25 1.35 0.25 1.4 0 1.35 0 1.35 0.25 1.4 0 1.4 1 1.4 1 1.45 0.75 1.4 0.75 1.4 1 1.45 0.75 1.45 0.75 1.4 0.75 1.45 0.5 1.4 0.5 1.4 0.75 1.45 0.5 1.45 0.5 1.4 0.5 1.45 0.25 1.4 0.25 1.4 0.5 1.45 0.25 1.45 0.25 1.4 0.25 1.45 0 1.4 0 1.4 0.25 1.45 0 1.45 1 1.45 1 1.5 0.75 1.45 0.75 1.45 1 1.5 0.75 1.5 0.75 1.45 0.75 1.5 0.5 1.45 0.5 1.45 0.75 1.5 0.5 1.5 0.5 1.45 0.5 1.5 0.25 1.45 0.25 1.45 0.5 1.5 0.25 1.5 0.25 1.45 0.25 1.5 0 1.45 0 1.45 0.25 1.5 0 1.5 1 1.5 1 1.55 0.75 1.5 0.75 1.5 1 1.55 0.75 1.55 0.75 1.5 0.75 1.55 0.5 1.5 0.5 1.5 0.75 1.55 0.5 1.55 0.5 1.5 0.5 1.55 0.25 1.5 0.25 1.5 0.5 1.55 0.25 1.55 0.25 1.5 0.25 1.55 0 1.5 0 1.5 0.25 1.55 0 1.55 1 1.55 1 1.6 0.75 1.55 0.75 1.55 1 1.6 0.75 1.6 0.75 1.55 0.75 1.6 0.5 1.55 0.5 1.55 0.75 1.6 0.5 1.6 0.5 1.55 0.5 1.6 0.25 1.55 0.25 1.55 0.5 1.6 0.25 1.6 0.25 1.55 0.25 1.6 0 1.55 0 1.55 0.25 1.6 0 1.6 1 1.6 1 1.65 0.75 1.6 0.75 1.6 1 1.65 0.75 1.65 0.75 1.6 0.75 1.65 0.5 1.6 0.5 1.6 0.75 1.65 0.5 1.65 0.5 1.6 0.5 1.65 0.25 1.6 0.25 1.6 0.5 1.65 0.25 1.65 0.25 1.6 0.25 1.65 0 1.6 0 1.6 0.25 1.65 0 1.65 1 1.65 1 1.7 0.75 1.65 0.75 1.65 1 1.7 0.75 1.7 0.75 1.65 0.75 1.7 0.5 1.65 0.5 1.65 0.75 1.7 0.5 1.7 0.5 1.65 0.5 1.7 0.25 1.65 0.25 1.65 0.5 1.7 0.25 1.7 0.25 1.65 0.25 1.7 0 1.65 0 1.65 0.25 1.7 0 1.7 1 1.7 1 1.75 0.75 1.7 0.75 1.7 1 1.75 0.75 1.75 0.75 1.7 0.75 1.75 0.5 1.7 0.5 1.7 0.75 1.75 0.5 1.75 0.5 1.7 0.5 1.75 0.25 1.7 0.25 1.7 0.5 1.75 0.25 1.75 0.25 1.7 0.25 1.75 0 1.7 0 1.7 0.25 1.75 0 1.75 1 1.75 1 1.8 0.75 1.75 0.75 1.75 1 1.8 0.75 1.8 0.75 1.75 0.75 1.8 0.5 1.75 0.5 1.75 0.75 1.8 0.5 1.8 0.5 1.75 0.5 1.8 0.25 1.75 0.25 1.75 0.5 1.8 0.25 1.8 0.25 1.75 0.25 1.8 0 1.75 0 1.75 0.25 1.8 0 1.8 1 1.8 1 1.85 0.75 1.8 0.75 1.8 1 1.85 0.75 1.85 0.75 1.8 0.75 1.85 0.5 1.8 0.5 1.8 0.75 1.85 0.5 1.85 0.5 1.8 0.5 1.85 0.25 1.8 0.25 1.8 0.5 1.85 0.25 1.85 0.25 1.8 0.25 1.85 0 1.8 0 1.8 0.25 1.85 0 1.85 1 1.85 1 1.9 0.75 1.85 0.75 1.85 1 1.9 0.75 1.9 0.75 1.85 0.75 1.9 0.5 1.85 0.5 1.85 0.75 1.9 0.5 1.9 0.5 1.85 0.5 1.9 0.25 1.85 0.25 1.85 0.5 1.9 0.25 1.9 0.25 1.85 0.25 1.9 0 1.85 0 1.85 0.25 1.9 0 1.9 1 1.9 1 1.95 0.75 1.9 0.75 1.9 1 1.95 0.75 1.95 0.75 1.9 0.75 1.95 0.5 1.9 0.5 1.9 0.75 1.95 0.5 1.95 0.5 1.9 0.5 1.95 0.25 1.9 0.25 1.9 0.5 1.95 0.25 1.95 0.25 1.9 0.25 1.95 0 1.9 0 1.9 0.25 1.95 0 1.95 1 1.95 0.5 2 0.75 1.95 0.75 1.95 0.5 2 0.5 1.95 0.5 1.95 0.5 2 0.25 1.95 0.25 1.95 0.5 2 0 1.95 1 1 1 1.05 0.75 1 0.75 1 1 1.05 0.75 1.05 0.75 1 0.75 1.05 0.5 1 0.5 1 0.75 1.05 0.5 1.05 0.5 1 0.5 1.05 0.25 1 0.25 1 0.5 1.05 0.25 1.05 0.25 1 0.25 1.05 0 1 0 1 0.25 1.05 0 1.05 1 1.05 1 1.1 0.75 1.05 0.75 1.05 1 1.1 0.75 1.1 0.75 1.05 0.75 1.1 0.5 1.05 0.5 1.05 0.75 1.1 0.5 1.1 0.5 1.05 0.5 1.1 0.25 1.05 0.25 1.05 0.5 1.1 0.25 1.1 0.25 1.05 0.25 1.1 0 1.05 0 1.05 0.25 1.1 0 1.1 1 1.1 1 1.15 0.75 1.1 0.75 1.1 1 1.15 0.75 1.15 0.75 1.1 0.75 1.15 0.5 1.1 0.5 1.1 0.75 1.15 0.5 1.15 0.5 1.1 0.5 1.15 0.25 1.1 0.25 1.1 0.5 1.15 0.25 1.15 0.25 1.1 0.25 1.15 0 1.1 0 1.1 0.25 1.15 0 1.15 1 1.15 1 1.2 0.75 1.15 0.75 1.15 1 1.2 0.75 1.2 0.75 1.15 0.75 1.2 0.5 1.15 0.5 1.15 0.75 1.2 0.5 1.2 0.5 1.15 0.5 1.2 0.25 1.15 0.25 1.15 0.5 1.2 0.25 1.2 0.25 1.15 0.25 1.2 0 1.15 0 1.15 0.25 1.2 0 1.2 1 1.2 1 1.25 0.75 1.2 0.75 1.2 1 1.25 0.75 1.25 0.75 1.2 0.75 1.25 0.5 1.2 0.5 1.2 0.75 1.25 0.5 1.25 0.5 1.2 0.5 1.25 0.25 1.2 0.25 1.2 0.5 1.25 0.25 1.25 0.25 1.2 0.25 1.25 0 1.2 0 1.2 0.25 1.25 0 1.25 1 1.25 1 1.3 0.75 1.25 0.75 1.25 1 1.3 0.75 1.3 0.75 1.25 0.75 1.3 0.5 1.25 0.5 1.25 0.75 1.3 0.5 1.3 0.5 1.25 0.5 1.3 0.25 1.25 0.25 1.25 0.5 1.3 0.25 1.3 0.25 1.25 0.25 1.3 0 1.25 0 1.25 0.25 1.3 0 1.3 1 1.3 1 1.35 0.75 1.3 0.75 1.3 1 1.35 0.75 1.35 0.75 1.3 0.75 1.35 0.5 1.3 0.5 1.3 0.75 1.35 0.5 1.35 0.5 1.3 0.5 1.35 0.25 1.3 0.25 1.3 0.5 1.35 0.25 1.35 0.25 1.3 0.25 1.35 0 1.3 0 1.3 0.25 1.35 0 1.35 1 1.35 1 1.4 0.75 1.35 0.75 1.35 1 1.4 0.75 1.4 0.75 1.35 0.75 1.4 0.5 1.35 0.5 1.35 0.75 1.4 0.5 1.4 0.5 1.35 0.5 1.4 0.25 1.35 0.25 1.35 0.5 1.4 0.25 1.4 0.25 1.35 0.25 1.4 0 1.35 0 1.35 0.25 1.4 0 1.4 1 1.4 1 1.45 0.75 1.4 0.75 1.4 1 1.45 0.75 1.45 0.75 1.4 0.75 1.45 0.5 1.4 0.5 1.4 0.75 1.45 0.5 1.45 0.5 1.4 0.5 1.45 0.25 1.4 0.25 1.4 0.5 1.45 0.25 1.45 0.25 1.4 0.25 1.45 0 1.4 0 1.4 0.25 1.45 0 1.45 1 1.45 1 1.5 0.75 1.45 0.75 1.45 1 1.5 0.75 1.5 0.75 1.45 0.75 1.5 0.5 1.45 0.5 1.45 0.75 1.5 0.5 1.5 0.5 1.45 0.5 1.5 0.25 1.45 0.25 1.45 0.5 1.5 0.25 1.5 0.25 1.45 0.25 1.5 0 1.45 0 1.45 0.25 1.5 0 1.5 1 1.5 1 1.55 0.75 1.5 0.75 1.5 1 1.55 0.75 1.55 0.75 1.5 0.75 1.55 0.5 1.5 0.5 1.5 0.75 1.55 0.5 1.55 0.5 1.5 0.5 1.55 0.25 1.5 0.25 1.5 0.5 1.55 0.25 1.55 0.25 1.5 0.25 1.55 0 1.5 0 1.5 0.25 1.55 0 1.55 1 1.55 1 1.6 0.75 1.55 0.75 1.55 1 1.6 0.75 1.6 0.75 1.55 0.75 1.6 0.5 1.55 0.5 1.55 0.75 1.6 0.5 1.6 0.5 1.55 0.5 1.6 0.25 1.55 0.25 1.55 0.5 1.6 0.25 1.6 0.25 1.55 0.25 1.6 0 1.55 0 1.55 0.25 1.6 0 1.6 1 1.6 1 1.65 0.75 1.6 0.75 1.6 1 1.65 0.75 1.65 0.75 1.6 0.75 1.65 0.5 1.6 0.5 1.6 0.75 1.65 0.5 1.65 0.5 1.6 0.5 1.65 0.25 1.6 0.25 1.6 0.5 1.65 0.25 1.65 0.25 1.6 0.25 1.65 0 1.6 0 1.6 0.25 1.65 0 1.65 1 1.65 1 1.7 0.75 1.65 0.75 1.65 1 1.7 0.75 1.7 0.75 1.65 0.75 1.7 0.5 1.65 0.5 1.65 0.75 1.7 0.5 1.7 0.5 1.65 0.5 1.7 0.25 1.65 0.25 1.65 0.5 1.7 0.25 1.7 0.25 1.65 0.25 1.7 0 1.65 0 1.65 0.25 1.7 0 1.7 1 1.7 1 1.75 0.75 1.7 0.75 1.7 1 1.75 0.75 1.75 0.75 1.7 0.75 1.75 0.5 1.7 0.5 1.7 0.75 1.75 0.5 1.75 0.5 1.7 0.5 1.75 0.25 1.7 0.25 1.7 0.5 1.75 0.25 1.75 0.25 1.7 0.25 1.75 0 1.7 0 1.7 0.25 1.75 0 1.75 1 1.75 1 1.8 0.75 1.75 0.75 1.75 1 1.8 0.75 1.8 0.75 1.75 0.75 1.8 0.5 1.75 0.5 1.75 0.75 1.8 0.5 1.8 0.5 1.75 0.5 1.8 0.25 1.75 0.25 1.75 0.5 1.8 0.25 1.8 0.25 1.75 0.25 1.8 0 1.75 0 1.75 0.25 1.8 0 1.8 1 1.8 1 1.85 0.75 1.8 0.75 1.8 1 1.85 0.75 1.85 0.75 1.8 0.75 1.85 0.5 1.8 0.5 1.8 0.75 1.85 0.5 1.85 0.5 1.8 0.5 1.85 0.25 1.8 0.25 1.8 0.5 1.85 0.25 1.85 0.25 1.8 0.25 1.85 0 1.8 0 1.8 0.25 1.85 0 1.85 1 1.85 1 1.9 0.75 1.85 0.75 1.85 1 1.9 0.75 1.9 0.75 1.85 0.75 1.9 0.5 1.85 0.5 1.85 0.75 1.9 0.5 1.9 0.5 1.85 0.5 1.9 0.25 1.85 0.25 1.85 0.5 1.9 0.25 1.9 0.25 1.85 0.25 1.9 0 1.85 0 1.85 0.25 1.9 0 1.9 1 1.9 1 1.95 0.75 1.9 0.75 1.9 1 1.95 0.75 1.95 0.75 1.9 0.75 1.95 0.5 1.9 0.5 1.9 0.75 1.95 0.5 1.95 0.5 1.9 0.5 1.95 0.25 1.9 0.25 1.9 0.5 1.95 0.25 1.95 0.25 1.9 0.25 1.95 0 1.9 0 1.9 0.25 1.95 0 1.95 1 1.95 0.5 2 0.75 1.95 0.75 1.95 0.5 2 0.5 1.95 0.5 1.95 0.5 2 0.25 1.95 0.25 1.95 0.5 2 0 1.95 1 1 1 1.05 0.75 1 0.75 1 1 1.05 0.75 1.05 0.75 1 0.75 1.05 0.5 1 0.5 1 0.75 1.05 0.5 1.05 0.5 1 0.5 1.05 0.25 1 0.25 1 0.5 1.05 0.25 1.05 0.25 1 0.25 1.05 0 1 0 1 0.25 1.05 0 1.05 1 1.05 1 1.1 0.75 1.05 0.75 1.05 1 1.1 0.75 1.1 0.75 1.05 0.75 1.1 0.5 1.05 0.5 1.05 0.75 1.1 0.5 1.1 0.5 1.05 0.5 1.1 0.25 1.05 0.25 1.05 0.5 1.1 0.25 1.1 0.25 1.05 0.25 1.1 0 1.05 0 1.05 0.25 1.1 0 1.1 1 1.1 1 1.15 0.75 1.1 0.75 1.1 1 1.15 0.75 1.15 0.75 1.1 0.75 1.15 0.5 1.1 0.5 1.1 0.75 1.15 0.5 1.15 0.5 1.1 0.5 1.15 0.25 1.1 0.25 1.1 0.5 1.15 0.25 1.15 0.25 1.1 0.25 1.15 0 1.1 0 1.1 0.25 1.15 0 1.15 1 1.15 1 1.2 0.75 1.15 0.75 1.15 1 1.2 0.75 1.2 0.75 1.15 0.75 1.2 0.5 1.15 0.5 1.15 0.75 1.2 0.5 1.2 0.5 1.15 0.5 1.2 0.25 1.15 0.25 1.15 0.5 1.2 0.25 1.2 0.25 1.15 0.25 1.2 0 1.15 0 1.15 0.25 1.2 0 1.2 1 1.2 1 1.25 0.75 1.2 0.75 1.2 1 1.25 0.75 1.25 0.75 1.2 0.75 1.25 0.5 1.2 0.5 1.2 0.75 1.25 0.5 1.25 0.5 1.2 0.5 1.25 0.25 1.2 0.25 1.2 0.5 1.25 0.25 1.25 0.25 1.2 0.25 1.25 0 1.2 0 1.2 0.25 1.25 0 1.25 1 1.25 1 1.3 0.75 1.25 0.75 1.25 1 1.3 0.75 1.3 0.75 1.25 0.75 1.3 0.5 1.25 0.5 1.25 0.75 1.3 0.5 1.3 0.5 1.25 0.5 1.3 0.25 1.25 0.25 1.25 0.5 1.3 0.25 1.3 0.25 1.25 0.25 1.3 0 1.25 0 1.25 0.25 1.3 0 1.3 1 1.3 1 1.35 0.75 1.3 0.75 1.3 1 1.35 0.75 1.35 0.75 1.3 0.75 1.35 0.5 1.3 0.5 1.3 0.75 1.35 0.5 1.35 0.5 1.3 0.5 1.35 0.25 1.3 0.25 1.3 0.5 1.35 0.25 1.35 0.25 1.3 0.25 1.35 0 1.3 0 1.3 0.25 1.35 0 1.35 1 1.35 1 1.4 0.75 1.35 0.75 1.35 1 1.4 0.75 1.4 0.75 1.35 0.75 1.4 0.5 1.35 0.5 1.35 0.75 1.4 0.5 1.4 0.5 1.35 0.5 1.4 0.25 1.35 0.25 1.35 0.5 1.4 0.25 1.4 0.25 1.35 0.25 1.4 0 1.35 0 1.35 0.25 1.4 0 1.4 1 1.4 1 1.45 0.75 1.4 0.75 1.4 1 1.45 0.75 1.45 0.75 1.4 0.75 1.45 0.5 1.4 0.5 1.4 0.75 1.45 0.5 1.45 0.5 1.4 0.5 1.45 0.25 1.4 0.25 1.4 0.5 1.45 0.25 1.45 0.25 1.4 0.25 1.45 0 1.4 0 1.4 0.25 1.45 0 1.45 1 1.45 1 1.5 0.75 1.45 0.75 1.45 1 1.5 0.75 1.5 0.75 1.45 0.75 1.5 0.5 1.45 0.5 1.45 0.75 1.5 0.5 1.5 0.5 1.45 0.5 1.5 0.25 1.45 0.25 1.45 0.5 1.5 0.25 1.5 0.25 1.45 0.25 1.5 0 1.45 0 1.45 0.25 1.5 0 1.5 1 1.5 1 1.55 0.75 1.5 0.75 1.5 1 1.55 0.75 1.55 0.75 1.5 0.75 1.55 0.5 1.5 0.5 1.5 0.75 1.55 0.5 1.55 0.5 1.5 0.5 1.55 0.25 1.5 0.25 1.5 0.5 1.55 0.25 1.55 0.25 1.5 0.25 1.55 0 1.5 0 1.5 0.25 1.55 0 1.55 1 1.55 1 1.6 0.75 1.55 0.75 1.55 1 1.6 0.75 1.6 0.75 1.55 0.75 1.6 0.5 1.55 0.5 1.55 0.75 1.6 0.5 1.6 0.5 1.55 0.5 1.6 0.25 1.55 0.25 1.55 0.5 1.6 0.25 1.6 0.25 1.55 0.25 1.6 0 1.55 0 1.55 0.25 1.6 0 1.6 1 1.6 1 1.65 0.75 1.6 0.75 1.6 1 1.65 0.75 1.65 0.75 1.6 0.75 1.65 0.5 1.6 0.5 1.6 0.75 1.65 0.5 1.65 0.5 1.6 0.5 1.65 0.25 1.6 0.25 1.6 0.5 1.65 0.25 1.65 0.25 1.6 0.25 1.65 0 1.6 0 1.6 0.25 1.65 0 1.65 1 1.65 1 1.7 0.75 1.65 0.75 1.65 1 1.7 0.75 1.7 0.75 1.65 0.75 1.7 0.5 1.65 0.5 1.65 0.75 1.7 0.5 1.7 0.5 1.65 0.5 1.7 0.25 1.65 0.25 1.65 0.5 1.7 0.25 1.7 0.25 1.65 0.25 1.7 0 1.65 0 1.65 0.25 1.7 0 1.7 1 1.7 1 1.75 0.75 1.7 0.75 1.7 1 1.75 0.75 1.75 0.75 1.7 0.75 1.75 0.5 1.7 0.5 1.7 0.75 1.75 0.5 1.75 0.5 1.7 0.5 1.75 0.25 1.7 0.25 1.7 0.5 1.75 0.25 1.75 0.25 1.7 0.25 1.75 0 1.7 0 1.7 0.25 1.75 0 1.75 1 1.75 1 1.8 0.75 1.75 0.75 1.75 1 1.8 0.75 1.8 0.75 1.75 0.75 1.8 0.5 1.75 0.5 1.75 0.75 1.8 0.5 1.8 0.5 1.75 0.5 1.8 0.25 1.75 0.25 1.75 0.5 1.8 0.25 1.8 0.25 1.75 0.25 1.8 0 1.75 0 1.75 0.25 1.8 0 1.8 1 1.8 1 1.85 0.75 1.8 0.75 1.8 1 1.85 0.75 1.85 0.75 1.8 0.75 1.85 0.5 1.8 0.5 1.8 0.75 1.85 0.5 1.85 0.5 1.8 0.5 1.85 0.25 1.8 0.25 1.8 0.5 1.85 0.25 1.85 0.25 1.8 0.25 1.85 0 1.8 0 1.8 0.25 1.85 0 1.85 1 1.85 1 1.9 0.75 1.85 0.75 1.85 1 1.9 0.75 1.9 0.75 1.85 0.75 1.9 0.5 1.85 0.5 1.85 0.75 1.9 0.5 1.9 0.5 1.85 0.5 1.9 0.25 1.85 0.25 1.85 0.5 1.9 0.25 1.9 0.25 1.85 0.25 1.9 0 1.85 0 1.85 0.25 1.9 0 1.9 1 1.9 1 1.95 0.75 1.9 0.75 1.9 1 1.95 0.75 1.95 0.75 1.9 0.75 1.95 0.5 1.9 0.5 1.9 0.75 1.95 0.5 1.95 0.5 1.9 0.5 1.95 0.25 1.9 0.25 1.9 0.5 1.95 0.25 1.95 0.25 1.9 0.25 1.95 0 1.9 0 1.9 0.25 1.95 0 1.95 1 1.95 0.5 2 0.75 1.95 0.75 1.95 0.5 2 0.5 1.95 0.5 1.95 0.5 2 0.25 1.95 0.25 1.95 0.5 2 0 1.95 1 1 1 1.05 0.75 1 0.75 1 1 1.05 0.75 1.05 0.75 1 0.75 1.05 0.5 1 0.5 1 0.75 1.05 0.5 1.05 0.5 1 0.5 1.05 0.25 1 0.25 1 0.5 1.05 0.25 1.05 0.25 1 0.25 1.05 0 1 0 1 0.25 1.05 0 1.05 1 1.05 1 1.1 0.75 1.05 0.75 1.05 1 1.1 0.75 1.1 0.75 1.05 0.75 1.1 0.5 1.05 0.5 1.05 0.75 1.1 0.5 1.1 0.5 1.05 0.5 1.1 0.25 1.05 0.25 1.05 0.5 1.1 0.25 1.1 0.25 1.05 0.25 1.1 0 1.05 0 1.05 0.25 1.1 0 1.1 1 1.1 1 1.15 0.75 1.1 0.75 1.1 1 1.15 0.75 1.15 0.75 1.1 0.75 1.15 0.5 1.1 0.5 1.1 0.75 1.15 0.5 1.15 0.5 1.1 0.5 1.15 0.25 1.1 0.25 1.1 0.5 1.15 0.25 1.15 0.25 1.1 0.25 1.15 0 1.1 0 1.1 0.25 1.15 0 1.15 1 1.15 1 1.2 0.75 1.15 0.75 1.15 1 1.2 0.75 1.2 0.75 1.15 0.75 1.2 0.5 1.15 0.5 1.15 0.75 1.2 0.5 1.2 0.5 1.15 0.5 1.2 0.25 1.15 0.25 1.15 0.5 1.2 0.25 1.2 0.25 1.15 0.25 1.2 0 1.15 0 1.15 0.25 1.2 0 1.2 1 1.2 1 1.25 0.75 1.2 0.75 1.2 1 1.25 0.75 1.25 0.75 1.2 0.75 1.25 0.5 1.2 0.5 1.2 0.75 1.25 0.5 1.25 0.5 1.2 0.5 1.25 0.25 1.2 0.25 1.2 0.5 1.25 0.25 1.25 0.25 1.2 0.25 1.25 0 1.2 0 1.2 0.25 1.25 0 1.25 1 1.25 1 1.3 0.75 1.25 0.75 1.25 1 1.3 0.75 1.3 0.75 1.25 0.75 1.3 0.5 1.25 0.5 1.25 0.75 1.3 0.5 1.3 0.5 1.25 0.5 1.3 0.25 1.25 0.25 1.25 0.5 1.3 0.25 1.3 0.25 1.25 0.25 1.3 0 1.25 0 1.25 0.25 1.3 0 1.3 1 1.3 1 1.35 0.75 1.3 0.75 1.3 1 1.35 0.75 1.35 0.75 1.3 0.75 1.35 0.5 1.3 0.5 1.3 0.75 1.35 0.5 1.35 0.5 1.3 0.5 1.35 0.25 1.3 0.25 1.3 0.5 1.35 0.25 1.35 0.25 1.3 0.25 1.35 0 1.3 0 1.3 0.25 1.35 0 1.35 1 1.35 1 1.4 0.75 1.35 0.75 1.35 1 1.4 0.75 1.4 0.75 1.35 0.75 1.4 0.5 1.35 0.5 1.35 0.75 1.4 0.5 1.4 0.5 1.35 0.5 1.4 0.25 1.35 0.25 1.35 0.5 1.4 0.25 1.4 0.25 1.35 0.25 1.4 0 1.35 0 1.35 0.25 1.4 0 1.4 1 1.4 1 1.45 0.75 1.4 0.75 1.4 1 1.45 0.75 1.45 0.75 1.4 0.75 1.45 0.5 1.4 0.5 1.4 0.75 1.45 0.5 1.45 0.5 1.4 0.5 1.45 0.25 1.4 0.25 1.4 0.5 1.45 0.25 1.45 0.25 1.4 0.25 1.45 0 1.4 0 1.4 0.25 1.45 0 1.45 1 1.45 1 1.5 0.75 1.45 0.75 1.45 1 1.5 0.75 1.5 0.75 1.45 0.75 1.5 0.5 1.45 0.5 1.45 0.75 1.5 0.5 1.5 0.5 1.45 0.5 1.5 0.25 1.45 0.25 1.45 0.5 1.5 0.25 1.5 0.25 1.45 0.25 1.5 0 1.45 0 1.45 0.25 1.5 0 1.5 1 1.5 1 1.55 0.75 1.5 0.75 1.5 1 1.55 0.75 1.55 0.75 1.5 0.75 1.55 0.5 1.5 0.5 1.5 0.75 1.55 0.5 1.55 0.5 1.5 0.5 1.55 0.25 1.5 0.25 1.5 0.5 1.55 0.25 1.55 0.25 1.5 0.25 1.55 0 1.5 0 1.5 0.25 1.55 0 1.55 1 1.55 1 1.6 0.75 1.55 0.75 1.55 1 1.6 0.75 1.6 0.75 1.55 0.75 1.6 0.5 1.55 0.5 1.55 0.75 1.6 0.5 1.6 0.5 1.55 0.5 1.6 0.25 1.55 0.25 1.55 0.5 1.6 0.25 1.6 0.25 1.55 0.25 1.6 0 1.55 0 1.55 0.25 1.6 0 1.6 1 1.6 1 1.65 0.75 1.6 0.75 1.6 1 1.65 0.75 1.65 0.75 1.6 0.75 1.65 0.5 1.6 0.5 1.6 0.75 1.65 0.5 1.65 0.5 1.6 0.5 1.65 0.25 1.6 0.25 1.6 0.5 1.65 0.25 1.65 0.25 1.6 0.25 1.65 0 1.6 0 1.6 0.25 1.65 0 1.65 1 1.65 1 1.7 0.75 1.65 0.75 1.65 1 1.7 0.75 1.7 0.75 1.65 0.75 1.7 0.5 1.65 0.5 1.65 0.75 1.7 0.5 1.7 0.5 1.65 0.5 1.7 0.25 1.65 0.25 1.65 0.5 1.7 0.25 1.7 0.25 1.65 0.25 1.7 0 1.65 0 1.65 0.25 1.7 0 1.7 1 1.7 1 1.75 0.75 1.7 0.75 1.7 1 1.75 0.75 1.75 0.75 1.7 0.75 1.75 0.5 1.7 0.5 1.7 0.75 1.75 0.5 1.75 0.5 1.7 0.5 1.75 0.25 1.7 0.25 1.7 0.5 1.75 0.25 1.75 0.25 1.7 0.25 1.75 0 1.7 0 1.7 0.25 1.75 0 1.75 1 1.75 1 1.8 0.75 1.75 0.75 1.75 1 1.8 0.75 1.8 0.75 1.75 0.75 1.8 0.5 1.75 0.5 1.75 0.75 1.8 0.5 1.8 0.5 1.75 0.5 1.8 0.25 1.75 0.25 1.75 0.5 1.8 0.25 1.8 0.25 1.75 0.25 1.8 0 1.75 0 1.75 0.25 1.8 0 1.8 1 1.8 1 1.85 0.75 1.8 0.75 1.8 1 1.85 0.75 1.85 0.75 1.8 0.75 1.85 0.5 1.8 0.5 1.8 0.75 1.85 0.5 1.85 0.5 1.8 0.5 1.85 0.25 1.8 0.25 1.8 0.5 1.85 0.25 1.85 0.25 1.8 0.25 1.85 0 1.8 0 1.8 0.25 1.85 0 1.85 1 1.85 1 1.9 0.75 1.85 0.75 1.85 1 1.9 0.75 1.9 0.75 1.85 0.75 1.9 0.5 1.85 0.5 1.85 0.75 1.9 0.5 1.9 0.5 1.85 0.5 1.9 0.25 1.85 0.25 1.85 0.5 1.9 0.25 1.9 0.25 1.85 0.25 1.9 0 1.85 0 1.85 0.25 1.9 0 1.9 1 1.9 1 1.95 0.75 1.9 0.75 1.9 1 1.95 0.75 1.95 0.75 1.9 0.75 1.95 0.5 1.9 0.5 1.9 0.75 1.95 0.5 1.95 0.5 1.9 0.5 1.95 0.25 1.9 0.25 1.9 0.5 1.95 0.25 1.95 0.25 1.9 0.25 1.95 0 1.9 0 1.9 0.25 1.95 0 1.95 1 1.95 0.5 2 0.75 1.95 0.75 1.95 0.5 2 0.5 1.95 0.5 1.95 0.5 2 0.25 1.95 0.25 1.95 0.5 2 0 1.95</float_array>
          <technique_common>
            <accessor source="#AG16_3-mesh-map-0-array" count="6036" stride="2">
              <param name="S" type="float"/>
              <param name="T" type="float"/>
            </accessor>
          </technique_common>
        </source>
        <vertices id="AG16_3-mesh-vertices">
          <input semantic="POSITION" source="#AG16_3-mesh-positions"/>
        </vertices>
        <triangles material="AG16_Leaf1-material" count="2012">
          <input semantic="VERTEX" source="#AG16_3-mesh-vertices" offset="0"/>
          <input semantic="NORMAL" source="#AG16_3-mesh-normals" offset="1"/>
          <input semantic="TEXCOORD" source="#AG16_3-mesh-map-0" offset="2" set="0"/>
          <p>0 0 0 1 0 1 2 0 2 2 1 3 1 1 4 3 1 5 2 2 6 3 2 7 4 2 8 4 3 9 3 3 10 5 3 11 4 4 12 5 4 13 6 4 14 6 5 15 5 5 16 7 5 17 6 6 18 7 6 19 8 6 20 8 7 21 7 7 22 9 7 23 1 8 24 10 8 25 3 8 26 3 9 27 10 9 28 11 9 29 3 10 30 11 10 31 5 10 32 5 11 33 11 11 34 12 11 35 5 12 36 12 12 37 7 12 38 7 13 39 12 13 40 13 13 41 7 14 42 13 14 43 9 14 44 9 15 45 13 15 46 14 15 47 10 16 48 15 16 49 11 16 50 11 17 51 15 17 52 16 17 53 11 18 54 16 18 55 12 18 56 12 19 57 16 19 58 17 19 59 12 20 60 17 20 61 13 20 62 13 21 63 17 21 64 18 21 65 13 22 66 18 22 67 14 22 68 14 23 69 18 23 70 19 23 71 15 24 72 20 24 73 16 24 74 16 25 75 20 25 76 21 25 77 16 26 78 21 26 79 17 26 80 17 27 81 21 27 82 22 27 83 17 28 84 22 28 85 18 28 86 18 29 87 22 29 88 23 29 89 18 30 90 23 30 91 19 30 92 19 31 93 23 31 94 24 31 95 20 32 96 25 32 97 21 32 98 21 33 99 25 33 100 26 33 101 21 34 102 26 34 103 22 34 104 22 35 105 26 35 106 27 35 107 22 36 108 27 36 109 23 36 110 23 37 111 27 37 112 28 37 113 23 38 114 28 38 115 24 38 116 24 39 117 28 39 118 29 39 119 25 40 120 30 40 121 26 40 122 26 41 123 30 41 124 31 41 125 26 42 126 31 42 127 27 42 128 27 43 129 31 43 130 32 43 131 27 44 132 32 44 133 28 44 134 28 45 135 32 45 136 33 45 137 28 46 138 33 46 139 29 46 140 29 47 141 33 47 142 34 47 143 30 48 144 35 48 145 31 48 146 31 49 147 35 49 148 36 49 149 31 50 150 36 50 151 32 50 152 32 51 153 36 51 154 37 51 155 32 52 156 37 52 157 33 52 158 33 53 159 37 53 160 38 53 161 33 54 162 38 54 163 34 54 164 34 55 165 38 55 166 39 55 167 35 56 168 40 56 169 36 56 170 36 57 171 40 57 172 41 57 173 36 58 174 41 58 175 37 58 176 37 59 177 41 59 178 42 59 179 37 60 180 42 60 181 38 60 182 38 61 183 42 61 184 43 61 185 38 62 186 43 62 187 39 62 188 39 63 189 43 63 190 44 63 191 40 64 192 45 64 193 41 64 194 41 65 195 45 65 196 46 65 197 41 66 198 46 66 199 42 66 200 42 67 201 46 67 202 47 67 203 42 68 204 47 68 205 43 68 206 43 69 207 47 69 208 48 69 209 43 70 210 48 70 211 44 70 212 44 71 213 48 71 214 49 71 215 45 72 216 50 72 217 46 72 218 46 73 219 50 73 220 51 73 221 46 74 222 51 74 223 47 74 224 47 75 225 51 75 226 52 75 227 47 76 228 52 76 229 48 76 230 48 77 231 52 77 232 53 77 233 48 78 234 53 78 235 49 78 236 49 79 237 53 79 238 54 79 239 50 80 240 55 80 241 51 80 242 51 81 243 55 81 244 56 81 245 51 82 246 56 82 247 52 82 248 52 83 249 56 83 250 57 83 251 52 84 252 57 84 253 53 84 254 53 85 255 57 85 256 58 85 257 53 86 258 58 86 259 54 86 260 54 87 261 58 87 262 59 87 263 55 88 264 60 88 265 56 88 266 56 89 267 60 89 268 61 89 269 56 90 270 61 90 271 57 90 272 57 91 273 61 91 274 62 91 275 57 92 276 62 92 277 58 92 278 58 93 279 62 93 280 63 93 281 58 94 282 63 94 283 59 94 284 59 95 285 63 95 286 64 95 287 60 96 288 65 96 289 61 96 290 61 97 291 65 97 292 66 97 293 61 98 294 66 98 295 62 98 296 62 99 297 66 99 298 67 99 299 62 100 300 67 100 301 63 100 302 63 101 303 67 101 304 68 101 305 63 102 306 68 102 307 64 102 308 64 103 309 68 103 310 69 103 311 65 104 312 70 104 313 66 104 314 66 105 315 70 105 316 71 105 317 66 106 318 71 106 319 67 106 320 67 107 321 71 107 322 72 107 323 67 108 324 72 108 325 68 108 326 68 109 327 72 109 328 73 109 329 68 110 330 73 110 331 69 110 332 69 111 333 73 111 334 74 111 335 70 112 336 75 112 337 71 112 338 71 113 339 75 113 340 76 113 341 71 114 342 76 114 343 72 114 344 72 115 345 76 115 346 77 115 347 72 116 348 77 116 349 73 116 350 73 117 351 77 117 352 78 117 353 73 118 354 78 118 355 74 118 356 74 119 357 78 119 358 79 119 359 75 120 360 80 120 361 76 120 362 76 121 363 80 121 364 81 121 365 76 122 366 81 122 367 77 122 368 77 123 369 81 123 370 82 123 371 77 124 372 82 124 373 78 124 374 78 125 375 82 125 376 83 125 377 78 126 378 83 126 379 79 126 380 79 127 381 83 127 382 84 127 383 80 128 384 85 128 385 81 128 386 81 129 387 85 129 388 86 129 389 81 130 390 86 130 391 82 130 392 82 131 393 86 131 394 87 131 395 82 132 396 87 132 397 83 132 398 83 133 399 87 133 400 88 133 401 83 134 402 88 134 403 84 134 404 84 135 405 88 135 406 89 135 407 85 136 408 90 136 409 86 136 410 86 137 411 90 137 412 87 137 413 87 138 414 90 138 415 88 138 416 88 139 417 90 139 418 89 139 419 91 140 420 92 140 421 93 140 422 93 141 423 92 141 424 94 141 425 93 142 426 94 142 427 95 142 428 95 143 429 94 143 430 96 143 431 95 144 432 96 144 433 97 144 434 97 145 435 96 145 436 98 145 437 97 146 438 98 146 439 99 146 440 99 147 441 98 147 442 100 147 443 92 148 444 101 148 445 94 148 446 94 149 447 101 149 448 102 149 449 94 150 450 102 150 451 96 150 452 96 151 453 102 151 454 103 151 455 96 152 456 103 152 457 98 152 458 98 153 459 103 153 460 104 153 461 98 154 462 104 154 463 100 154 464 100 155 465 104 155 466 105 155 467 101 156 468 106 156 469 102 156 470 102 157 471 106 157 472 107 157 473 102 158 474 107 158 475 103 158 476 103 159 477 107 159 478 108 159 479 103 160 480 108 160 481 104 160 482 104 161 483 108 161 484 109 161 485 104 162 486 109 162 487 105 162 488 105 163 489 109 163 490 110 163 491 106 164 492 111 164 493 107 164 494 107 165 495 111 165 496 112 165 497 107 166 498 112 166 499 108 166 500 108 167 501 112 167 502 113 167 503 108 168 504 113 168 505 109 168 506 109 169 507 113 169 508 114 169 509 109 170 510 114 170 511 110 170 512 110 171 513 114 171 514 115 171 515 111 172 516 116 172 517 112 172 518 112 173 519 116 173 520 117 173 521 112 174 522 117 174 523 113 174 524 113 175 525 117 175 526 118 175 527 113 176 528 118 176 529 114 176 530 114 177 531 118 177 532 119 177 533 114 178 534 119 178 535 115 178 536 115 179 537 119 179 538 120 179 539 116 180 540 121 180 541 117 180 542 117 181 543 121 181 544 122 181 545 117 182 546 122 182 547 118 182 548 118 183 549 122 183 550 123 183 551 118 184 552 123 184 553 119 184 554 119 185 555 123 185 556 124 185 557 119 186 558 124 186 559 120 186 560 120 187 561 124 187 562 125 187 563 121 188 564 126 188 565 122 188 566 122 189 567 126 189 568 127 189 569 122 190 570 127 190 571 123 190 572 123 191 573 127 191 574 128 191 575 123 192 576 128 192 577 124 192 578 124 193 579 128 193 580 129 193 581 124 194 582 129 194 583 125 194 584 125 195 585 129 195 586 130 195 587 126 196 588 131 196 589 127 196 590 127 197 591 131 197 592 132 197 593 127 198 594 132 198 595 128 198 596 128 199 597 132 199 598 133 199 599 128 200 600 133 200 601 129 200 602 129 201 603 133 201 604 134 201 605 129 202 606 134 202 607 130 202 608 130 203 609 134 203 610 135 203 611 131 204 612 136 204 613 132 204 614 132 205 615 136 205 616 137 205 617 132 206 618 137 206 619 133 206 620 133 207 621 137 207 622 138 207 623 133 208 624 138 208 625 134 208 626 134 209 627 138 209 628 139 209 629 134 210 630 139 210 631 135 210 632 135 211 633 139 211 634 140 211 635 136 212 636 141 212 637 137 212 638 137 213 639 141 213 640 142 213 641 137 214 642 142 214 643 138 214 644 138 215 645 142 215 646 143 215 647 138 216 648 143 216 649 139 216 650 139 217 651 143 217 652 144 217 653 139 218 654 144 218 655 140 218 656 140 219 657 144 219 658 145 219 659 141 220 660 146 220 661 142 220 662 142 221 663 146 221 664 147 221 665 142 222 666 147 222 667 143 222 668 143 223 669 147 223 670 148 223 671 143 224 672 148 224 673 144 224 674 144 225 675 148 225 676 149 225 677 144 226 678 149 226 679 145 226 680 145 227 681 149 227 682 150 227 683 146 228 684 151 228 685 147 228 686 147 229 687 151 229 688 152 229 689 147 230 690 152 230 691 148 230 692 148 231 693 152 231 694 153 231 695 148 232 696 153 232 697 149 232 698 149 233 699 153 233 700 154 233 701 149 234 702 154 234 703 150 234 704 150 235 705 154 235 706 155 235 707 151 236 708 156 236 709 152 236 710 152 237 711 156 237 712 157 237 713 152 238 714 157 238 715 153 238 716 153 239 717 157 239 718 158 239 719 153 240 720 158 240 721 154 240 722 154 241 723 158 241 724 159 241 725 154 242 726 159 242 727 155 242 728 155 243 729 159 243 730 160 243 731 156 244 732 161 244 733 157 244 734 157 245 735 161 245 736 162 245 737 157 246 738 162 246 739 158 246 740 158 247 741 162 247 742 163 247 743 158 248 744 163 248 745 159 248 746 159 249 747 163 249 748 164 249 749 159 250 750 164 250 751 160 250 752 160 251 753 164 251 754 165 251 755 161 252 756 166 252 757 162 252 758 162 253 759 166 253 760 167 253 761 162 254 762 167 254 763 163 254 764 163 255 765 167 255 766 168 255 767 163 256 768 168 256 769 164 256 770 164 257 771 168 257 772 169 257 773 164 258 774 169 258 775 165 258 776 165 259 777 169 259 778 170 259 779 166 260 780 171 260 781 167 260 782 167 261 783 171 261 784 172 261 785 167 262 786 172 262 787 168 262 788 168 263 789 172 263 790 173 263 791 168 264 792 173 264 793 169 264 794 169 265 795 173 265 796 174 265 797 169 266 798 174 266 799 170 266 800 170 267 801 174 267 802 175 267 803 171 268 804 176 268 805 172 268 806 172 269 807 176 269 808 177 269 809 172 270 810 177 270 811 173 270 812 173 271 813 177 271 814 178 271 815 173 272 816 178 272 817 174 272 818 174 273 819 178 273 820 179 273 821 174 274 822 179 274 823 175 274 824 175 275 825 179 275 826 180 275 827 176 276 828 181 276 829 177 276 830 177 277 831 181 277 832 178 277 833 178 278 834 181 278 835 179 278 836 179 279 837 181 279 838 180 279 839 182 280 840 183 280 841 184 280 842 184 281 843 183 281 844 185 281 845 184 282 846 185 282 847 186 282 848 186 283 849 185 283 850 187 283 851 186 284 852 187 284 853 188 284 854 188 285 855 187 285 856 189 285 857 188 286 858 189 286 859 190 286 860 190 287 861 189 287 862 191 287 863 183 288 864 192 288 865 185 288 866 185 289 867 192 289 868 193 289 869 185 290 870 193 290 871 187 290 872 187 291 873 193 291 874 194 291 875 187 292 876 194 292 877 189 292 878 189 293 879 194 293 880 195 293 881 189 294 882 195 294 883 191 294 884 191 295 885 195 295 886 196 295 887 192 296 888 197 296 889 193 296 890 193 297 891 197 297 892 198 297 893 193 298 894 198 298 895 194 298 896 194 299 897 198 299 898 199 299 899 194 300 900 199 300 901 195 300 902 195 301 903 199 301 904 200 301 905 195 302 906 200 302 907 196 302 908 196 303 909 200 303 910 201 303 911 197 304 912 202 304 913 198 304 914 198 305 915 202 305 916 203 305 917 198 306 918 203 306 919 199 306 920 199 307 921 203 307 922 204 307 923 199 308 924 204 308 925 200 308 926 200 309 927 204 309 928 205 309 929 200 310 930 205 310 931 201 310 932 201 311 933 205 311 934 206 311 935 202 312 936 207 312 937 203 312 938 203 313 939 207 313 940 208 313 941 203 314 942 208 314 943 204 314 944 204 315 945 208 315 946 209 315 947 204 316 948 209 316 949 205 316 950 205 317 951 209 317 952 210 317 953 205 318 954 210 318 955 206 318 956 206 319 957 210 319 958 211 319 959 207 320 960 212 320 961 208 320 962 208 321 963 212 321 964 213 321 965 208 322 966 213 322 967 209 322 968 209 323 969 213 323 970 214 323 971 209 324 972 214 324 973 210 324 974 210 325 975 214 325 976 215 325 977 210 326 978 215 326 979 211 326 980 211 327 981 215 327 982 216 327 983 212 328 984 217 328 985 213 328 986 213 329 987 217 329 988 218 329 989 213 330 990 218 330 991 214 330 992 214 331 993 218 331 994 219 331 995 214 332 996 219 332 997 215 332 998 215 333 999 219 333 1000 220 333 1001 215 334 1002 220 334 1003 216 334 1004 216 335 1005 220 335 1006 221 335 1007 217 336 1008 222 336 1009 218 336 1010 218 337 1011 222 337 1012 223 337 1013 218 338 1014 223 338 1015 219 338 1016 219 339 1017 223 339 1018 224 339 1019 219 340 1020 224 340 1021 220 340 1022 220 341 1023 224 341 1024 225 341 1025 220 342 1026 225 342 1027 221 342 1028 221 343 1029 225 343 1030 226 343 1031 222 344 1032 227 344 1033 223 344 1034 223 345 1035 227 345 1036 228 345 1037 223 346 1038 228 346 1039 224 346 1040 224 347 1041 228 347 1042 229 347 1043 224 348 1044 229 348 1045 225 348 1046 225 349 1047 229 349 1048 230 349 1049 225 350 1050 230 350 1051 226 350 1052 226 351 1053 230 351 1054 231 351 1055 227 352 1056 232 352 1057 228 352 1058 228 353 1059 232 353 1060 233 353 1061 228 354 1062 233 354 1063 229 354 1064 229 355 1065 233 355 1066 234 355 1067 229 356 1068 234 356 1069 230 356 1070 230 357 1071 234 357 1072 235 357 1073 230 358 1074 235 358 1075 231 358 1076 231 359 1077 235 359 1078 236 359 1079 232 360 1080 237 360 1081 233 360 1082 233 361 1083 237 361 1084 238 361 1085 233 362 1086 238 362 1087 234 362 1088 234 363 1089 238 363 1090 239 363 1091 234 364 1092 239 364 1093 235 364 1094 235 365 1095 239 365 1096 240 365 1097 235 366 1098 240 366 1099 236 366 1100 236 367 1101 240 367 1102 241 367 1103 237 368 1104 242 368 1105 238 368 1106 238 369 1107 242 369 1108 243 369 1109 238 370 1110 243 370 1111 239 370 1112 239 371 1113 243 371 1114 244 371 1115 239 372 1116 244 372 1117 240 372 1118 240 373 1119 244 373 1120 245 373 1121 240 374 1122 245 374 1123 241 374 1124 241 375 1125 245 375 1126 246 375 1127 242 376 1128 247 376 1129 243 376 1130 243 377 1131 247 377 1132 248 377 1133 243 378 1134 248 378 1135 244 378 1136 244 379 1137 248 379 1138 249 379 1139 244 380 1140 249 380 1141 245 380 1142 245 381 1143 249 381 1144 250 381 1145 245 382 1146 250 382 1147 246 382 1148 246 383 1149 250 383 1150 251 383 1151 247 384 1152 252 384 1153 248 384 1154 248 385 1155 252 385 1156 253 385 1157 248 386 1158 253 386 1159 249 386 1160 249 387 1161 253 387 1162 254 387 1163 249 388 1164 254 388 1165 250 388 1166 250 389 1167 254 389 1168 255 389 1169 250 390 1170 255 390 1171 251 390 1172 251 391 1173 255 391 1174 256 391 1175 252 392 1176 257 392 1177 253 392 1178 253 393 1179 257 393 1180 258 393 1181 253 394 1182 258 394 1183 254 394 1184 254 395 1185 258 395 1186 259 395 1187 254 396 1188 259 396 1189 255 396 1190 255 397 1191 259 397 1192 260 397 1193 255 398 1194 260 398 1195 256 398 1196 256 399 1197 260 399 1198 261 399 1199 257 400 1200 262 400 1201 258 400 1202 258 401 1203 262 401 1204 263 401 1205 258 402 1206 263 402 1207 259 402 1208 259 403 1209 263 403 1210 264 403 1211 259 404 1212 264 404 1213 260 404 1214 260 405 1215 264 405 1216 265 405 1217 260 406 1218 265 406 1219 261 406 1220 261 407 1221 265 407 1222 266 407 1223 262 408 1224 267 408 1225 263 408 1226 263 409 1227 267 409 1228 268 409 1229 263 410 1230 268 410 1231 264 410 1232 264 411 1233 268 411 1234 269 411 1235 264 412 1236 269 412 1237 265 412 1238 265 413 1239 269 413 1240 270 413 1241 265 414 1242 270 414 1243 266 414 1244 266 415 1245 270 415 1246 271 415 1247 267 416 1248 272 416 1249 268 416 1250 268 417 1251 272 417 1252 269 417 1253 269 418 1254 272 418 1255 270 418 1256 270 419 1257 272 419 1258 271 419 1259 273 420 1260 274 420 1261 275 420 1262 275 421 1263 274 421 1264 276 421 1265 275 422 1266 276 422 1267 277 422 1268 277 423 1269 276 423 1270 278 423 1271 277 424 1272 278 424 1273 279 424 1274 279 425 1275 278 425 1276 280 425 1277 279 426 1278 280 426 1279 281 426 1280 281 427 1281 280 427 1282 282 427 1283 274 428 1284 283 428 1285 276 428 1286 276 429 1287 283 429 1288 284 429 1289 276 430 1290 284 430 1291 278 430 1292 278 431 1293 284 431 1294 285 431 1295 278 432 1296 285 432 1297 280 432 1298 280 433 1299 285 433 1300 286 433 1301 280 434 1302 286 434 1303 282 434 1304 282 435 1305 286 435 1306 287 435 1307 283 436 1308 288 436 1309 284 436 1310 284 437 1311 288 437 1312 289 437 1313 284 438 1314 289 438 1315 285 438 1316 285 439 1317 289 439 1318 290 439 1319 285 440 1320 290 440 1321 286 440 1322 286 441 1323 290 441 1324 291 441 1325 286 442 1326 291 442 1327 287 442 1328 287 443 1329 291 443 1330 292 443 1331 288 444 1332 293 444 1333 289 444 1334 289 445 1335 293 445 1336 294 445 1337 289 446 1338 294 446 1339 290 446 1340 290 447 1341 294 447 1342 295 447 1343 290 448 1344 295 448 1345 291 448 1346 291 449 1347 295 449 1348 296 449 1349 291 450 1350 296 450 1351 292 450 1352 292 451 1353 296 451 1354 297 451 1355 293 452 1356 298 452 1357 294 452 1358 294 453 1359 298 453 1360 299 453 1361 294 454 1362 299 454 1363 295 454 1364 295 455 1365 299 455 1366 300 455 1367 295 456 1368 300 456 1369 296 456 1370 296 457 1371 300 457 1372 301 457 1373 296 458 1374 301 458 1375 297 458 1376 297 459 1377 301 459 1378 302 459 1379 298 460 1380 303 460 1381 299 460 1382 299 461 1383 303 461 1384 304 461 1385 299 462 1386 304 462 1387 300 462 1388 300 463 1389 304 463 1390 305 463 1391 300 464 1392 305 464 1393 301 464 1394 301 465 1395 305 465 1396 306 465 1397 301 466 1398 306 466 1399 302 466 1400 302 467 1401 306 467 1402 307 467 1403 303 468 1404 308 468 1405 304 468 1406 304 469 1407 308 469 1408 309 469 1409 304 470 1410 309 470 1411 305 470 1412 305 471 1413 309 471 1414 310 471 1415 305 472 1416 310 472 1417 306 472 1418 306 473 1419 310 473 1420 311 473 1421 306 474 1422 311 474 1423 307 474 1424 307 475 1425 311 475 1426 312 475 1427 308 476 1428 313 476 1429 309 476 1430 309 477 1431 313 477 1432 314 477 1433 309 478 1434 314 478 1435 310 478 1436 310 479 1437 314 479 1438 315 479 1439 310 480 1440 315 480 1441 311 480 1442 311 481 1443 315 481 1444 316 481 1445 311 482 1446 316 482 1447 312 482 1448 312 483 1449 316 483 1450 317 483 1451 313 484 1452 318 484 1453 314 484 1454 314 485 1455 318 485 1456 319 485 1457 314 486 1458 319 486 1459 315 486 1460 315 487 1461 319 487 1462 320 487 1463 315 488 1464 320 488 1465 316 488 1466 316 489 1467 320 489 1468 321 489 1469 316 490 1470 321 490 1471 317 490 1472 317 491 1473 321 491 1474 322 491 1475 318 492 1476 323 492 1477 319 492 1478 319 493 1479 323 493 1480 324 493 1481 319 494 1482 324 494 1483 320 494 1484 320 495 1485 324 495 1486 325 495 1487 320 496 1488 325 496 1489 321 496 1490 321 497 1491 325 497 1492 326 497 1493 321 498 1494 326 498 1495 322 498 1496 322 499 1497 326 499 1498 327 499 1499 323 500 1500 328 500 1501 324 500 1502 324 501 1503 328 501 1504 329 501 1505 324 502 1506 329 502 1507 325 502 1508 325 503 1509 329 503 1510 330 503 1511 325 504 1512 330 504 1513 326 504 1514 326 505 1515 330 505 1516 331 505 1517 326 506 1518 331 506 1519 327 506 1520 327 507 1521 331 507 1522 332 507 1523 328 508 1524 333 508 1525 329 508 1526 329 509 1527 333 509 1528 334 509 1529 329 510 1530 334 510 1531 330 510 1532 330 511 1533 334 511 1534 335 511 1535 330 512 1536 335 512 1537 331 512 1538 331 513 1539 335 513 1540 336 513 1541 331 514 1542 336 514 1543 332 514 1544 332 515 1545 336 515 1546 337 515 1547 333 516 1548 338 516 1549 334 516 1550 334 517 1551 338 517 1552 339 517 1553 334 518 1554 339 518 1555 335 518 1556 335 519 1557 339 519 1558 340 519 1559 335 520 1560 340 520 1561 336 520 1562 336 521 1563 340 521 1564 341 521 1565 336 522 1566 341 522 1567 337 522 1568 337 523 1569 341 523 1570 342 523 1571 338 524 1572 343 524 1573 339 524 1574 339 525 1575 343 525 1576 344 525 1577 339 526 1578 344 526 1579 340 526 1580 340 527 1581 344 527 1582 345 527 1583 340 528 1584 345 528 1585 341 528 1586 341 529 1587 345 529 1588 346 529 1589 341 530 1590 346 530 1591 342 530 1592 342 531 1593 346 531 1594 347 531 1595 343 532 1596 348 532 1597 344 532 1598 344 533 1599 348 533 1600 345 533 1601 345 534 1602 348 534 1603 346 534 1604 346 535 1605 348 535 1606 347 535 1607 349 536 1608 350 536 1609 351 536 1610 351 537 1611 350 537 1612 352 537 1613 351 538 1614 352 538 1615 353 538 1616 353 539 1617 352 539 1618 354 539 1619 353 540 1620 354 540 1621 355 540 1622 355 541 1623 354 541 1624 356 541 1625 355 542 1626 356 542 1627 357 542 1628 357 543 1629 356 543 1630 358 543 1631 350 544 1632 359 544 1633 352 544 1634 352 545 1635 359 545 1636 360 545 1637 352 546 1638 360 546 1639 354 546 1640 354 547 1641 360 547 1642 361 547 1643 354 548 1644 361 548 1645 356 548 1646 356 549 1647 361 549 1648 362 549 1649 356 550 1650 362 550 1651 358 550 1652 358 551 1653 362 551 1654 363 551 1655 359 552 1656 364 552 1657 360 552 1658 360 553 1659 364 553 1660 365 553 1661 360 554 1662 365 554 1663 361 554 1664 361 555 1665 365 555 1666 366 555 1667 361 556 1668 366 556 1669 362 556 1670 362 557 1671 366 557 1672 367 557 1673 362 558 1674 367 558 1675 363 558 1676 363 559 1677 367 559 1678 368 559 1679 364 560 1680 369 560 1681 365 560 1682 365 561 1683 369 561 1684 370 561 1685 365 562 1686 370 562 1687 366 562 1688 366 563 1689 370 563 1690 371 563 1691 366 564 1692 371 564 1693 367 564 1694 367 565 1695 371 565 1696 372 565 1697 367 566 1698 372 566 1699 368 566 1700 368 567 1701 372 567 1702 373 567 1703 369 568 1704 374 568 1705 370 568 1706 370 569 1707 374 569 1708 375 569 1709 370 570 1710 375 570 1711 371 570 1712 371 571 1713 375 571 1714 376 571 1715 371 572 1716 376 572 1717 372 572 1718 372 573 1719 376 573 1720 377 573 1721 372 574 1722 377 574 1723 373 574 1724 373 575 1725 377 575 1726 378 575 1727 374 576 1728 379 576 1729 375 576 1730 375 577 1731 379 577 1732 380 577 1733 375 578 1734 380 578 1735 376 578 1736 376 579 1737 380 579 1738 381 579 1739 376 580 1740 381 580 1741 377 580 1742 377 581 1743 381 581 1744 382 581 1745 377 582 1746 382 582 1747 378 582 1748 378 583 1749 382 583 1750 383 583 1751 379 584 1752 384 584 1753 380 584 1754 380 585 1755 384 585 1756 385 585 1757 380 586 1758 385 586 1759 381 586 1760 381 587 1761 385 587 1762 386 587 1763 381 588 1764 386 588 1765 382 588 1766 382 589 1767 386 589 1768 387 589 1769 382 590 1770 387 590 1771 383 590 1772 383 591 1773 387 591 1774 388 591 1775 384 592 1776 389 592 1777 385 592 1778 385 593 1779 389 593 1780 390 593 1781 385 594 1782 390 594 1783 386 594 1784 386 595 1785 390 595 1786 391 595 1787 386 596 1788 391 596 1789 387 596 1790 387 597 1791 391 597 1792 392 597 1793 387 598 1794 392 598 1795 388 598 1796 388 599 1797 392 599 1798 393 599 1799 389 600 1800 394 600 1801 390 600 1802 390 601 1803 394 601 1804 395 601 1805 390 602 1806 395 602 1807 391 602 1808 391 603 1809 395 603 1810 396 603 1811 391 604 1812 396 604 1813 392 604 1814 392 605 1815 396 605 1816 397 605 1817 392 606 1818 397 606 1819 393 606 1820 393 607 1821 397 607 1822 398 607 1823 394 608 1824 399 608 1825 395 608 1826 395 609 1827 399 609 1828 400 609 1829 395 610 1830 400 610 1831 396 610 1832 396 611 1833 400 611 1834 401 611 1835 396 612 1836 401 612 1837 397 612 1838 397 613 1839 401 613 1840 402 613 1841 397 614 1842 402 614 1843 398 614 1844 398 615 1845 402 615 1846 403 615 1847 399 616 1848 404 616 1849 400 616 1850 400 617 1851 404 617 1852 405 617 1853 400 618 1854 405 618 1855 401 618 1856 401 619 1857 405 619 1858 406 619 1859 401 620 1860 406 620 1861 402 620 1862 402 621 1863 406 621 1864 407 621 1865 402 622 1866 407 622 1867 403 622 1868 403 623 1869 407 623 1870 408 623 1871 404 624 1872 409 624 1873 405 624 1874 405 625 1875 409 625 1876 410 625 1877 405 626 1878 410 626 1879 406 626 1880 406 627 1881 410 627 1882 411 627 1883 406 628 1884 411 628 1885 407 628 1886 407 629 1887 411 629 1888 412 629 1889 407 630 1890 412 630 1891 408 630 1892 408 631 1893 412 631 1894 413 631 1895 409 632 1896 414 632 1897 410 632 1898 410 633 1899 414 633 1900 415 633 1901 410 634 1902 415 634 1903 411 634 1904 411 635 1905 415 635 1906 416 635 1907 411 636 1908 416 636 1909 412 636 1910 412 637 1911 416 637 1912 417 637 1913 412 638 1914 417 638 1915 413 638 1916 413 639 1917 417 639 1918 418 639 1919 414 640 1920 419 640 1921 415 640 1922 415 641 1923 419 641 1924 420 641 1925 415 642 1926 420 642 1927 416 642 1928 416 643 1929 420 643 1930 421 643 1931 416 644 1932 421 644 1933 417 644 1934 417 645 1935 421 645 1936 422 645 1937 417 646 1938 422 646 1939 418 646 1940 418 647 1941 422 647 1942 423 647 1943 419 648 1944 424 648 1945 420 648 1946 420 649 1947 424 649 1948 421 649 1949 421 650 1950 424 650 1951 422 650 1952 422 651 1953 424 651 1954 423 651 1955 425 652 1956 426 652 1957 427 652 1958 427 653 1959 426 653 1960 428 653 1961 427 654 1962 428 654 1963 429 654 1964 429 655 1965 428 655 1966 430 655 1967 429 656 1968 430 656 1969 431 656 1970 431 657 1971 430 657 1972 432 657 1973 431 658 1974 432 658 1975 433 658 1976 433 659 1977 432 659 1978 434 659 1979 426 660 1980 435 660 1981 428 660 1982 428 661 1983 435 661 1984 436 661 1985 428 662 1986 436 662 1987 430 662 1988 430 663 1989 436 663 1990 437 663 1991 430 664 1992 437 664 1993 432 664 1994 432 665 1995 437 665 1996 438 665 1997 432 666 1998 438 666 1999 434 666 2000 434 667 2001 438 667 2002 439 667 2003 435 668 2004 440 668 2005 436 668 2006 436 669 2007 440 669 2008 441 669 2009 436 670 2010 441 670 2011 437 670 2012 437 671 2013 441 671 2014 442 671 2015 437 672 2016 442 672 2017 438 672 2018 438 673 2019 442 673 2020 443 673 2021 438 674 2022 443 674 2023 439 674 2024 439 675 2025 443 675 2026 444 675 2027 440 676 2028 445 676 2029 441 676 2030 441 677 2031 445 677 2032 446 677 2033 441 678 2034 446 678 2035 442 678 2036 442 679 2037 446 679 2038 447 679 2039 442 680 2040 447 680 2041 443 680 2042 443 681 2043 447 681 2044 448 681 2045 443 682 2046 448 682 2047 444 682 2048 444 683 2049 448 683 2050 449 683 2051 445 684 2052 450 684 2053 446 684 2054 446 685 2055 450 685 2056 451 685 2057 446 686 2058 451 686 2059 447 686 2060 447 687 2061 451 687 2062 452 687 2063 447 688 2064 452 688 2065 448 688 2066 448 689 2067 452 689 2068 453 689 2069 448 690 2070 453 690 2071 449 690 2072 449 691 2073 453 691 2074 454 691 2075 450 692 2076 455 692 2077 451 692 2078 451 693 2079 455 693 2080 456 693 2081 451 694 2082 456 694 2083 452 694 2084 452 695 2085 456 695 2086 457 695 2087 452 696 2088 457 696 2089 453 696 2090 453 697 2091 457 697 2092 458 697 2093 453 698 2094 458 698 2095 454 698 2096 454 699 2097 458 699 2098 459 699 2099 455 700 2100 460 700 2101 456 700 2102 456 701 2103 460 701 2104 461 701 2105 456 702 2106 461 702 2107 457 702 2108 457 703 2109 461 703 2110 462 703 2111 457 704 2112 462 704 2113 458 704 2114 458 705 2115 462 705 2116 463 705 2117 458 706 2118 463 706 2119 459 706 2120 459 707 2121 463 707 2122 464 707 2123 460 708 2124 465 708 2125 461 708 2126 461 709 2127 465 709 2128 466 709 2129 461 710 2130 466 710 2131 462 710 2132 462 711 2133 466 711 2134 467 711 2135 462 712 2136 467 712 2137 463 712 2138 463 713 2139 467 713 2140 468 713 2141 463 714 2142 468 714 2143 464 714 2144 464 715 2145 468 715 2146 469 715 2147 465 716 2148 470 716 2149 466 716 2150 466 717 2151 470 717 2152 471 717 2153 466 718 2154 471 718 2155 467 718 2156 467 719 2157 471 719 2158 472 719 2159 467 720 2160 472 720 2161 468 720 2162 468 721 2163 472 721 2164 473 721 2165 468 722 2166 473 722 2167 469 722 2168 469 723 2169 473 723 2170 474 723 2171 470 724 2172 475 724 2173 471 724 2174 471 725 2175 475 725 2176 476 725 2177 471 726 2178 476 726 2179 472 726 2180 472 727 2181 476 727 2182 477 727 2183 472 728 2184 477 728 2185 473 728 2186 473 729 2187 477 729 2188 478 729 2189 473 730 2190 478 730 2191 474 730 2192 474 731 2193 478 731 2194 479 731 2195 475 732 2196 480 732 2197 476 732 2198 476 733 2199 480 733 2200 481 733 2201 476 734 2202 481 734 2203 477 734 2204 477 735 2205 481 735 2206 482 735 2207 477 736 2208 482 736 2209 478 736 2210 478 737 2211 482 737 2212 483 737 2213 478 738 2214 483 738 2215 479 738 2216 479 739 2217 483 739 2218 484 739 2219 480 740 2220 485 740 2221 481 740 2222 481 741 2223 485 741 2224 486 741 2225 481 742 2226 486 742 2227 482 742 2228 482 743 2229 486 743 2230 487 743 2231 482 744 2232 487 744 2233 483 744 2234 483 745 2235 487 745 2236 488 745 2237 483 746 2238 488 746 2239 484 746 2240 484 747 2241 488 747 2242 489 747 2243 485 748 2244 490 748 2245 486 748 2246 486 749 2247 490 749 2248 491 749 2249 486 750 2250 491 750 2251 487 750 2252 487 751 2253 491 751 2254 492 751 2255 487 752 2256 492 752 2257 488 752 2258 488 753 2259 492 753 2260 493 753 2261 488 754 2262 493 754 2263 489 754 2264 489 755 2265 493 755 2266 494 755 2267 490 756 2268 495 756 2269 491 756 2270 491 757 2271 495 757 2272 496 757 2273 491 758 2274 496 758 2275 492 758 2276 492 759 2277 496 759 2278 497 759 2279 492 760 2280 497 760 2281 493 760 2282 493 761 2283 497 761 2284 498 761 2285 493 762 2286 498 762 2287 494 762 2288 494 763 2289 498 763 2290 499 763 2291 495 764 2292 500 764 2293 496 764 2294 496 765 2295 500 765 2296 497 765 2297 497 766 2298 500 766 2299 498 766 2300 498 767 2301 500 767 2302 499 767 2303 501 768 2304 502 768 2305 503 768 2306 503 769 2307 502 769 2308 504 769 2309 503 770 2310 504 770 2311 505 770 2312 505 771 2313 504 771 2314 506 771 2315 505 772 2316 506 772 2317 507 772 2318 507 773 2319 506 773 2320 508 773 2321 507 774 2322 508 774 2323 509 774 2324 509 775 2325 508 775 2326 510 775 2327 502 776 2328 511 776 2329 504 776 2330 504 777 2331 511 777 2332 512 777 2333 504 778 2334 512 778 2335 506 778 2336 506 779 2337 512 779 2338 513 779 2339 506 780 2340 513 780 2341 508 780 2342 508 781 2343 513 781 2344 514 781 2345 508 782 2346 514 782 2347 510 782 2348 510 783 2349 514 783 2350 515 783 2351 511 784 2352 516 784 2353 512 784 2354 512 785 2355 516 785 2356 517 785 2357 512 786 2358 517 786 2359 513 786 2360 513 787 2361 517 787 2362 518 787 2363 513 788 2364 518 788 2365 514 788 2366 514 789 2367 518 789 2368 519 789 2369 514 790 2370 519 790 2371 515 790 2372 515 791 2373 519 791 2374 520 791 2375 516 792 2376 521 792 2377 517 792 2378 517 793 2379 521 793 2380 522 793 2381 517 794 2382 522 794 2383 518 794 2384 518 795 2385 522 795 2386 523 795 2387 518 796 2388 523 796 2389 519 796 2390 519 797 2391 523 797 2392 524 797 2393 519 798 2394 524 798 2395 520 798 2396 520 799 2397 524 799 2398 525 799 2399 521 800 2400 526 800 2401 522 800 2402 522 801 2403 526 801 2404 527 801 2405 522 802 2406 527 802 2407 523 802 2408 523 803 2409 527 803 2410 528 803 2411 523 804 2412 528 804 2413 524 804 2414 524 805 2415 528 805 2416 529 805 2417 524 806 2418 529 806 2419 525 806 2420 525 807 2421 529 807 2422 530 807 2423 526 808 2424 531 808 2425 527 808 2426 527 809 2427 531 809 2428 532 809 2429 527 810 2430 532 810 2431 528 810 2432 528 811 2433 532 811 2434 533 811 2435 528 812 2436 533 812 2437 529 812 2438 529 813 2439 533 813 2440 534 813 2441 529 814 2442 534 814 2443 530 814 2444 530 815 2445 534 815 2446 535 815 2447 531 816 2448 536 816 2449 532 816 2450 532 817 2451 536 817 2452 537 817 2453 532 818 2454 537 818 2455 533 818 2456 533 819 2457 537 819 2458 538 819 2459 533 820 2460 538 820 2461 534 820 2462 534 821 2463 538 821 2464 539 821 2465 534 822 2466 539 822 2467 535 822 2468 535 823 2469 539 823 2470 540 823 2471 536 824 2472 541 824 2473 537 824 2474 537 825 2475 541 825 2476 542 825 2477 537 826 2478 542 826 2479 538 826 2480 538 827 2481 542 827 2482 543 827 2483 538 828 2484 543 828 2485 539 828 2486 539 829 2487 543 829 2488 544 829 2489 539 830 2490 544 830 2491 540 830 2492 540 831 2493 544 831 2494 545 831 2495 541 832 2496 546 832 2497 542 832 2498 542 833 2499 546 833 2500 547 833 2501 542 834 2502 547 834 2503 543 834 2504 543 835 2505 547 835 2506 548 835 2507 543 836 2508 548 836 2509 544 836 2510 544 837 2511 548 837 2512 549 837 2513 544 838 2514 549 838 2515 545 838 2516 545 839 2517 549 839 2518 550 839 2519 546 840 2520 551 840 2521 547 840 2522 547 841 2523 551 841 2524 552 841 2525 547 842 2526 552 842 2527 548 842 2528 548 843 2529 552 843 2530 553 843 2531 548 844 2532 553 844 2533 549 844 2534 549 845 2535 553 845 2536 554 845 2537 549 846 2538 554 846 2539 550 846 2540 550 847 2541 554 847 2542 555 847 2543 551 848 2544 556 848 2545 552 848 2546 552 849 2547 556 849 2548 557 849 2549 552 850 2550 557 850 2551 553 850 2552 553 851 2553 557 851 2554 558 851 2555 553 852 2556 558 852 2557 554 852 2558 554 853 2559 558 853 2560 559 853 2561 554 854 2562 559 854 2563 555 854 2564 555 855 2565 559 855 2566 560 855 2567 556 856 2568 561 856 2569 557 856 2570 557 857 2571 561 857 2572 562 857 2573 557 858 2574 562 858 2575 558 858 2576 558 859 2577 562 859 2578 563 859 2579 558 860 2580 563 860 2581 559 860 2582 559 861 2583 563 861 2584 564 861 2585 559 862 2586 564 862 2587 560 862 2588 560 863 2589 564 863 2590 565 863 2591 561 864 2592 566 864 2593 562 864 2594 562 865 2595 566 865 2596 567 865 2597 562 866 2598 567 866 2599 563 866 2600 563 867 2601 567 867 2602 568 867 2603 563 868 2604 568 868 2605 564 868 2606 564 869 2607 568 869 2608 569 869 2609 564 870 2610 569 870 2611 565 870 2612 565 871 2613 569 871 2614 570 871 2615 566 872 2616 571 872 2617 567 872 2618 567 873 2619 571 873 2620 572 873 2621 567 874 2622 572 874 2623 568 874 2624 568 875 2625 572 875 2626 573 875 2627 568 876 2628 573 876 2629 569 876 2630 569 877 2631 573 877 2632 574 877 2633 569 878 2634 574 878 2635 570 878 2636 570 879 2637 574 879 2638 575 879 2639 571 880 2640 576 880 2641 572 880 2642 572 881 2643 576 881 2644 573 881 2645 573 882 2646 576 882 2647 574 882 2648 574 883 2649 576 883 2650 575 883 2651 577 884 2652 578 884 2653 579 884 2654 579 885 2655 578 885 2656 580 885 2657 579 886 2658 580 886 2659 581 886 2660 581 887 2661 580 887 2662 582 887 2663 581 888 2664 582 888 2665 583 888 2666 583 889 2667 582 889 2668 584 889 2669 583 890 2670 584 890 2671 585 890 2672 585 891 2673 584 891 2674 586 891 2675 578 892 2676 587 892 2677 580 892 2678 580 893 2679 587 893 2680 588 893 2681 580 894 2682 588 894 2683 582 894 2684 582 895 2685 588 895 2686 589 895 2687 582 896 2688 589 896 2689 584 896 2690 584 897 2691 589 897 2692 590 897 2693 584 898 2694 590 898 2695 586 898 2696 586 899 2697 590 899 2698 591 899 2699 587 900 2700 592 900 2701 588 900 2702 588 901 2703 592 901 2704 593 901 2705 588 902 2706 593 902 2707 589 902 2708 589 903 2709 593 903 2710 594 903 2711 589 904 2712 594 904 2713 590 904 2714 590 905 2715 594 905 2716 595 905 2717 590 906 2718 595 906 2719 591 906 2720 591 907 2721 595 907 2722 596 907 2723 592 908 2724 597 908 2725 593 908 2726 593 909 2727 597 909 2728 598 909 2729 593 910 2730 598 910 2731 594 910 2732 594 911 2733 598 911 2734 599 911 2735 594 912 2736 599 912 2737 595 912 2738 595 913 2739 599 913 2740 600 913 2741 595 914 2742 600 914 2743 596 914 2744 596 915 2745 600 915 2746 601 915 2747 597 916 2748 602 916 2749 598 916 2750 598 917 2751 602 917 2752 603 917 2753 598 918 2754 603 918 2755 599 918 2756 599 919 2757 603 919 2758 604 919 2759 599 920 2760 604 920 2761 600 920 2762 600 921 2763 604 921 2764 605 921 2765 600 922 2766 605 922 2767 601 922 2768 601 923 2769 605 923 2770 606 923 2771 602 924 2772 607 924 2773 603 924 2774 603 925 2775 607 925 2776 608 925 2777 603 926 2778 608 926 2779 604 926 2780 604 927 2781 608 927 2782 609 927 2783 604 928 2784 609 928 2785 605 928 2786 605 929 2787 609 929 2788 610 929 2789 605 930 2790 610 930 2791 606 930 2792 606 931 2793 610 931 2794 611 931 2795 607 932 2796 612 932 2797 608 932 2798 608 933 2799 612 933 2800 613 933 2801 608 934 2802 613 934 2803 609 934 2804 609 935 2805 613 935 2806 614 935 2807 609 936 2808 614 936 2809 610 936 2810 610 937 2811 614 937 2812 615 937 2813 610 938 2814 615 938 2815 611 938 2816 611 939 2817 615 939 2818 616 939 2819 612 940 2820 617 940 2821 613 940 2822 613 941 2823 617 941 2824 618 941 2825 613 942 2826 618 942 2827 614 942 2828 614 943 2829 618 943 2830 619 943 2831 614 944 2832 619 944 2833 615 944 2834 615 945 2835 619 945 2836 620 945 2837 615 946 2838 620 946 2839 616 946 2840 616 947 2841 620 947 2842 621 947 2843 617 948 2844 622 948 2845 618 948 2846 618 949 2847 622 949 2848 623 949 2849 618 950 2850 623 950 2851 619 950 2852 619 951 2853 623 951 2854 624 951 2855 619 952 2856 624 952 2857 620 952 2858 620 953 2859 624 953 2860 625 953 2861 620 954 2862 625 954 2863 621 954 2864 621 955 2865 625 955 2866 626 955 2867 622 956 2868 627 956 2869 623 956 2870 623 957 2871 627 957 2872 628 957 2873 623 958 2874 628 958 2875 624 958 2876 624 959 2877 628 959 2878 629 959 2879 624 960 2880 629 960 2881 625 960 2882 625 961 2883 629 961 2884 630 961 2885 625 962 2886 630 962 2887 626 962 2888 626 963 2889 630 963 2890 631 963 2891 627 964 2892 632 964 2893 628 964 2894 628 965 2895 632 965 2896 633 965 2897 628 966 2898 633 966 2899 629 966 2900 629 967 2901 633 967 2902 634 967 2903 629 968 2904 634 968 2905 630 968 2906 630 969 2907 634 969 2908 635 969 2909 630 970 2910 635 970 2911 631 970 2912 631 971 2913 635 971 2914 636 971 2915 632 972 2916 637 972 2917 633 972 2918 633 973 2919 637 973 2920 638 973 2921 633 974 2922 638 974 2923 634 974 2924 634 975 2925 638 975 2926 639 975 2927 634 976 2928 639 976 2929 635 976 2930 635 977 2931 639 977 2932 640 977 2933 635 978 2934 640 978 2935 636 978 2936 636 979 2937 640 979 2938 641 979 2939 637 980 2940 642 980 2941 638 980 2942 638 981 2943 642 981 2944 643 981 2945 638 982 2946 643 982 2947 639 982 2948 639 983 2949 643 983 2950 644 983 2951 639 984 2952 644 984 2953 640 984 2954 640 985 2955 644 985 2956 645 985 2957 640 986 2958 645 986 2959 641 986 2960 641 987 2961 645 987 2962 646 987 2963 642 988 2964 647 988 2965 643 988 2966 643 989 2967 647 989 2968 648 989 2969 643 990 2970 648 990 2971 644 990 2972 644 991 2973 648 991 2974 649 991 2975 644 992 2976 649 992 2977 645 992 2978 645 993 2979 649 993 2980 650 993 2981 645 994 2982 650 994 2983 646 994 2984 646 995 2985 650 995 2986 651 995 2987 647 996 2988 652 996 2989 648 996 2990 648 997 2991 652 997 2992 649 997 2993 649 998 2994 652 998 2995 650 998 2996 650 999 2997 652 999 2998 651 999 2999 653 1000 3000 654 1000 3001 655 1000 3002 655 1001 3003 654 1001 3004 656 1001 3005 655 1002 3006 656 1002 3007 657 1002 3008 657 1003 3009 656 1003 3010 658 1003 3011 657 1004 3012 658 1004 3013 659 1004 3014 659 1005 3015 658 1005 3016 660 1005 3017 659 1006 3018 660 1006 3019 661 1006 3020 661 1007 3021 660 1007 3022 662 1007 3023 654 1008 3024 663 1008 3025 656 1008 3026 656 1009 3027 663 1009 3028 664 1009 3029 656 1010 3030 664 1010 3031 658 1010 3032 658 1011 3033 664 1011 3034 665 1011 3035 658 1012 3036 665 1012 3037 660 1012 3038 660 1013 3039 665 1013 3040 666 1013 3041 660 1014 3042 666 1014 3043 662 1014 3044 662 1015 3045 666 1015 3046 667 1015 3047 663 1016 3048 668 1016 3049 664 1016 3050 664 1017 3051 668 1017 3052 669 1017 3053 664 1018 3054 669 1018 3055 665 1018 3056 665 1019 3057 669 1019 3058 670 1019 3059 665 1020 3060 670 1020 3061 666 1020 3062 666 1021 3063 670 1021 3064 671 1021 3065 666 1022 3066 671 1022 3067 667 1022 3068 667 1023 3069 671 1023 3070 672 1023 3071 668 1024 3072 673 1024 3073 669 1024 3074 669 1025 3075 673 1025 3076 674 1025 3077 669 1026 3078 674 1026 3079 670 1026 3080 670 1027 3081 674 1027 3082 675 1027 3083 670 1028 3084 675 1028 3085 671 1028 3086 671 1029 3087 675 1029 3088 676 1029 3089 671 1030 3090 676 1030 3091 672 1030 3092 672 1031 3093 676 1031 3094 677 1031 3095 673 1032 3096 678 1032 3097 674 1032 3098 674 1033 3099 678 1033 3100 679 1033 3101 674 1034 3102 679 1034 3103 675 1034 3104 675 1035 3105 679 1035 3106 680 1035 3107 675 1036 3108 680 1036 3109 676 1036 3110 676 1037 3111 680 1037 3112 681 1037 3113 676 1038 3114 681 1038 3115 677 1038 3116 677 1039 3117 681 1039 3118 682 1039 3119 678 1040 3120 683 1040 3121 679 1040 3122 679 1041 3123 683 1041 3124 684 1041 3125 679 1042 3126 684 1042 3127 680 1042 3128 680 1043 3129 684 1043 3130 685 1043 3131 680 1044 3132 685 1044 3133 681 1044 3134 681 1045 3135 685 1045 3136 686 1045 3137 681 1046 3138 686 1046 3139 682 1046 3140 682 1047 3141 686 1047 3142 687 1047 3143 683 1048 3144 688 1048 3145 684 1048 3146 684 1049 3147 688 1049 3148 689 1049 3149 684 1050 3150 689 1050 3151 685 1050 3152 685 1051 3153 689 1051 3154 690 1051 3155 685 1052 3156 690 1052 3157 686 1052 3158 686 1053 3159 690 1053 3160 691 1053 3161 686 1054 3162 691 1054 3163 687 1054 3164 687 1055 3165 691 1055 3166 692 1055 3167 688 1056 3168 693 1056 3169 689 1056 3170 689 1057 3171 693 1057 3172 694 1057 3173 689 1058 3174 694 1058 3175 690 1058 3176 690 1059 3177 694 1059 3178 695 1059 3179 690 1060 3180 695 1060 3181 691 1060 3182 691 1061 3183 695 1061 3184 696 1061 3185 691 1062 3186 696 1062 3187 692 1062 3188 692 1063 3189 696 1063 3190 697 1063 3191 693 1064 3192 698 1064 3193 694 1064 3194 694 1065 3195 698 1065 3196 699 1065 3197 694 1066 3198 699 1066 3199 695 1066 3200 695 1067 3201 699 1067 3202 700 1067 3203 695 1068 3204 700 1068 3205 696 1068 3206 696 1069 3207 700 1069 3208 701 1069 3209 696 1070 3210 701 1070 3211 697 1070 3212 697 1071 3213 701 1071 3214 702 1071 3215 698 1072 3216 703 1072 3217 699 1072 3218 699 1073 3219 703 1073 3220 704 1073 3221 699 1074 3222 704 1074 3223 700 1074 3224 700 1075 3225 704 1075 3226 705 1075 3227 700 1076 3228 705 1076 3229 701 1076 3230 701 1077 3231 705 1077 3232 706 1077 3233 701 1078 3234 706 1078 3235 702 1078 3236 702 1079 3237 706 1079 3238 707 1079 3239 703 1080 3240 708 1080 3241 704 1080 3242 704 1081 3243 708 1081 3244 709 1081 3245 704 1082 3246 709 1082 3247 705 1082 3248 705 1083 3249 709 1083 3250 710 1083 3251 705 1084 3252 710 1084 3253 706 1084 3254 706 1085 3255 710 1085 3256 711 1085 3257 706 1086 3258 711 1086 3259 707 1086 3260 707 1087 3261 711 1087 3262 712 1087 3263 708 1088 3264 713 1088 3265 709 1088 3266 709 1089 3267 713 1089 3268 714 1089 3269 709 1090 3270 714 1090 3271 710 1090 3272 710 1091 3273 714 1091 3274 715 1091 3275 710 1092 3276 715 1092 3277 711 1092 3278 711 1093 3279 715 1093 3280 716 1093 3281 711 1094 3282 716 1094 3283 712 1094 3284 712 1095 3285 716 1095 3286 717 1095 3287 713 1096 3288 718 1096 3289 714 1096 3290 714 1097 3291 718 1097 3292 719 1097 3293 714 1098 3294 719 1098 3295 715 1098 3296 715 1099 3297 719 1099 3298 720 1099 3299 715 1100 3300 720 1100 3301 716 1100 3302 716 1101 3303 720 1101 3304 721 1101 3305 716 1102 3306 721 1102 3307 717 1102 3308 717 1103 3309 721 1103 3310 722 1103 3311 718 1104 3312 723 1104 3313 719 1104 3314 719 1105 3315 723 1105 3316 724 1105 3317 719 1106 3318 724 1106 3319 720 1106 3320 720 1107 3321 724 1107 3322 725 1107 3323 720 1108 3324 725 1108 3325 721 1108 3326 721 1109 3327 725 1109 3328 726 1109 3329 721 1110 3330 726 1110 3331 722 1110 3332 722 1111 3333 726 1111 3334 727 1111 3335 723 1112 3336 728 1112 3337 724 1112 3338 724 1113 3339 728 1113 3340 725 1113 3341 725 1114 3342 728 1114 3343 726 1114 3344 726 1115 3345 728 1115 3346 727 1115 3347 729 1116 3348 730 1116 3349 731 1116 3350 731 1117 3351 730 1117 3352 732 1117 3353 731 1118 3354 732 1118 3355 733 1118 3356 733 1119 3357 732 1119 3358 734 1119 3359 733 1120 3360 734 1120 3361 735 1120 3362 735 1121 3363 734 1121 3364 736 1121 3365 735 1122 3366 736 1122 3367 737 1122 3368 737 1123 3369 736 1123 3370 738 1123 3371 730 1124 3372 739 1124 3373 732 1124 3374 732 1125 3375 739 1125 3376 740 1125 3377 732 1126 3378 740 1126 3379 734 1126 3380 734 1127 3381 740 1127 3382 741 1127 3383 734 1128 3384 741 1128 3385 736 1128 3386 736 1129 3387 741 1129 3388 742 1129 3389 736 1130 3390 742 1130 3391 738 1130 3392 738 1131 3393 742 1131 3394 743 1131 3395 739 1132 3396 744 1132 3397 740 1132 3398 740 1133 3399 744 1133 3400 745 1133 3401 740 1134 3402 745 1134 3403 741 1134 3404 741 1135 3405 745 1135 3406 746 1135 3407 741 1136 3408 746 1136 3409 742 1136 3410 742 1137 3411 746 1137 3412 747 1137 3413 742 1138 3414 747 1138 3415 743 1138 3416 743 1139 3417 747 1139 3418 748 1139 3419 744 1140 3420 749 1140 3421 745 1140 3422 745 1141 3423 749 1141 3424 750 1141 3425 745 1142 3426 750 1142 3427 746 1142 3428 746 1143 3429 750 1143 3430 751 1143 3431 746 1144 3432 751 1144 3433 747 1144 3434 747 1145 3435 751 1145 3436 752 1145 3437 747 1146 3438 752 1146 3439 748 1146 3440 748 1147 3441 752 1147 3442 753 1147 3443 749 1148 3444 754 1148 3445 750 1148 3446 750 1149 3447 754 1149 3448 755 1149 3449 750 1150 3450 755 1150 3451 751 1150 3452 751 1151 3453 755 1151 3454 756 1151 3455 751 1152 3456 756 1152 3457 752 1152 3458 752 1153 3459 756 1153 3460 757 1153 3461 752 1154 3462 757 1154 3463 753 1154 3464 753 1155 3465 757 1155 3466 758 1155 3467 754 1156 3468 759 1156 3469 755 1156 3470 755 1157 3471 759 1157 3472 760 1157 3473 755 1158 3474 760 1158 3475 756 1158 3476 756 1159 3477 760 1159 3478 761 1159 3479 756 1160 3480 761 1160 3481 757 1160 3482 757 1161 3483 761 1161 3484 762 1161 3485 757 1162 3486 762 1162 3487 758 1162 3488 758 1163 3489 762 1163 3490 763 1163 3491 759 1164 3492 764 1164 3493 760 1164 3494 760 1165 3495 764 1165 3496 765 1165 3497 760 1166 3498 765 1166 3499 761 1166 3500 761 1167 3501 765 1167 3502 766 1167 3503 761 1168 3504 766 1168 3505 762 1168 3506 762 1169 3507 766 1169 3508 767 1169 3509 762 1170 3510 767 1170 3511 763 1170 3512 763 1171 3513 767 1171 3514 768 1171 3515 764 1172 3516 769 1172 3517 765 1172 3518 765 1173 3519 769 1173 3520 770 1173 3521 765 1174 3522 770 1174 3523 766 1174 3524 766 1175 3525 770 1175 3526 771 1175 3527 766 1176 3528 771 1176 3529 767 1176 3530 767 1177 3531 771 1177 3532 772 1177 3533 767 1178 3534 772 1178 3535 768 1178 3536 768 1179 3537 772 1179 3538 773 1179 3539 769 1180 3540 774 1180 3541 770 1180 3542 770 1181 3543 774 1181 3544 775 1181 3545 770 1182 3546 775 1182 3547 771 1182 3548 771 1183 3549 775 1183 3550 776 1183 3551 771 1184 3552 776 1184 3553 772 1184 3554 772 1185 3555 776 1185 3556 777 1185 3557 772 1186 3558 777 1186 3559 773 1186 3560 773 1187 3561 777 1187 3562 778 1187 3563 774 1188 3564 779 1188 3565 775 1188 3566 775 1189 3567 779 1189 3568 780 1189 3569 775 1190 3570 780 1190 3571 776 1190 3572 776 1191 3573 780 1191 3574 781 1191 3575 776 1192 3576 781 1192 3577 777 1192 3578 777 1193 3579 781 1193 3580 782 1193 3581 777 1194 3582 782 1194 3583 778 1194 3584 778 1195 3585 782 1195 3586 783 1195 3587 779 1196 3588 784 1196 3589 780 1196 3590 780 1197 3591 784 1197 3592 785 1197 3593 780 1198 3594 785 1198 3595 781 1198 3596 781 1199 3597 785 1199 3598 786 1199 3599 781 1200 3600 786 1200 3601 782 1200 3602 782 1201 3603 786 1201 3604 787 1201 3605 782 1202 3606 787 1202 3607 783 1202 3608 783 1203 3609 787 1203 3610 788 1203 3611 784 1204 3612 789 1204 3613 785 1204 3614 785 1205 3615 789 1205 3616 790 1205 3617 785 1206 3618 790 1206 3619 786 1206 3620 786 1207 3621 790 1207 3622 791 1207 3623 786 1208 3624 791 1208 3625 787 1208 3626 787 1209 3627 791 1209 3628 792 1209 3629 787 1210 3630 792 1210 3631 788 1210 3632 788 1211 3633 792 1211 3634 793 1211 3635 789 1212 3636 794 1212 3637 790 1212 3638 790 1213 3639 794 1213 3640 795 1213 3641 790 1214 3642 795 1214 3643 791 1214 3644 791 1215 3645 795 1215 3646 796 1215 3647 791 1216 3648 796 1216 3649 792 1216 3650 792 1217 3651 796 1217 3652 797 1217 3653 792 1218 3654 797 1218 3655 793 1218 3656 793 1219 3657 797 1219 3658 798 1219 3659 794 1220 3660 799 1220 3661 795 1220 3662 795 1221 3663 799 1221 3664 800 1221 3665 795 1222 3666 800 1222 3667 796 1222 3668 796 1223 3669 800 1223 3670 801 1223 3671 796 1224 3672 801 1224 3673 797 1224 3674 797 1225 3675 801 1225 3676 802 1225 3677 797 1226 3678 802 1226 3679 798 1226 3680 798 1227 3681 802 1227 3682 803 1227 3683 799 1228 3684 804 1228 3685 800 1228 3686 800 1229 3687 804 1229 3688 801 1229 3689 801 1230 3690 804 1230 3691 802 1230 3692 802 1231 3693 804 1231 3694 803 1231 3695 805 1232 3696 806 1232 3697 807 1232 3698 807 1233 3699 806 1233 3700 808 1233 3701 807 1234 3702 808 1234 3703 809 1234 3704 809 1235 3705 808 1235 3706 810 1235 3707 809 1236 3708 810 1236 3709 811 1236 3710 811 1237 3711 810 1237 3712 812 1237 3713 811 1238 3714 812 1238 3715 813 1238 3716 813 1239 3717 812 1239 3718 814 1239 3719 806 1240 3720 815 1240 3721 808 1240 3722 808 1241 3723 815 1241 3724 816 1241 3725 808 1242 3726 816 1242 3727 810 1242 3728 810 1243 3729 816 1243 3730 817 1243 3731 810 1244 3732 817 1244 3733 812 1244 3734 812 1245 3735 817 1245 3736 818 1245 3737 812 1246 3738 818 1246 3739 814 1246 3740 814 1247 3741 818 1247 3742 819 1247 3743 815 1248 3744 820 1248 3745 816 1248 3746 816 1249 3747 820 1249 3748 821 1249 3749 816 1250 3750 821 1250 3751 817 1250 3752 817 1251 3753 821 1251 3754 822 1251 3755 817 1252 3756 822 1252 3757 818 1252 3758 818 1253 3759 822 1253 3760 823 1253 3761 818 1254 3762 823 1254 3763 819 1254 3764 819 1255 3765 823 1255 3766 824 1255 3767 820 1256 3768 825 1256 3769 821 1256 3770 821 1257 3771 825 1257 3772 826 1257 3773 821 1258 3774 826 1258 3775 822 1258 3776 822 1259 3777 826 1259 3778 827 1259 3779 822 1260 3780 827 1260 3781 823 1260 3782 823 1261 3783 827 1261 3784 828 1261 3785 823 1262 3786 828 1262 3787 824 1262 3788 824 1263 3789 828 1263 3790 829 1263 3791 825 1264 3792 830 1264 3793 826 1264 3794 826 1265 3795 830 1265 3796 831 1265 3797 826 1266 3798 831 1266 3799 827 1266 3800 827 1267 3801 831 1267 3802 832 1267 3803 827 1268 3804 832 1268 3805 828 1268 3806 828 1269 3807 832 1269 3808 833 1269 3809 828 1270 3810 833 1270 3811 829 1270 3812 829 1271 3813 833 1271 3814 834 1271 3815 830 1272 3816 835 1272 3817 831 1272 3818 831 1273 3819 835 1273 3820 836 1273 3821 831 1274 3822 836 1274 3823 832 1274 3824 832 1275 3825 836 1275 3826 837 1275 3827 832 1276 3828 837 1276 3829 833 1276 3830 833 1277 3831 837 1277 3832 838 1277 3833 833 1278 3834 838 1278 3835 834 1278 3836 834 1279 3837 838 1279 3838 839 1279 3839 835 1280 3840 840 1280 3841 836 1280 3842 836 1281 3843 840 1281 3844 841 1281 3845 836 1282 3846 841 1282 3847 837 1282 3848 837 1283 3849 841 1283 3850 842 1283 3851 837 1284 3852 842 1284 3853 838 1284 3854 838 1285 3855 842 1285 3856 843 1285 3857 838 1286 3858 843 1286 3859 839 1286 3860 839 1287 3861 843 1287 3862 844 1287 3863 840 1288 3864 845 1288 3865 841 1288 3866 841 1289 3867 845 1289 3868 846 1289 3869 841 1290 3870 846 1290 3871 842 1290 3872 842 1291 3873 846 1291 3874 847 1291 3875 842 1292 3876 847 1292 3877 843 1292 3878 843 1293 3879 847 1293 3880 848 1293 3881 843 1294 3882 848 1294 3883 844 1294 3884 844 1295 3885 848 1295 3886 849 1295 3887 845 1296 3888 850 1296 3889 846 1296 3890 846 1297 3891 850 1297 3892 851 1297 3893 846 1298 3894 851 1298 3895 847 1298 3896 847 1299 3897 851 1299 3898 852 1299 3899 847 1300 3900 852 1300 3901 848 1300 3902 848 1301 3903 852 1301 3904 853 1301 3905 848 1302 3906 853 1302 3907 849 1302 3908 849 1303 3909 853 1303 3910 854 1303 3911 850 1304 3912 855 1304 3913 851 1304 3914 851 1305 3915 855 1305 3916 856 1305 3917 851 1306 3918 856 1306 3919 852 1306 3920 852 1307 3921 856 1307 3922 857 1307 3923 852 1308 3924 857 1308 3925 853 1308 3926 853 1309 3927 857 1309 3928 858 1309 3929 853 1310 3930 858 1310 3931 854 1310 3932 854 1311 3933 858 1311 3934 859 1311 3935 855 1312 3936 860 1312 3937 856 1312 3938 856 1313 3939 860 1313 3940 861 1313 3941 856 1314 3942 861 1314 3943 857 1314 3944 857 1315 3945 861 1315 3946 862 1315 3947 857 1316 3948 862 1316 3949 858 1316 3950 858 1317 3951 862 1317 3952 863 1317 3953 858 1318 3954 863 1318 3955 859 1318 3956 859 1319 3957 863 1319 3958 864 1319 3959 860 1320 3960 865 1320 3961 861 1320 3962 861 1321 3963 865 1321 3964 866 1321 3965 861 1322 3966 866 1322 3967 862 1322 3968 862 1323 3969 866 1323 3970 867 1323 3971 862 1324 3972 867 1324 3973 863 1324 3974 863 1325 3975 867 1325 3976 868 1325 3977 863 1326 3978 868 1326 3979 864 1326 3980 864 1327 3981 868 1327 3982 869 1327 3983 865 1328 3984 870 1328 3985 866 1328 3986 866 1329 3987 870 1329 3988 871 1329 3989 866 1330 3990 871 1330 3991 867 1330 3992 867 1331 3993 871 1331 3994 872 1331 3995 867 1332 3996 872 1332 3997 868 1332 3998 868 1333 3999 872 1333 4000 873 1333 4001 868 1334 4002 873 1334 4003 869 1334 4004 869 1335 4005 873 1335 4006 874 1335 4007 870 1336 4008 875 1336 4009 871 1336 4010 871 1337 4011 875 1337 4012 876 1337 4013 871 1338 4014 876 1338 4015 872 1338 4016 872 1339 4017 876 1339 4018 877 1339 4019 872 1340 4020 877 1340 4021 873 1340 4022 873 1341 4023 877 1341 4024 878 1341 4025 873 1342 4026 878 1342 4027 874 1342 4028 874 1343 4029 878 1343 4030 879 1343 4031 875 1344 4032 880 1344 4033 876 1344 4034 876 1345 4035 880 1345 4036 881 1345 4037 876 1346 4038 881 1346 4039 877 1346 4040 877 1347 4041 881 1347 4042 882 1347 4043 877 1348 4044 882 1348 4045 878 1348 4046 878 1349 4047 882 1349 4048 883 1349 4049 878 1350 4050 883 1350 4051 879 1350 4052 879 1351 4053 883 1351 4054 884 1351 4055 880 1352 4056 885 1352 4057 881 1352 4058 881 1353 4059 885 1353 4060 886 1353 4061 881 1354 4062 886 1354 4063 882 1354 4064 882 1355 4065 886 1355 4066 887 1355 4067 882 1356 4068 887 1356 4069 883 1356 4070 883 1357 4071 887 1357 4072 888 1357 4073 883 1358 4074 888 1358 4075 884 1358 4076 884 1359 4077 888 1359 4078 889 1359 4079 885 1360 4080 890 1360 4081 886 1360 4082 886 1361 4083 890 1361 4084 891 1361 4085 886 1362 4086 891 1362 4087 887 1362 4088 887 1363 4089 891 1363 4090 892 1363 4091 887 1364 4092 892 1364 4093 888 1364 4094 888 1365 4095 892 1365 4096 893 1365 4097 888 1366 4098 893 1366 4099 889 1366 4100 889 1367 4101 893 1367 4102 894 1367 4103 890 1368 4104 895 1368 4105 891 1368 4106 891 1369 4107 895 1369 4108 896 1369 4109 891 1370 4110 896 1370 4111 892 1370 4112 892 1371 4113 896 1371 4114 897 1371 4115 892 1372 4116 897 1372 4117 893 1372 4118 893 1373 4119 897 1373 4120 898 1373 4121 893 1374 4122 898 1374 4123 894 1374 4124 894 1375 4125 898 1375 4126 899 1375 4127 895 1376 4128 900 1376 4129 896 1376 4130 896 1377 4131 900 1377 4132 901 1377 4133 896 1378 4134 901 1378 4135 897 1378 4136 897 1379 4137 901 1379 4138 902 1379 4139 897 1380 4140 902 1380 4141 898 1380 4142 898 1381 4143 902 1381 4144 903 1381 4145 898 1382 4146 903 1382 4147 899 1382 4148 899 1383 4149 903 1383 4150 904 1383 4151 900 1384 4152 905 1384 4153 901 1384 4154 901 1385 4155 905 1385 4156 902 1385 4157 902 1386 4158 905 1386 4159 903 1386 4160 903 1387 4161 905 1387 4162 904 1387 4163 906 1388 4164 907 1388 4165 908 1388 4166 908 1389 4167 907 1389 4168 909 1389 4169 908 1390 4170 909 1390 4171 910 1390 4172 910 1391 4173 909 1391 4174 911 1391 4175 910 1392 4176 911 1392 4177 912 1392 4178 912 1393 4179 911 1393 4180 913 1393 4181 912 1394 4182 913 1394 4183 914 1394 4184 914 1395 4185 913 1395 4186 915 1395 4187 907 1396 4188 916 1396 4189 909 1396 4190 909 1397 4191 916 1397 4192 917 1397 4193 909 1398 4194 917 1398 4195 911 1398 4196 911 1399 4197 917 1399 4198 918 1399 4199 911 1400 4200 918 1400 4201 913 1400 4202 913 1401 4203 918 1401 4204 919 1401 4205 913 1402 4206 919 1402 4207 915 1402 4208 915 1403 4209 919 1403 4210 920 1403 4211 916 1404 4212 921 1404 4213 917 1404 4214 917 1405 4215 921 1405 4216 922 1405 4217 917 1406 4218 922 1406 4219 918 1406 4220 918 1407 4221 922 1407 4222 923 1407 4223 918 1408 4224 923 1408 4225 919 1408 4226 919 1409 4227 923 1409 4228 924 1409 4229 919 1410 4230 924 1410 4231 920 1410 4232 920 1411 4233 924 1411 4234 925 1411 4235 921 1412 4236 926 1412 4237 922 1412 4238 922 1413 4239 926 1413 4240 927 1413 4241 922 1414 4242 927 1414 4243 923 1414 4244 923 1415 4245 927 1415 4246 928 1415 4247 923 1416 4248 928 1416 4249 924 1416 4250 924 1417 4251 928 1417 4252 929 1417 4253 924 1418 4254 929 1418 4255 925 1418 4256 925 1419 4257 929 1419 4258 930 1419 4259 926 1420 4260 931 1420 4261 927 1420 4262 927 1421 4263 931 1421 4264 932 1421 4265 927 1422 4266 932 1422 4267 928 1422 4268 928 1423 4269 932 1423 4270 933 1423 4271 928 1424 4272 933 1424 4273 929 1424 4274 929 1425 4275 933 1425 4276 934 1425 4277 929 1426 4278 934 1426 4279 930 1426 4280 930 1427 4281 934 1427 4282 935 1427 4283 931 1428 4284 936 1428 4285 932 1428 4286 932 1429 4287 936 1429 4288 937 1429 4289 932 1430 4290 937 1430 4291 933 1430 4292 933 1431 4293 937 1431 4294 938 1431 4295 933 1432 4296 938 1432 4297 934 1432 4298 934 1433 4299 938 1433 4300 939 1433 4301 934 1434 4302 939 1434 4303 935 1434 4304 935 1435 4305 939 1435 4306 940 1435 4307 936 1436 4308 941 1436 4309 937 1436 4310 937 1437 4311 941 1437 4312 942 1437 4313 937 1438 4314 942 1438 4315 938 1438 4316 938 1439 4317 942 1439 4318 943 1439 4319 938 1440 4320 943 1440 4321 939 1440 4322 939 1441 4323 943 1441 4324 944 1441 4325 939 1442 4326 944 1442 4327 940 1442 4328 940 1443 4329 944 1443 4330 945 1443 4331 941 1444 4332 946 1444 4333 942 1444 4334 942 1445 4335 946 1445 4336 947 1445 4337 942 1446 4338 947 1446 4339 943 1446 4340 943 1447 4341 947 1447 4342 948 1447 4343 943 1448 4344 948 1448 4345 944 1448 4346 944 1449 4347 948 1449 4348 949 1449 4349 944 1450 4350 949 1450 4351 945 1450 4352 945 1451 4353 949 1451 4354 950 1451 4355 946 1452 4356 951 1452 4357 947 1452 4358 947 1453 4359 951 1453 4360 952 1453 4361 947 1454 4362 952 1454 4363 948 1454 4364 948 1455 4365 952 1455 4366 953 1455 4367 948 1456 4368 953 1456 4369 949 1456 4370 949 1457 4371 953 1457 4372 954 1457 4373 949 1458 4374 954 1458 4375 950 1458 4376 950 1459 4377 954 1459 4378 955 1459 4379 951 1460 4380 956 1460 4381 952 1460 4382 952 1461 4383 956 1461 4384 957 1461 4385 952 1462 4386 957 1462 4387 953 1462 4388 953 1463 4389 957 1463 4390 958 1463 4391 953 1464 4392 958 1464 4393 954 1464 4394 954 1465 4395 958 1465 4396 959 1465 4397 954 1466 4398 959 1466 4399 955 1466 4400 955 1467 4401 959 1467 4402 960 1467 4403 956 1468 4404 961 1468 4405 957 1468 4406 957 1469 4407 961 1469 4408 962 1469 4409 957 1470 4410 962 1470 4411 958 1470 4412 958 1471 4413 962 1471 4414 963 1471 4415 958 1472 4416 963 1472 4417 959 1472 4418 959 1473 4419 963 1473 4420 964 1473 4421 959 1474 4422 964 1474 4423 960 1474 4424 960 1475 4425 964 1475 4426 965 1475 4427 961 1476 4428 966 1476 4429 962 1476 4430 962 1477 4431 966 1477 4432 967 1477 4433 962 1478 4434 967 1478 4435 963 1478 4436 963 1479 4437 967 1479 4438 968 1479 4439 963 1480 4440 968 1480 4441 964 1480 4442 964 1481 4443 968 1481 4444 969 1481 4445 964 1482 4446 969 1482 4447 965 1482 4448 965 1483 4449 969 1483 4450 970 1483 4451 966 1484 4452 971 1484 4453 967 1484 4454 967 1485 4455 971 1485 4456 972 1485 4457 967 1486 4458 972 1486 4459 968 1486 4460 968 1487 4461 972 1487 4462 973 1487 4463 968 1488 4464 973 1488 4465 969 1488 4466 969 1489 4467 973 1489 4468 974 1489 4469 969 1490 4470 974 1490 4471 970 1490 4472 970 1491 4473 974 1491 4474 975 1491 4475 971 1492 4476 976 1492 4477 972 1492 4478 972 1493 4479 976 1493 4480 977 1493 4481 972 1494 4482 977 1494 4483 973 1494 4484 973 1495 4485 977 1495 4486 978 1495 4487 973 1496 4488 978 1496 4489 974 1496 4490 974 1497 4491 978 1497 4492 979 1497 4493 974 1498 4494 979 1498 4495 975 1498 4496 975 1499 4497 979 1499 4498 980 1499 4499 976 1500 4500 981 1500 4501 977 1500 4502 977 1501 4503 981 1501 4504 982 1501 4505 977 1502 4506 982 1502 4507 978 1502 4508 978 1503 4509 982 1503 4510 983 1503 4511 978 1504 4512 983 1504 4513 979 1504 4514 979 1505 4515 983 1505 4516 984 1505 4517 979 1506 4518 984 1506 4519 980 1506 4520 980 1507 4521 984 1507 4522 985 1507 4523 981 1508 4524 986 1508 4525 982 1508 4526 982 1509 4527 986 1509 4528 987 1509 4529 982 1510 4530 987 1510 4531 983 1510 4532 983 1511 4533 987 1511 4534 988 1511 4535 983 1512 4536 988 1512 4537 984 1512 4538 984 1513 4539 988 1513 4540 989 1513 4541 984 1514 4542 989 1514 4543 985 1514 4544 985 1515 4545 989 1515 4546 990 1515 4547 986 1516 4548 991 1516 4549 987 1516 4550 987 1517 4551 991 1517 4552 992 1517 4553 987 1518 4554 992 1518 4555 988 1518 4556 988 1519 4557 992 1519 4558 993 1519 4559 988 1520 4560 993 1520 4561 989 1520 4562 989 1521 4563 993 1521 4564 994 1521 4565 989 1522 4566 994 1522 4567 990 1522 4568 990 1523 4569 994 1523 4570 995 1523 4571 991 1524 4572 996 1524 4573 992 1524 4574 992 1525 4575 996 1525 4576 997 1525 4577 992 1526 4578 997 1526 4579 993 1526 4580 993 1527 4581 997 1527 4582 998 1527 4583 993 1528 4584 998 1528 4585 994 1528 4586 994 1529 4587 998 1529 4588 999 1529 4589 994 1530 4590 999 1530 4591 995 1530 4592 995 1531 4593 999 1531 4594 1000 1531 4595 996 1532 4596 1001 1532 4597 997 1532 4598 997 1533 4599 1001 1533 4600 1002 1533 4601 997 1534 4602 1002 1534 4603 998 1534 4604 998 1535 4605 1002 1535 4606 1003 1535 4607 998 1536 4608 1003 1536 4609 999 1536 4610 999 1537 4611 1003 1537 4612 1004 1537 4613 999 1538 4614 1004 1538 4615 1000 1538 4616 1000 1539 4617 1004 1539 4618 1005 1539 4619 1001 1540 4620 1006 1540 4621 1002 1540 4622 1002 1541 4623 1006 1541 4624 1003 1541 4625 1003 1542 4626 1006 1542 4627 1004 1542 4628 1004 1543 4629 1006 1543 4630 1005 1543 4631 1007 1544 4632 1008 1544 4633 1009 1544 4634 1009 1545 4635 1008 1545 4636 1010 1545 4637 1009 1546 4638 1010 1546 4639 1011 1546 4640 1011 1547 4641 1010 1547 4642 1012 1547 4643 1011 1548 4644 1012 1548 4645 1013 1548 4646 1013 1549 4647 1012 1549 4648 1014 1549 4649 1013 1550 4650 1014 1550 4651 1015 1550 4652 1015 1551 4653 1014 1551 4654 1016 1551 4655 1008 1552 4656 1017 1552 4657 1010 1552 4658 1010 1553 4659 1017 1553 4660 1018 1553 4661 1010 1554 4662 1018 1554 4663 1012 1554 4664 1012 1555 4665 1018 1555 4666 1019 1555 4667 1012 1556 4668 1019 1556 4669 1014 1556 4670 1014 1557 4671 1019 1557 4672 1020 1557 4673 1014 1558 4674 1020 1558 4675 1016 1558 4676 1016 1559 4677 1020 1559 4678 1021 1559 4679 1017 1560 4680 1022 1560 4681 1018 1560 4682 1018 1561 4683 1022 1561 4684 1023 1561 4685 1018 1562 4686 1023 1562 4687 1019 1562 4688 1019 1563 4689 1023 1563 4690 1024 1563 4691 1019 1564 4692 1024 1564 4693 1020 1564 4694 1020 1565 4695 1024 1565 4696 1025 1565 4697 1020 1566 4698 1025 1566 4699 1021 1566 4700 1021 1567 4701 1025 1567 4702 1026 1567 4703 1022 1568 4704 1027 1568 4705 1023 1568 4706 1023 1569 4707 1027 1569 4708 1028 1569 4709 1023 1570 4710 1028 1570 4711 1024 1570 4712 1024 1571 4713 1028 1571 4714 1029 1571 4715 1024 1572 4716 1029 1572 4717 1025 1572 4718 1025 1573 4719 1029 1573 4720 1030 1573 4721 1025 1574 4722 1030 1574 4723 1026 1574 4724 1026 1575 4725 1030 1575 4726 1031 1575 4727 1027 1576 4728 1032 1576 4729 1028 1576 4730 1028 1577 4731 1032 1577 4732 1033 1577 4733 1028 1578 4734 1033 1578 4735 1029 1578 4736 1029 1579 4737 1033 1579 4738 1034 1579 4739 1029 1580 4740 1034 1580 4741 1030 1580 4742 1030 1581 4743 1034 1581 4744 1035 1581 4745 1030 1582 4746 1035 1582 4747 1031 1582 4748 1031 1583 4749 1035 1583 4750 1036 1583 4751 1032 1584 4752 1037 1584 4753 1033 1584 4754 1033 1585 4755 1037 1585 4756 1038 1585 4757 1033 1586 4758 1038 1586 4759 1034 1586 4760 1034 1587 4761 1038 1587 4762 1039 1587 4763 1034 1588 4764 1039 1588 4765 1035 1588 4766 1035 1589 4767 1039 1589 4768 1040 1589 4769 1035 1590 4770 1040 1590 4771 1036 1590 4772 1036 1591 4773 1040 1591 4774 1041 1591 4775 1037 1592 4776 1042 1592 4777 1038 1592 4778 1038 1593 4779 1042 1593 4780 1043 1593 4781 1038 1594 4782 1043 1594 4783 1039 1594 4784 1039 1595 4785 1043 1595 4786 1044 1595 4787 1039 1596 4788 1044 1596 4789 1040 1596 4790 1040 1597 4791 1044 1597 4792 1045 1597 4793 1040 1598 4794 1045 1598 4795 1041 1598 4796 1041 1599 4797 1045 1599 4798 1046 1599 4799 1042 1600 4800 1047 1600 4801 1043 1600 4802 1043 1601 4803 1047 1601 4804 1048 1601 4805 1043 1602 4806 1048 1602 4807 1044 1602 4808 1044 1603 4809 1048 1603 4810 1049 1603 4811 1044 1604 4812 1049 1604 4813 1045 1604 4814 1045 1605 4815 1049 1605 4816 1050 1605 4817 1045 1606 4818 1050 1606 4819 1046 1606 4820 1046 1607 4821 1050 1607 4822 1051 1607 4823 1047 1608 4824 1052 1608 4825 1048 1608 4826 1048 1609 4827 1052 1609 4828 1053 1609 4829 1048 1610 4830 1053 1610 4831 1049 1610 4832 1049 1611 4833 1053 1611 4834 1054 1611 4835 1049 1612 4836 1054 1612 4837 1050 1612 4838 1050 1613 4839 1054 1613 4840 1055 1613 4841 1050 1614 4842 1055 1614 4843 1051 1614 4844 1051 1615 4845 1055 1615 4846 1056 1615 4847 1052 1616 4848 1057 1616 4849 1053 1616 4850 1053 1617 4851 1057 1617 4852 1058 1617 4853 1053 1618 4854 1058 1618 4855 1054 1618 4856 1054 1619 4857 1058 1619 4858 1059 1619 4859 1054 1620 4860 1059 1620 4861 1055 1620 4862 1055 1621 4863 1059 1621 4864 1060 1621 4865 1055 1622 4866 1060 1622 4867 1056 1622 4868 1056 1623 4869 1060 1623 4870 1061 1623 4871 1057 1624 4872 1062 1624 4873 1058 1624 4874 1058 1625 4875 1062 1625 4876 1063 1625 4877 1058 1626 4878 1063 1626 4879 1059 1626 4880 1059 1627 4881 1063 1627 4882 1064 1627 4883 1059 1628 4884 1064 1628 4885 1060 1628 4886 1060 1629 4887 1064 1629 4888 1065 1629 4889 1060 1630 4890 1065 1630 4891 1061 1630 4892 1061 1631 4893 1065 1631 4894 1066 1631 4895 1062 1632 4896 1067 1632 4897 1063 1632 4898 1063 1633 4899 1067 1633 4900 1068 1633 4901 1063 1634 4902 1068 1634 4903 1064 1634 4904 1064 1635 4905 1068 1635 4906 1069 1635 4907 1064 1636 4908 1069 1636 4909 1065 1636 4910 1065 1637 4911 1069 1637 4912 1070 1637 4913 1065 1638 4914 1070 1638 4915 1066 1638 4916 1066 1639 4917 1070 1639 4918 1071 1639 4919 1067 1640 4920 1072 1640 4921 1068 1640 4922 1068 1641 4923 1072 1641 4924 1073 1641 4925 1068 1642 4926 1073 1642 4927 1069 1642 4928 1069 1643 4929 1073 1643 4930 1074 1643 4931 1069 1644 4932 1074 1644 4933 1070 1644 4934 1070 1645 4935 1074 1645 4936 1075 1645 4937 1070 1646 4938 1075 1646 4939 1071 1646 4940 1071 1647 4941 1075 1647 4942 1076 1647 4943 1072 1648 4944 1077 1648 4945 1073 1648 4946 1073 1649 4947 1077 1649 4948 1078 1649 4949 1073 1650 4950 1078 1650 4951 1074 1650 4952 1074 1651 4953 1078 1651 4954 1079 1651 4955 1074 1652 4956 1079 1652 4957 1075 1652 4958 1075 1653 4959 1079 1653 4960 1080 1653 4961 1075 1654 4962 1080 1654 4963 1076 1654 4964 1076 1655 4965 1080 1655 4966 1081 1655 4967 1077 1656 4968 1082 1656 4969 1078 1656 4970 1078 1657 4971 1082 1657 4972 1083 1657 4973 1078 1658 4974 1083 1658 4975 1079 1658 4976 1079 1659 4977 1083 1659 4978 1084 1659 4979 1079 1660 4980 1084 1660 4981 1080 1660 4982 1080 1661 4983 1084 1661 4984 1085 1661 4985 1080 1662 4986 1085 1662 4987 1081 1662 4988 1081 1663 4989 1085 1663 4990 1086 1663 4991 1082 1664 4992 1087 1664 4993 1083 1664 4994 1083 1665 4995 1087 1665 4996 1088 1665 4997 1083 1666 4998 1088 1666 4999 1084 1666 5000 1084 1667 5001 1088 1667 5002 1089 1667 5003 1084 1668 5004 1089 1668 5005 1085 1668 5006 1085 1669 5007 1089 1669 5008 1090 1669 5009 1085 1670 5010 1090 1670 5011 1086 1670 5012 1086 1671 5013 1090 1671 5014 1091 1671 5015 1087 1672 5016 1092 1672 5017 1088 1672 5018 1088 1673 5019 1092 1673 5020 1093 1673 5021 1088 1674 5022 1093 1674 5023 1089 1674 5024 1089 1675 5025 1093 1675 5026 1094 1675 5027 1089 1676 5028 1094 1676 5029 1090 1676 5030 1090 1677 5031 1094 1677 5032 1095 1677 5033 1090 1678 5034 1095 1678 5035 1091 1678 5036 1091 1679 5037 1095 1679 5038 1096 1679 5039 1092 1680 5040 1097 1680 5041 1093 1680 5042 1093 1681 5043 1097 1681 5044 1098 1681 5045 1093 1682 5046 1098 1682 5047 1094 1682 5048 1094 1683 5049 1098 1683 5050 1099 1683 5051 1094 1684 5052 1099 1684 5053 1095 1684 5054 1095 1685 5055 1099 1685 5056 1100 1685 5057 1095 1686 5058 1100 1686 5059 1096 1686 5060 1096 1687 5061 1100 1687 5062 1101 1687 5063 1097 1688 5064 1102 1688 5065 1098 1688 5066 1098 1689 5067 1102 1689 5068 1103 1689 5069 1098 1690 5070 1103 1690 5071 1099 1690 5072 1099 1691 5073 1103 1691 5074 1104 1691 5075 1099 1692 5076 1104 1692 5077 1100 1692 5078 1100 1693 5079 1104 1693 5080 1105 1693 5081 1100 1694 5082 1105 1694 5083 1101 1694 5084 1101 1695 5085 1105 1695 5086 1106 1695 5087 1102 1696 5088 1107 1696 5089 1103 1696 5090 1103 1697 5091 1107 1697 5092 1104 1697 5093 1104 1698 5094 1107 1698 5095 1105 1698 5096 1105 1699 5097 1107 1699 5098 1106 1699 5099 1108 1700 5100 1109 1700 5101 1110 1700 5102 1110 1701 5103 1109 1701 5104 1111 1701 5105 1110 1702 5106 1111 1702 5107 1112 1702 5108 1112 1703 5109 1111 1703 5110 1113 1703 5111 1112 1704 5112 1113 1704 5113 1114 1704 5114 1114 1705 5115 1113 1705 5116 1115 1705 5117 1114 1706 5118 1115 1706 5119 1116 1706 5120 1116 1707 5121 1115 1707 5122 1117 1707 5123 1109 1708 5124 1118 1708 5125 1111 1708 5126 1111 1709 5127 1118 1709 5128 1119 1709 5129 1111 1710 5130 1119 1710 5131 1113 1710 5132 1113 1711 5133 1119 1711 5134 1120 1711 5135 1113 1712 5136 1120 1712 5137 1115 1712 5138 1115 1713 5139 1120 1713 5140 1121 1713 5141 1115 1714 5142 1121 1714 5143 1117 1714 5144 1117 1715 5145 1121 1715 5146 1122 1715 5147 1118 1716 5148 1123 1716 5149 1119 1716 5150 1119 1717 5151 1123 1717 5152 1124 1717 5153 1119 1718 5154 1124 1718 5155 1120 1718 5156 1120 1719 5157 1124 1719 5158 1125 1719 5159 1120 1720 5160 1125 1720 5161 1121 1720 5162 1121 1721 5163 1125 1721 5164 1126 1721 5165 1121 1722 5166 1126 1722 5167 1122 1722 5168 1122 1723 5169 1126 1723 5170 1127 1723 5171 1123 1724 5172 1128 1724 5173 1124 1724 5174 1124 1725 5175 1128 1725 5176 1129 1725 5177 1124 1726 5178 1129 1726 5179 1125 1726 5180 1125 1727 5181 1129 1727 5182 1130 1727 5183 1125 1728 5184 1130 1728 5185 1126 1728 5186 1126 1729 5187 1130 1729 5188 1131 1729 5189 1126 1730 5190 1131 1730 5191 1127 1730 5192 1127 1731 5193 1131 1731 5194 1132 1731 5195 1128 1732 5196 1133 1732 5197 1129 1732 5198 1129 1733 5199 1133 1733 5200 1134 1733 5201 1129 1734 5202 1134 1734 5203 1130 1734 5204 1130 1735 5205 1134 1735 5206 1135 1735 5207 1130 1736 5208 1135 1736 5209 1131 1736 5210 1131 1737 5211 1135 1737 5212 1136 1737 5213 1131 1738 5214 1136 1738 5215 1132 1738 5216 1132 1739 5217 1136 1739 5218 1137 1739 5219 1133 1740 5220 1138 1740 5221 1134 1740 5222 1134 1741 5223 1138 1741 5224 1139 1741 5225 1134 1742 5226 1139 1742 5227 1135 1742 5228 1135 1743 5229 1139 1743 5230 1140 1743 5231 1135 1744 5232 1140 1744 5233 1136 1744 5234 1136 1745 5235 1140 1745 5236 1141 1745 5237 1136 1746 5238 1141 1746 5239 1137 1746 5240 1137 1747 5241 1141 1747 5242 1142 1747 5243 1138 1748 5244 1143 1748 5245 1139 1748 5246 1139 1749 5247 1143 1749 5248 1144 1749 5249 1139 1750 5250 1144 1750 5251 1140 1750 5252 1140 1751 5253 1144 1751 5254 1145 1751 5255 1140 1752 5256 1145 1752 5257 1141 1752 5258 1141 1753 5259 1145 1753 5260 1146 1753 5261 1141 1754 5262 1146 1754 5263 1142 1754 5264 1142 1755 5265 1146 1755 5266 1147 1755 5267 1143 1756 5268 1148 1756 5269 1144 1756 5270 1144 1757 5271 1148 1757 5272 1149 1757 5273 1144 1758 5274 1149 1758 5275 1145 1758 5276 1145 1759 5277 1149 1759 5278 1150 1759 5279 1145 1760 5280 1150 1760 5281 1146 1760 5282 1146 1761 5283 1150 1761 5284 1151 1761 5285 1146 1762 5286 1151 1762 5287 1147 1762 5288 1147 1763 5289 1151 1763 5290 1152 1763 5291 1148 1764 5292 1153 1764 5293 1149 1764 5294 1149 1765 5295 1153 1765 5296 1154 1765 5297 1149 1766 5298 1154 1766 5299 1150 1766 5300 1150 1767 5301 1154 1767 5302 1155 1767 5303 1150 1768 5304 1155 1768 5305 1151 1768 5306 1151 1769 5307 1155 1769 5308 1156 1769 5309 1151 1770 5310 1156 1770 5311 1152 1770 5312 1152 1771 5313 1156 1771 5314 1157 1771 5315 1153 1772 5316 1158 1772 5317 1154 1772 5318 1154 1773 5319 1158 1773 5320 1159 1773 5321 1154 1774 5322 1159 1774 5323 1155 1774 5324 1155 1775 5325 1159 1775 5326 1160 1775 5327 1155 1776 5328 1160 1776 5329 1156 1776 5330 1156 1777 5331 1160 1777 5332 1161 1777 5333 1156 1778 5334 1161 1778 5335 1157 1778 5336 1157 1779 5337 1161 1779 5338 1162 1779 5339 1158 1780 5340 1163 1780 5341 1159 1780 5342 1159 1781 5343 1163 1781 5344 1164 1781 5345 1159 1782 5346 1164 1782 5347 1160 1782 5348 1160 1783 5349 1164 1783 5350 1165 1783 5351 1160 1784 5352 1165 1784 5353 1161 1784 5354 1161 1785 5355 1165 1785 5356 1166 1785 5357 1161 1786 5358 1166 1786 5359 1162 1786 5360 1162 1787 5361 1166 1787 5362 1167 1787 5363 1163 1788 5364 1168 1788 5365 1164 1788 5366 1164 1789 5367 1168 1789 5368 1169 1789 5369 1164 1790 5370 1169 1790 5371 1165 1790 5372 1165 1791 5373 1169 1791 5374 1170 1791 5375 1165 1792 5376 1170 1792 5377 1166 1792 5378 1166 1793 5379 1170 1793 5380 1171 1793 5381 1166 1794 5382 1171 1794 5383 1167 1794 5384 1167 1795 5385 1171 1795 5386 1172 1795 5387 1168 1796 5388 1173 1796 5389 1169 1796 5390 1169 1797 5391 1173 1797 5392 1174 1797 5393 1169 1798 5394 1174 1798 5395 1170 1798 5396 1170 1799 5397 1174 1799 5398 1175 1799 5399 1170 1800 5400 1175 1800 5401 1171 1800 5402 1171 1801 5403 1175 1801 5404 1176 1801 5405 1171 1802 5406 1176 1802 5407 1172 1802 5408 1172 1803 5409 1176 1803 5410 1177 1803 5411 1173 1804 5412 1178 1804 5413 1174 1804 5414 1174 1805 5415 1178 1805 5416 1179 1805 5417 1174 1806 5418 1179 1806 5419 1175 1806 5420 1175 1807 5421 1179 1807 5422 1180 1807 5423 1175 1808 5424 1180 1808 5425 1176 1808 5426 1176 1809 5427 1180 1809 5428 1181 1809 5429 1176 1810 5430 1181 1810 5431 1177 1810 5432 1177 1811 5433 1181 1811 5434 1182 1811 5435 1178 1812 5436 1183 1812 5437 1179 1812 5438 1179 1813 5439 1183 1813 5440 1184 1813 5441 1179 1814 5442 1184 1814 5443 1180 1814 5444 1180 1815 5445 1184 1815 5446 1185 1815 5447 1180 1816 5448 1185 1816 5449 1181 1816 5450 1181 1817 5451 1185 1817 5452 1186 1817 5453 1181 1818 5454 1186 1818 5455 1182 1818 5456 1182 1819 5457 1186 1819 5458 1187 1819 5459 1183 1820 5460 1188 1820 5461 1184 1820 5462 1184 1821 5463 1188 1821 5464 1189 1821 5465 1184 1822 5466 1189 1822 5467 1185 1822 5468 1185 1823 5469 1189 1823 5470 1190 1823 5471 1185 1824 5472 1190 1824 5473 1186 1824 5474 1186 1825 5475 1190 1825 5476 1191 1825 5477 1186 1826 5478 1191 1826 5479 1187 1826 5480 1187 1827 5481 1191 1827 5482 1192 1827 5483 1188 1828 5484 1193 1828 5485 1189 1828 5486 1189 1829 5487 1193 1829 5488 1194 1829 5489 1189 1830 5490 1194 1830 5491 1190 1830 5492 1190 1831 5493 1194 1831 5494 1195 1831 5495 1190 1832 5496 1195 1832 5497 1191 1832 5498 1191 1833 5499 1195 1833 5500 1196 1833 5501 1191 1834 5502 1196 1834 5503 1192 1834 5504 1192 1835 5505 1196 1835 5506 1197 1835 5507 1193 1836 5508 1198 1836 5509 1194 1836 5510 1194 1837 5511 1198 1837 5512 1199 1837 5513 1194 1838 5514 1199 1838 5515 1195 1838 5516 1195 1839 5517 1199 1839 5518 1200 1839 5519 1195 1840 5520 1200 1840 5521 1196 1840 5522 1196 1841 5523 1200 1841 5524 1201 1841 5525 1196 1842 5526 1201 1842 5527 1197 1842 5528 1197 1843 5529 1201 1843 5530 1202 1843 5531 1198 1844 5532 1203 1844 5533 1199 1844 5534 1199 1845 5535 1203 1845 5536 1204 1845 5537 1199 1846 5538 1204 1846 5539 1200 1846 5540 1200 1847 5541 1204 1847 5542 1205 1847 5543 1200 1848 5544 1205 1848 5545 1201 1848 5546 1201 1849 5547 1205 1849 5548 1206 1849 5549 1201 1850 5550 1206 1850 5551 1202 1850 5552 1202 1851 5553 1206 1851 5554 1207 1851 5555 1203 1852 5556 1208 1852 5557 1204 1852 5558 1204 1853 5559 1208 1853 5560 1205 1853 5561 1205 1854 5562 1208 1854 5563 1206 1854 5564 1206 1855 5565 1208 1855 5566 1207 1855 5567 1209 1856 5568 1210 1856 5569 1211 1856 5570 1211 1857 5571 1210 1857 5572 1212 1857 5573 1211 1858 5574 1212 1858 5575 1213 1858 5576 1213 1859 5577 1212 1859 5578 1214 1859 5579 1213 1860 5580 1214 1860 5581 1215 1860 5582 1215 1861 5583 1214 1861 5584 1216 1861 5585 1215 1862 5586 1216 1862 5587 1217 1862 5588 1217 1863 5589 1216 1863 5590 1218 1863 5591 1210 1864 5592 1219 1864 5593 1212 1864 5594 1212 1865 5595 1219 1865 5596 1220 1865 5597 1212 1866 5598 1220 1866 5599 1214 1866 5600 1214 1867 5601 1220 1867 5602 1221 1867 5603 1214 1868 5604 1221 1868 5605 1216 1868 5606 1216 1869 5607 1221 1869 5608 1222 1869 5609 1216 1870 5610 1222 1870 5611 1218 1870 5612 1218 1871 5613 1222 1871 5614 1223 1871 5615 1219 1872 5616 1224 1872 5617 1220 1872 5618 1220 1873 5619 1224 1873 5620 1225 1873 5621 1220 1874 5622 1225 1874 5623 1221 1874 5624 1221 1875 5625 1225 1875 5626 1226 1875 5627 1221 1876 5628 1226 1876 5629 1222 1876 5630 1222 1877 5631 1226 1877 5632 1227 1877 5633 1222 1878 5634 1227 1878 5635 1223 1878 5636 1223 1879 5637 1227 1879 5638 1228 1879 5639 1224 1880 5640 1229 1880 5641 1225 1880 5642 1225 1881 5643 1229 1881 5644 1230 1881 5645 1225 1882 5646 1230 1882 5647 1226 1882 5648 1226 1883 5649 1230 1883 5650 1231 1883 5651 1226 1884 5652 1231 1884 5653 1227 1884 5654 1227 1885 5655 1231 1885 5656 1232 1885 5657 1227 1886 5658 1232 1886 5659 1228 1886 5660 1228 1887 5661 1232 1887 5662 1233 1887 5663 1229 1888 5664 1234 1888 5665 1230 1888 5666 1230 1889 5667 1234 1889 5668 1235 1889 5669 1230 1890 5670 1235 1890 5671 1231 1890 5672 1231 1891 5673 1235 1891 5674 1236 1891 5675 1231 1892 5676 1236 1892 5677 1232 1892 5678 1232 1893 5679 1236 1893 5680 1237 1893 5681 1232 1894 5682 1237 1894 5683 1233 1894 5684 1233 1895 5685 1237 1895 5686 1238 1895 5687 1234 1896 5688 1239 1896 5689 1235 1896 5690 1235 1897 5691 1239 1897 5692 1240 1897 5693 1235 1898 5694 1240 1898 5695 1236 1898 5696 1236 1899 5697 1240 1899 5698 1241 1899 5699 1236 1900 5700 1241 1900 5701 1237 1900 5702 1237 1901 5703 1241 1901 5704 1242 1901 5705 1237 1902 5706 1242 1902 5707 1238 1902 5708 1238 1903 5709 1242 1903 5710 1243 1903 5711 1239 1904 5712 1244 1904 5713 1240 1904 5714 1240 1905 5715 1244 1905 5716 1245 1905 5717 1240 1906 5718 1245 1906 5719 1241 1906 5720 1241 1907 5721 1245 1907 5722 1246 1907 5723 1241 1908 5724 1246 1908 5725 1242 1908 5726 1242 1909 5727 1246 1909 5728 1247 1909 5729 1242 1910 5730 1247 1910 5731 1243 1910 5732 1243 1911 5733 1247 1911 5734 1248 1911 5735 1244 1912 5736 1249 1912 5737 1245 1912 5738 1245 1913 5739 1249 1913 5740 1250 1913 5741 1245 1914 5742 1250 1914 5743 1246 1914 5744 1246 1915 5745 1250 1915 5746 1251 1915 5747 1246 1916 5748 1251 1916 5749 1247 1916 5750 1247 1917 5751 1251 1917 5752 1252 1917 5753 1247 1918 5754 1252 1918 5755 1248 1918 5756 1248 1919 5757 1252 1919 5758 1253 1919 5759 1249 1920 5760 1254 1920 5761 1250 1920 5762 1250 1921 5763 1254 1921 5764 1255 1921 5765 1250 1922 5766 1255 1922 5767 1251 1922 5768 1251 1923 5769 1255 1923 5770 1256 1923 5771 1251 1924 5772 1256 1924 5773 1252 1924 5774 1252 1925 5775 1256 1925 5776 1257 1925 5777 1252 1926 5778 1257 1926 5779 1253 1926 5780 1253 1927 5781 1257 1927 5782 1258 1927 5783 1254 1928 5784 1259 1928 5785 1255 1928 5786 1255 1929 5787 1259 1929 5788 1260 1929 5789 1255 1930 5790 1260 1930 5791 1256 1930 5792 1256 1931 5793 1260 1931 5794 1261 1931 5795 1256 1932 5796 1261 1932 5797 1257 1932 5798 1257 1933 5799 1261 1933 5800 1262 1933 5801 1257 1934 5802 1262 1934 5803 1258 1934 5804 1258 1935 5805 1262 1935 5806 1263 1935 5807 1259 1936 5808 1264 1936 5809 1260 1936 5810 1260 1937 5811 1264 1937 5812 1265 1937 5813 1260 1938 5814 1265 1938 5815 1261 1938 5816 1261 1939 5817 1265 1939 5818 1266 1939 5819 1261 1940 5820 1266 1940 5821 1262 1940 5822 1262 1941 5823 1266 1941 5824 1267 1941 5825 1262 1942 5826 1267 1942 5827 1263 1942 5828 1263 1943 5829 1267 1943 5830 1268 1943 5831 1264 1944 5832 1269 1944 5833 1265 1944 5834 1265 1945 5835 1269 1945 5836 1270 1945 5837 1265 1946 5838 1270 1946 5839 1266 1946 5840 1266 1947 5841 1270 1947 5842 1271 1947 5843 1266 1948 5844 1271 1948 5845 1267 1948 5846 1267 1949 5847 1271 1949 5848 1272 1949 5849 1267 1950 5850 1272 1950 5851 1268 1950 5852 1268 1951 5853 1272 1951 5854 1273 1951 5855 1269 1952 5856 1274 1952 5857 1270 1952 5858 1270 1953 5859 1274 1953 5860 1275 1953 5861 1270 1954 5862 1275 1954 5863 1271 1954 5864 1271 1955 5865 1275 1955 5866 1276 1955 5867 1271 1956 5868 1276 1956 5869 1272 1956 5870 1272 1957 5871 1276 1957 5872 1277 1957 5873 1272 1958 5874 1277 1958 5875 1273 1958 5876 1273 1959 5877 1277 1959 5878 1278 1959 5879 1274 1960 5880 1279 1960 5881 1275 1960 5882 1275 1961 5883 1279 1961 5884 1280 1961 5885 1275 1962 5886 1280 1962 5887 1276 1962 5888 1276 1963 5889 1280 1963 5890 1281 1963 5891 1276 1964 5892 1281 1964 5893 1277 1964 5894 1277 1965 5895 1281 1965 5896 1282 1965 5897 1277 1966 5898 1282 1966 5899 1278 1966 5900 1278 1967 5901 1282 1967 5902 1283 1967 5903 1279 1968 5904 1284 1968 5905 1280 1968 5906 1280 1969 5907 1284 1969 5908 1285 1969 5909 1280 1970 5910 1285 1970 5911 1281 1970 5912 1281 1971 5913 1285 1971 5914 1286 1971 5915 1281 1972 5916 1286 1972 5917 1282 1972 5918 1282 1973 5919 1286 1973 5920 1287 1973 5921 1282 1974 5922 1287 1974 5923 1283 1974 5924 1283 1975 5925 1287 1975 5926 1288 1975 5927 1284 1976 5928 1289 1976 5929 1285 1976 5930 1285 1977 5931 1289 1977 5932 1290 1977 5933 1285 1978 5934 1290 1978 5935 1286 1978 5936 1286 1979 5937 1290 1979 5938 1291 1979 5939 1286 1980 5940 1291 1980 5941 1287 1980 5942 1287 1981 5943 1291 1981 5944 1292 1981 5945 1287 1982 5946 1292 1982 5947 1288 1982 5948 1288 1983 5949 1292 1983 5950 1293 1983 5951 1289 1984 5952 1294 1984 5953 1290 1984 5954 1290 1985 5955 1294 1985 5956 1295 1985 5957 1290 1986 5958 1295 1986 5959 1291 1986 5960 1291 1987 5961 1295 1987 5962 1296 1987 5963 1291 1988 5964 1296 1988 5965 1292 1988 5966 1292 1989 5967 1296 1989 5968 1297 1989 5969 1292 1990 5970 1297 1990 5971 1293 1990 5972 1293 1991 5973 1297 1991 5974 1298 1991 5975 1294 1992 5976 1299 1992 5977 1295 1992 5978 1295 1993 5979 1299 1993 5980 1300 1993 5981 1295 1994 5982 1300 1994 5983 1296 1994 5984 1296 1995 5985 1300 1995 5986 1301 1995 5987 1296 1996 5988 1301 1996 5989 1297 1996 5990 1297 1997 5991 1301 1997 5992 1302 1997 5993 1297 1998 5994 1302 1998 5995 1298 1998 5996 1298 1999 5997 1302 1999 5998 1303 1999 5999 1299 2000 6000 1304 2000 6001 1300 2000 6002 1300 2001 6003 1304 2001 6004 1305 2001 6005 1300 2002 6006 1305 2002 6007 1301 2002 6008 1301 2003 6009 1305 2003 6010 1306 2003 6011 1301 2004 6012 1306 2004 6013 1302 2004 6014 1302 2005 6015 1306 2005 6016 1307 2005 6017 1302 2006 6018 1307 2006 6019 1303 2006 6020 1303 2007 6021 1307 2007 6022 1308 2007 6023 1304 2008 6024 1309 2008 6025 1305 2008 6026 1305 2009 6027 1309 2009 6028 1306 2009 6029 1306 2010 6030 1309 2010 6031 1307 2010 6032 1307 2011 6033 1309 2011 6034 1308 2011 6035</p>
        </triangles>
      </mesh>
    </geometry>
    <geometry id="AG16_3_001-mesh" name="AG16_3.001">
      <mesh>
        <source id="AG16_3_001-mesh-positions">
          <float_array id="AG16_3_001-mesh-positions-array" count="2115">0.01303458 0 0 0.01193618 0 0.05472946 0.0120216 0.005352377 0 0.01303458 0 0 0.01112204 -0.004951834 0.05472946 0.01193618 0 0.05472946 0.01081132 0.004813492 0.05472946 0.00895214 0.009942352 0 0.008087933 0.008982598 0.05472946 0.004039943 0.01243364 0 0.00363022 0.01117277 0.05472946 -0.001377403 0.01310557 0 -0.001245737 0.0118528 0.05472946 -0.006612718 0.01145362 0 -0.006004929 0.01040083 0.05472946 -0.01065456 0.007740974 0 -0.009844899 0.007152736 0.05472946 -0.01326185 0.002818882 0 -0.01175707 0.002499043 0.05472946 -0.01291513 -0.002745151 0 -0.01181769 -0.002511918 0.05472946 -0.01094681 -0.007953286 0 -0.00968647 -0.007037639 0.05472946 -0.006564497 -0.01137006 0 -0.005861639 -0.01015269 0.05472946 -0.001410067 -0.01341629 0 -0.001267373 -0.01205867 0.05472946 0.004033446 -0.01241368 0 0.003626823 -0.01116228 0.05472946 0.008724451 -0.009689509 0 0.007926404 -0.008803129 0.05472946 0.01221174 -0.005437016 0 0.01116681 -6.64793e-7 0.1096431 0.01056885 -0.00470668 0.1097264 0.01116681 -6.64793e-7 0.1096431 0.01017963 0.004530608 0.1095371 0.007460355 0.008281052 0.109418 0.003524065 0.0108323 0.1093026 -0.001183807 0.01130443 0.1092157 -0.005709886 0.009896159 0.109169 -0.009268999 0.006736338 0.1091728 -0.01105982 0.002351522 0.1092301 -0.01105946 -0.002349734 0.1093232 -0.009018957 -0.006549894 0.10944 -0.005775034 -0.009995102 0.1095616 -0.001177966 -0.01116603 0.1096606 0.003556966 -0.0109598 0.1097346 0.007612049 -0.008457601 0.1097519 0.00932914 0.002155244 0.1556243 0.008342742 -0.002361834 0.1557784 0.00932914 0.002155244 0.1556243 0.008271813 0.006634294 0.1554008 0.005757629 0.01052922 0.1551511 0.001604616 0.01257073 0.1549218 -0.002936601 0.01317566 0.154739 -0.007257342 0.0116434 0.1546528 -0.010885 0.008771002 0.1546466 -0.01256847 0.004452347 0.1547682 -0.01259291 -1.30207e-4 0.1549584 -0.01085376 -0.00440675 0.155197 -0.007318496 -0.007368505 0.1554433 -0.002969205 -0.008793056 0.1556537 0.001565694 -0.0082497 0.1557885 0.005467891 -0.005927145 0.1558272 0.007545232 0.004063725 0.2014356 0.00651437 -3.48859e-4 0.2014181 0.007545232 0.004063725 0.2014356 0.006505966 0.00847119 0.2013773 0.003975152 0.01224333 0.2012673 -8.973e-5 0.01420724 0.2011095 -0.004524111 0.01494365 0.2009438 -0.008758723 0.01338821 0.2007959 -0.01225382 0.01052033 0.2006812 -0.0141561 0.006363511 0.2006306 -0.01387017 0.00184369 0.2006618 -0.01226609 -0.002379357 0.20074 -0.008807539 -0.005312204 0.2008801 -0.004525244 -0.006694555 0.2010431 -8.712e-5 -0.006118416 0.201203 0.003874838 -0.004011929 0.2013384 0.005540013 0.002578735 0.2417791 0.004551231 -0.001748383 0.2415969 0.005540013 0.002578735 0.2417791 0.004452109 0.006866276 0.2418777 0.002088367 0.01065242 0.2419092 -0.001818597 0.01293075 0.2418296 -0.00630325 0.01326382 0.2416629 -0.01053953 0.01187008 0.241449 -0.01370608 0.008783638 0.2412216 -0.01559627 0.004801809 0.2410151 -0.0157414 3.37799e-4 0.2408619 -0.01366317 -0.00359112 0.2408145 -0.01043981 -0.006560504 0.240844 -0.006261706 -0.007900714 0.2409653 -0.001798033 -0.007769227 0.2411465 0.001890838 -0.005255699 0.2413757 0.003901779 0.00124824 0.2817273 0.002920746 -0.003065347 0.2816733 0.003901779 0.00124824 0.2817273 0.002989828 0.005592644 0.2817745 3.3291e-4 0.009134352 0.2818059 -0.003506124 0.01128619 0.2818167 -0.007890164 0.01193124 0.2818078 -0.01206016 0.01041674 0.2817747 -0.01519155 0.007370591 0.2817275 -0.01703459 0.003433048 0.2816748 -0.01729488 -9.86202e-4 0.2816223 -0.01532059 -0.004961907 0.2815833 -0.01212787 -0.008030474 0.2815595 -0.007873415 -0.009254336 0.281561 -0.003429114 -0.009030163 0.2815802 3.9756e-4 -0.006710171 0.2816215 0.005175292 0.001627087 0.3183834 0.004023849 -0.002603709 0.3184587 0.005175292 0.001627087 0.3183834 0.004099965 0.005892992 0.3183782 0.001636385 0.009532332 0.3184224 -0.002230703 0.0116288 0.3185252 -0.006588697 0.01218611 0.3186576 -0.0106827 0.01064372 0.318801 -0.01395255 0.007786035 0.3189306 -0.01561599 0.003782093 0.3190199 -0.01588642 -5.88134e-4 0.3190686 -0.0138241 -0.004443705 0.319039 -0.01075315 -0.007524251 0.3189704 -0.006585776 -0.008975148 0.3188522 -0.002205073 -0.008432924 0.318709 0.001573085 -0.006202161 0.3185692 0.006170868 0.001968622 0.3559566 0.005070388 -0.002206385 0.3560455 0.006170868 0.001968622 0.3559566 0.005103826 0.00615698 0.3558258 0.002685844 0.009729683 0.3556855 -0.001033604 0.01202803 0.3555538 -0.005393922 0.01234656 0.355462 -0.00961703 0.01116877 0.3554123 -0.01287388 0.008191168 0.3554285 -0.01473695 0.004182636 0.3554984 -0.01474416 -2.52206e-4 0.3556151 -0.01260876 -0.004063129 0.3557564 -0.009511291 -0.007040977 0.3558941 -0.005421221 -0.008599102 0.3560133 -0.001035928 -0.008108198 0.3560842 0.002633988 -0.005742013 0.3560921 0.002999663 0.0044927 0.4250417 0.001882672 3.00681e-4 0.4250816 0.002999663 0.0044927 0.4250417 0.001765668 0.008629024 0.424921 -5.672e-4 0.01221305 0.4247725 -0.004377543 0.01414376 0.4246034 -0.008578598 0.01468181 0.4244468 -0.01265537 0.0134201 0.4243285 -0.01584106 0.01056033 0.4242712 -0.01779425 0.006694972 0.4242757 -0.01778221 0.002329826 0.4243581 -0.01598888 -0.001636743 0.4244951 -0.012685 -0.00441271 0.4246624 -0.008628487 -0.00585705 0.4248309 -0.004409313 -0.005137205 0.4249644 -6.9182e-4 -0.003108561 0.4250559 0.002540051 0.003902733 0.4377593 0.001568019 -2.12679e-4 0.4375653 0.002540051 0.003902733 0.4377593 0.001707851 0.008081674 0.4379344 -8.4987e-4 0.01149004 0.4380547 -0.004564285 0.01350706 0.4380996 -0.008763849 0.01414191 0.4380775 -0.01281207 0.0127772 0.4379687 -0.01602131 0.009959459 0.4378055 -0.01769673 0.006035804 0.4376117 -0.01764518 0.001794576 0.4374245 -0.01614362 -0.00223124 0.4372642 -0.01278269 -0.004915595 0.4371855 -0.00877577 -0.006476938 0.4371643 -0.004455685 -0.00601989 0.4372362 -6.9275e-4 -0.003853499 0.4373771 0.002518594 0.0033288 0.4507198 0.001564919 -8.5452e-4 0.4505302 0.002518594 0.0033288 0.4507198 0.001448929 0.007461786 0.4508839 -9.3649e-4 0.01099228 0.4510072 -0.004726171 0.01291215 0.4510455 -0.008908331 0.01347017 0.4510211 -0.01306051 0.01236552 0.450926 -0.01630479 0.009478926 0.4507654 -0.01792341 0.005476951 0.4505758 -0.01784384 0.001210927 0.4503946 -0.01604211 -0.002619624 0.4502518 -0.01287269 -0.005377411 0.4501706 -0.008898437 -0.006741881 0.4501581 -0.004648149 -0.006480038 0.4502183 -0.001079678 -0.004170656 0.4503581 0.002144992 0.00277549 0.4636774 0.001529693 -0.001459062 0.4634962 0.002144992 0.00277549 0.4636774 0.00135529 0.00693345 0.4638398 -0.001160025 0.01035696 0.4639528 -0.004847824 0.01244431 0.4639978 -0.009073257 0.01306563 0.4639763 -0.01304167 0.01152133 0.4638686 -0.0163511 0.008850753 0.4637219 -0.01811963 0.004933238 0.463541 -0.01818555 6.1635e-4 0.4633625 -0.01615858 -0.003149688 0.46323 -0.01318925 -0.006220579 0.4631366 -0.009068191 -0.007487118 0.4631302 -0.004855692 -0.006856203 0.463203 -0.001094996 -0.004873633 0.4633265 0.002162098 0.00224179 0.4766404 0.001220345 -0.001919448 0.4764651 0.002162098 0.00224179 0.4766404 0.001182436 0.006387233 0.4767944 -0.001437306 0.00967586 0.4768969 -0.004946529 0.01205044 0.4769535 -0.009199321 0.0123623 0.4769203 -0.01314449 0.01091659 0.4768207 -0.01648563 0.008310198 0.4766814 -0.01809614 0.004363775 0.4765075 -0.01815015 1.20339e-4 0.4763384 -0.01651561 -0.00383836 0.4761987 -0.01316273 -0.006459236 0.4761307 -0.009203255 -0.007933557 0.4761146 -0.00503993 -0.007267773 0.4761856 -0.001288414 -0.005353212 0.4763019 0.001838147 0.001727223 0.4896006 8.5287e-4 -0.002332508 0.489435 0.001838147 0.001727223 0.4896006 9.1682e-4 0.005816519 0.4897476 -0.00146377 0.009286284 0.4898558 -0.005114793 0.0114457 0.4899008 -0.009345829 0.01192063 0.4898752 -0.0133937 0.01059323 0.4897825 -0.01647657 0.007688164 0.4896395 -0.01805114 0.003809809 0.4894748 -0.01814788 -3.64681e-4 0.489314 -0.01659327 -0.004308938 0.489179 -0.01325231 -0.006888806 0.4891148 -0.009333431 -0.008363425 0.4890989 -0.005115032 -0.00797975 0.4891571 -0.001500785 -0.005786895 0.4892784 0.001916706 0.001467645 0.4965969 8.4837e-4 -0.00262171 0.4964295 0.001916706 0.001467645 0.4965969 9.5368e-4 0.005606174 0.4967455 -0.001458168 0.009117305 0.496855 -0.005195677 0.01117795 0.4968952 -0.009405612 0.0114572 0.4968624 -0.0135073 0.01038062 0.4967788 -0.01645499 0.007342457 0.496632 -0.01820087 0.00355035 0.4964687 -0.01815265 -6.26242e-4 0.4963094 -0.01647818 -0.004450559 0.4961803 -0.01338577 -0.007278442 0.496104 -0.009417772 -0.008824944 0.4960859 -0.005223095 -0.008111536 0.4961565 -0.001529335 -0.006091177 0.496272 0.001518249 -6.10235e-5 0.5365332 5.3299e-4 -0.004193365 0.5363578 0.001518249 -6.10235e-5 0.5365332 3.8275e-4 0.004006803 0.5366832 -0.00190854 0.007546544 0.5367997 -0.005669355 0.009461402 0.5368356 -0.009834051 0.01007461 0.5368152 -0.01377689 0.008604109 0.5367141 -0.01700288 0.005911588 0.5365719 -0.01871967 0.002044379 0.5363991 -0.0186783 -0.00217849 0.5362312 -0.01683503 -0.005937993 0.5361012 -0.01387232 -0.008934617 0.5360136 -0.009804844 -0.01010781 0.5360106 -0.005641877 -0.009620606 0.5360748 -0.002025187 -0.007527112 0.5361973 6.8964e-4 -0.001666784 0.576684 -8.034e-5 -0.005714058 0.5764147 6.8964e-4 -0.001666784 0.576684 -1.4377e-4 0.00235778 0.5768979 -0.002520024 0.005741953 0.5770212 -0.006121516 0.007799565 0.5770235 -0.01024669 0.008289873 0.5769137 -0.01412516 0.006868779 0.5766974 -0.01737904 0.004286885 0.5764324 -0.01898908 4.29795e-4 0.5761461 -0.01894301 -0.003721833 0.575898 -0.0173918 -0.007609903 0.5757166 -0.01426506 -0.01045519 0.5756509 -0.01024174 -0.01178508 0.5757068 -0.006076633 -0.01119041 0.5758831 -0.002456605 -0.009121119 0.5761297 -0.001380145 -0.004854738 0.6174965 -0.002158105 -0.008970379 0.6171217 -0.001380145 -0.004854738 0.6174965 -0.002423286 -8.46047e-4 0.6177593 -0.004667699 0.002664208 0.6179138 -0.008361756 0.004633724 0.617862 -0.01248437 0.005065619 0.6176623 -0.01633262 0.003648579 0.6173296 -0.01952481 0.001066267 0.6169407 -0.02098536 -0.002768218 0.6165496 -0.02098953 -0.006825327 0.6162233 -0.01942557 -0.01060771 0.6160085 -0.01629728 -0.01325166 0.6159739 -0.01246553 -0.01481842 0.6160659 -0.008354008 -0.01423627 0.6163464 -0.004641652 -0.01235753 0.6167083 -0.003929615 -0.008088409 0.6577329 -0.004666805 -0.0121079 0.6573596 -0.003929615 -0.008088409 0.6577329 -0.004857063 -0.004146695 0.6580583 -0.007058382 -6.85139e-4 0.6583103 -0.0106371 0.001462578 0.6584124 -0.01479119 0.001778423 0.6583386 -0.01861071 3.10221e-4 0.6581153 -0.02183163 -0.002224743 0.6578125 -0.02360683 -0.005988478 0.6574365 -0.02333879 -0.01011353 0.6570787 -0.02189272 -0.01399254 0.6567714 -0.01860207 -0.01650565 0.6566299 -0.01476371 -0.01799482 0.6565923 -0.01061522 -0.0176028 0.6567285 -0.007012665 -0.01551204 0.6570015 -0.003459036 -0.01196289 0.6988421 -0.004387915 -0.01596242 0.6984661 -0.003459036 -0.01196289 0.6988421 -0.004429638 -0.007980406 0.6992314 -0.006947159 -0.004808485 0.6995553 -0.01043951 -0.002819478 0.6997734 -0.01445508 -0.002285122 0.6998562 -0.01832693 -0.003553211 0.6997652 -0.02147024 -0.006187617 0.6995376 -0.02305287 -0.009972333 0.6991873 -0.02298313 -0.01403659 0.6987972 -0.02141284 -0.01779985 0.6984242 -0.01831722 -0.02047967 0.698143 -0.01440829 -0.02156764 0.6980079 -0.01031059 -0.02143651 0.6979881 -0.006771206 -0.01930081 0.6981649 -0.003177225 -0.01595127 0.7404463 -0.004251718 -0.01987588 0.7401864 -0.003177225 -0.01595127 0.7404463 -0.004042625 -0.01193034 0.7406911 -0.006582736 -0.008733034 0.7408652 -0.01006138 -0.006624162 0.7409604 -0.01410353 -0.006422281 0.7409287 -0.01807808 -0.00735104 0.7408263 -0.02090406 -0.01029837 0.7406089 -0.02276438 -0.01391011 0.74036 -0.02267873 -0.0179978 0.7401025 -0.0210703 -0.02175569 0.7398826 -0.01805347 -0.0245639 0.7397382 -0.01410204 -0.02571213 0.7397091 -0.0101186 -0.02503871 0.7397955 -0.006450474 -0.02329939 0.7399458 -0.004485785 -0.0172643 0.7831023 -0.00538367 -0.02124625 0.7829526 -0.004485785 -0.0172643 0.7831023 -0.005364954 -0.01327091 0.7831999 -0.007774591 -0.00997585 0.7832308 -0.01130729 -0.007934212 0.7831898 -0.01536756 -0.007478833 0.7830844 -0.01914274 -0.008941173 0.782928 -0.02231252 -0.01146757 0.7827564 -0.02384656 -0.01524043 0.7825946 -0.02389806 -0.01929628 0.7824676 -0.02226239 -0.02302825 0.7824002 -0.01908481 -0.02550792 0.7824172 -0.01533508 -0.02688974 0.7824848 -0.01132965 -0.02647763 0.7826156 -0.007759451 -0.02455562 0.7827802 -0.005964994 -0.01859396 0.8257128 -0.006905257 -0.02244752 0.8254007 -0.005964994 -0.01859396 0.8257128 -0.006660759 -0.01462405 0.8259604 -0.009201645 -0.01150161 0.8260666 -0.01265978 -0.009562969 0.826049 -0.01660615 -0.008974611 0.825915 -0.02038502 -0.01028251 0.8256555 -0.02341079 -0.01289021 0.8253384 -0.02486985 -0.01659077 0.825014 -0.0251187 -0.02058565 0.8247227 -0.02338945 -0.02423357 0.8245437 -0.02033579 -0.02681016 0.8244986 -0.01655614 -0.0279507 0.8245863 -0.0126248 -0.02763271 0.8247832 -0.009241163 -0.02560973 0.8250752 -0.008650124 -0.02331918 0.8691799 -0.009318947 -0.02722334 0.8687192 -0.008650124 -0.02331918 0.8691799 -0.009589195 -0.01952135 0.8695346 -0.01191926 -0.01641219 0.8697334 -0.01527458 -0.0144627 0.869747 -0.01915991 -0.01375949 0.8695949 -0.02295196 -0.01497936 0.8692407 -0.02588695 -0.01764434 0.8687808 -0.02732992 -0.02129238 0.8683023 -0.02747583 -0.02521437 0.8678704 -0.02592486 -0.02888596 0.8675652 -0.02284002 -0.03139507 0.8674753 -0.01910239 -0.03258138 0.8675667 -0.01514863 -0.03239977 0.8678183 -0.01183193 -0.03026539 0.8682433 -0.0113877 -0.02794438 0.9120065 -0.0121442 -0.03172928 0.911673 -0.0113877 -0.02794438 0.9120065 -0.01198405 -0.02408474 0.9123414 -0.01427888 -0.02085173 0.9126154 -0.01776522 -0.01896739 0.9127671 -0.02168762 -0.01856213 0.912788 -0.02537167 -0.0198912 0.9126582 -0.02823495 -0.02250474 0.9124192 -0.02996158 -0.02600342 0.9121072 -0.02994894 -0.02993088 0.9117642 -0.02814555 -0.03337424 0.91147 -0.02535486 -0.03604829 0.9112466 -0.02164697 -0.03724956 0.9111555 -0.01778119 -0.03680145 0.911209 -0.01436191 -0.03492778 0.9113854 -0.009533524 -0.03500348 1.002235 -0.01014989 -0.03877812 1.002015 -0.009533524 -0.03500348 1.002235 -0.01019585 -0.03124666 1.002453 -0.01250767 -0.02819281 1.002629 -0.01580613 -0.02625519 1.002739 -0.01962751 -0.02579015 1.002762 -0.02314966 -0.02724641 1.002674 -0.02593511 -0.02973932 1.002527 -0.02756297 -0.03313219 1.002328 -0.02758949 -0.03692251 1.002107 -0.02589368 -0.04028415 1.001913 -0.0231744 -0.04286676 1.001765 -0.0195716 -0.04391491 1.001707 -0.01581835 -0.04366439 1.001725 -0.01253098 -0.04177701 1.001838 -0.01203817 -0.03640747 1.049635 -0.01276111 -0.04004281 1.049502 -0.01203817 -0.03640747 1.049635 -0.01261043 -0.0327019 1.049711 -0.01488822 -0.02969223 1.049691 -0.01811635 -0.0277363 1.049599 -0.02187389 -0.02742761 1.049438 -0.02533775 -0.02876174 1.049244 -0.02816909 -0.03113532 1.049051 -0.02977037 -0.03451734 1.048885 -0.02954536 -0.0382325 1.048793 -0.02807444 -0.04160022 1.048766 -0.02534246 -0.0440675 1.048822 -0.02185982 -0.04536986 1.048944 -0.01814126 -0.0449565 1.049123 -0.01505237 -0.04292649 1.049319 -0.0143705 -0.03770136 1.096582 -0.0148797 -0.04133588 1.096396 -0.0143705 -0.03770136 1.096582 -0.01496601 -0.03410023 1.096724 -0.01725888 -0.031259 1.096766 -0.02031224 -0.02923429 1.096742 -0.02396875 -0.0290926 1.096608 -0.02741956 -0.03015339 1.096428 -0.03014314 -0.0325517 1.096214 -0.03160625 -0.03587949 1.096006 -0.03164792 -0.03952407 1.095837 -0.03016889 -0.04287242 1.095741 -0.02751791 -0.04545199 1.095724 -0.02396607 -0.04652518 1.095811 -0.02031075 -0.04609292 1.09597 -0.01704442 -0.04435878 1.096175 -0.01483982 -0.03943973 1.112769 -0.01562869 -0.04293543 1.112389 -0.01483982 -0.03943973 1.112769 -0.01545315 -0.03586059 1.113118 -0.01769024 -0.03297859 1.11335 -0.02086198 -0.03124797 1.113438 -0.02444779 -0.03076213 1.113387 -0.02791017 -0.03186857 1.113176 -0.03054422 -0.03433829 1.112849 -0.03198212 -0.03761875 1.112473 -0.03208315 -0.04121798 1.112102 -0.03043448 -0.04440981 1.111822 -0.02787917 -0.04693335 1.111635 -0.02441114 -0.04789143 1.111635 -0.02087461 -0.04752165 1.111772 -0.01760393 -0.04597175 1.112022 -0.01562464 -0.04110485 1.129034 -0.01626223 -0.04452437 1.12868 -0.01562464 -0.04110485 1.129034 -0.0161342 -0.03762382 1.129364 -0.01822602 -0.03472924 1.129593 -0.02137821 -0.03309357 1.129669 -0.02485853 -0.03285944 1.129597 -0.02825695 -0.03372299 1.12942 -0.03073859 -0.03619432 1.129109 -0.03239679 -0.03929466 1.128758 -0.03239482 -0.04285526 1.128407 -0.03074997 -0.04597562 1.128144 -0.02820342 -0.04837113 1.127977 -0.02484589 -0.04933226 1.127973 -0.02133548 -0.04918378 1.128083 -0.01821339 -0.04747283 1.128336 -0.0162906 -0.04271042 1.145309 -0.01684969 -0.04606676 1.144976 -0.0162906 -0.04271042 1.145309 -0.01703977 -0.03943395 1.1456 -0.01897788 -0.03667724 1.145811 -0.02191948 -0.03500646 1.145893 -0.0252816 -0.03462785 1.145842 -0.0284608 -0.03573602 1.145654 -0.03090399 -0.0379998 1.145375 -0.03230452 -0.0410155 1.145053 -0.03253698 -0.04440057 1.144726 -0.03100091 -0.04744678 1.144477 -0.02847176 -0.04968094 1.144331 -0.02525663 -0.05064177 1.144323 -0.02189123 -0.05044585 1.14443 -0.01885861 -0.04885643 1.144659 -0.0172013 -0.04425448 1.161584 -0.01791656 -0.04732704 1.161287 -0.0172013 -0.04425448 1.161584 -0.01779234 -0.04112291 1.161855 -0.01970207 -0.03855222 1.162041 -0.02244389 -0.03685832 1.162126 -0.02567589 -0.03644889 1.162083 -0.02867776 -0.03763663 1.1619 -0.0310657 -0.03973466 1.161649 -0.03252243 -0.04260534 1.161352 -0.03246545 -0.04584318 1.161058 -0.03117609 -0.04881399 1.16082 -0.0287674 -0.05100548 1.160681 -0.02564918 -0.05187726 1.16068 -0.02242046 -0.05167561 1.160779 -0.01962971 -0.05002045 1.160999 -0.01812285 -0.04573625 1.177866 -0.0186401 -0.04867005 1.177598 -0.01812285 -0.04573625 1.177866 -0.01859366 -0.04277884 1.178112 -0.02042841 -0.04038643 1.178277 -0.02304059 -0.0389223 1.178342 -0.02603042 -0.03842157 1.178314 -0.02882945 -0.03955841 1.178148 -0.03119796 -0.04141634 1.17793 -0.03248089 -0.0441845 1.177658 -0.03238451 -0.04722487 1.177395 -0.03106653 -0.04992532 1.177192 -0.02893859 -0.05208224 1.177055 -0.02600246 -0.05283951 1.177059 -0.02297115 -0.05272448 1.177142 -0.02035903 -0.05114918 1.177341 -0.01890951 -0.04715526 1.194158 -0.01954561 -0.04986131 1.193918 -0.01890951 -0.04715526 1.194158 -0.01931661 -0.04434496 1.194382 -0.0211361 -0.04215651 1.194523 -0.02352827 -0.04064166 1.194594 -0.026362 -0.04038661 1.19455 -0.02900695 -0.04134321 1.19441 -0.03120589 -0.04311275 1.194213 -0.03238731 -0.045708 1.19397 -0.03226846 -0.04853957 1.193737 -0.03114479 -0.05112153 1.193548 -0.02909576 -0.05310153 1.19343 -0.0263403 -0.0537573 1.193439 -0.02350062 -0.05372166 1.193507 -0.02108132 -0.05220317 1.193688 -0.01894295 -0.04773521 1.201065 -0.01950228 -0.05052858 1.200791 -0.01894295 -0.04773521 1.201065 -0.01971262 -0.04503369 1.201313 -0.02121168 -0.04265367 1.201521 -0.02366554 -0.04117512 1.201631 -0.02651214 -0.0410217 1.20161 -0.02924913 -0.04178154 1.201503 -0.03135544 -0.04370349 1.201292 -0.03242731 -0.04631549 1.201029 -0.03256243 -0.04914641 1.200757 -0.031345 -0.05172449 1.200527 -0.02921497 -0.05359846 1.200375 -0.02651631 -0.05444675 1.200328 -0.02367299 -0.05426633 1.200381 -0.02130472 -0.05270934 1.20056 -0.02026289 -0.05003911 1.228744 -0.02092397 -0.05248218 1.228497 -0.02026289 -0.05003911 1.228744 -0.02080786 -0.04754346 1.22898 -0.02233475 -0.04550153 1.22916 -0.0245285 -0.04418939 1.229259 -0.02708035 -0.04392224 1.229253 -0.02946579 -0.04480051 1.229137 -0.03139334 -0.04643625 1.228953 -0.03253537 -0.04872876 1.228716 -0.0323199 -0.05126351 1.228471 -0.0313825 -0.0535953 1.228256 -0.02943879 -0.05519324 1.228125 -0.02707737 -0.05605679 1.228071 -0.02457398 -0.05575031 1.228133 -0.02232313 -0.05458694 1.228275 -0.02051216 -0.05128037 1.238077 -0.02100276 -0.05361253 1.237767 -0.02051216 -0.05128037 1.238077 -0.02096623 -0.04893565 1.238404 -0.02231025 -0.04691416 1.238704 -0.02445632 -0.0457291 1.238903 -0.02688384 -0.04557508 1.238967 -0.02923053 -0.04622435 1.23892 -0.03103595 -0.0478695 1.238727 -0.03214764 -0.05005943 1.238448 -0.03207725 -0.05251455 1.238112 -0.03104496 -0.05471813 1.237794 -0.02925014 -0.05637168 1.237537 -0.02691709 -0.05719017 1.237384 -0.02444112 -0.0569269 1.237376 -0.02242624 -0.05553442 1.23753 -0.020383 -0.05261057 1.247572 -0.02093076 -0.05489462 1.247271 -0.020383 -0.05261057 1.247572 -0.02094334 -0.05033606 1.247892 -0.02227413 -0.04840493 1.248181 -0.0243417 -0.04726493 1.248375 -0.02668184 -0.04709219 1.248443 -0.0289461 -0.0477302 1.248398 -0.03063839 -0.04935479 1.248208 -0.03166985 -0.05145174 1.247942 -0.03161346 -0.05378514 1.247623 -0.03059971 -0.05585813 1.247321 -0.0289036 -0.0574181 1.247076 -0.02668923 -0.05808103 1.246945 -0.02436101 -0.05794912 1.246919 -0.02230048 -0.05680388 1.247036 -0.02057075 -0.05386608 1.257035 -0.02094709 -0.05607897 1.25688 -0.02057075 -0.05386608 1.257035 -0.02110135 -0.05172365 1.257211 -0.02235615 -0.0499131 1.257383 -0.02427387 -0.04879683 1.257522 -0.02649468 -0.0484957 1.257608 -0.02861595 -0.04923808 1.257614 -0.0303502 -0.05068171 1.257556 -0.03117477 -0.05277645 1.257423 -0.03109753 -0.05498528 1.257255 -0.03026556 -0.05703157 1.257078 -0.02861344 -0.05852502 1.256918 -0.026497 -0.05928671 1.2568 -0.02428662 -0.05891162 1.256764 -0.02232527 -0.05786091 1.256786 -0.02054297 -0.05566906 1.288562 -0.02099043 -0.05741471 1.288447 -0.02054297 -0.05566906 1.288562 -0.02095484 -0.05390787 1.288687 -0.02210134 -0.05254608 1.288791 -0.02360785 -0.05163794 1.288869 -0.02536696 -0.05145049 1.288899 -0.02706867 -0.0519666 1.288881 -0.02837544 -0.05317431 1.288812 -0.02912807 -0.05478692 1.288709 -0.02910208 -0.05656629 1.288587 -0.02846246 -0.05824744 1.288466 -0.02702593 -0.05931961 1.288378 -0.0253719 -0.05998677 1.288316 -0.02356618 -0.05982279 1.288308 -0.0220468 -0.05885261 1.28836 -0.0217939 -0.0569595 1.301671 -0.02206909 -0.05846905 1.301513 -0.0217939 -0.0569595 1.301671 -0.02211505 -0.05546778 1.301802 -0.02300131 -0.05421704 1.301886 -0.02430045 -0.05334562 1.301916 -0.02587521 -0.05316013 1.301867 -0.02738302 -0.05364722 1.301756 -0.02856236 -0.05469924 1.301604 -0.02915126 -0.0561527 1.301437 -0.02909064 -0.05769693 1.30129 -0.02850556 -0.05912727 1.301176 -0.02734249 -0.06016123 1.301125 -0.02586847 -0.06067872 1.301137 -0.02429389 -0.06056922 1.301215 -0.02299422 -0.05969917 1.301354 -0.02280092 -0.05821114 1.314561 -0.0231809 -0.05947041 1.314426 -0.02280092 -0.05821114 1.314561 -0.02308452 -0.05690646 1.314674 -0.02390068 -0.05585813 1.314739 -0.02502793 -0.05515009 1.31476 -0.0263552 -0.05505234 1.314714 -0.02760148 -0.05546957 1.314623 -0.02861362 -0.05631399 1.3145 -0.02917546 -0.05751943 1.314363 -0.02906507 -0.05883175 1.314242 -0.02857047 -0.06003367 1.314149 -0.02761626 -0.06094318 1.314102 -0.026349 -0.06129235 1.314121 -0.02503341 -0.06123596 1.314181 -0.02392017 -0.06053352 1.314294 -0.023961 -0.05943566 1.327448 -0.02423709 -0.06046497 1.327342 -0.023961 -0.05943566 1.327448 -0.0241881 -0.05838274 1.327536 -0.0248115 -0.05749809 1.327593 -0.02576714 -0.05699944 1.3276 -0.0268287 -0.05687046 1.327569 -0.02783161 -0.05722528 1.327496 -0.02865052 -0.0579043 1.3274 -0.02907735 -0.05888348 1.327293 -0.02912676 -0.0599606 1.327191 -0.02862447 -0.06091392 1.327124 -0.02785265 -0.06165409 1.327087 -0.02683138 -0.06200635 1.327095 -0.02575689 -0.06188982 1.327149 -0.02484273 -0.06133222 1.327238 -0.02708005 -0.0606181 1.340264</float_array>
          <technique_common>
            <accessor source="#AG16_3_001-mesh-positions-array" count="705" stride="3">
              <param name="X" type="float"/>
              <param name="Y" type="float"/>
              <param name="Z" type="float"/>
            </accessor>
          </technique_common>
        </source>
        <source id="AG16_3_001-mesh-normals">
          <float_array id="AG16_3_001-mesh-normals-array" count="3915">-0.982367 -0.1859206 -0.01971626 -0.9865607 0.162191 -0.01980042 -0.9734902 -0.2274907 -0.02376782 -0.8310236 -0.5557259 -0.02384907 -0.8369885 -0.5467452 -0.02280479 -0.4521996 -0.891626 -0.02277696 -0.4408465 -0.8972624 -0.02397203 -0.1230447 -0.9921162 -0.02377837 -0.1380903 -0.9901678 -0.02233296 0.3008347 -0.9534098 -0.02254754 0.2917391 -0.9562532 -0.02163487 0.6763197 -0.7362893 -0.02167469 0.6457079 -0.763378 -0.01775753 0.8835347 -0.4680158 -0.01810127 0.9246085 -0.3799147 -0.02764213 0.9976981 0.06217718 -0.02706795 0.999727 -0.01209372 -0.01999408 0.9352331 0.3534526 -0.0202589 0.9043495 0.4258766 -0.027951 0.6146383 0.788335 -0.02734369 0.6312957 0.7751279 -0.02534794 0.3688594 0.9291381 -0.02540343 0.3830844 0.923404 -0.0239045 -0.1810856 0.9831765 -0.02391624 -0.1801089 0.9833582 -0.02382284 -0.5020424 0.8645238 -0.02349746 -0.4809253 0.8765051 -0.0212081 -0.7730712 0.6339535 -0.0215401 -0.7694004 0.6384224 -0.02097785 -0.9885225 0.1496067 -0.02100753 -0.9736748 -0.2275334 -0.01364427 -0.9919599 0.1257876 -0.01389616 -0.9769462 -0.213128 -0.01236015 -0.8371412 -0.5468449 -0.01247131 -0.8092221 -0.5872621 -0.01681995 -0.4409127 -0.8973971 -0.01657152 -0.5437453 -0.8392268 -0.006293833 -0.1381219 -0.9903942 -0.006447792 -0.09960794 -0.9949775 -0.009899735 0.2917929 -0.9564298 -0.009956598 0.2971889 -0.9547614 -0.01046174 0.645774 -0.7634555 -0.01057744 0.6638512 -0.7477561 -0.01274168 0.9248875 -0.3800293 -0.01269042 0.9256284 -0.3782151 -0.01286554 0.9998447 -0.01209563 -0.01282411 0.9999036 -1.94213e-4 -0.01388704 0.9046161 0.4260029 -0.01382952 0.8995317 0.4366026 -0.0148676 0.6314311 0.7752943 -0.01461595 0.7281133 0.6854498 -0.003120064 0.3831918 0.9236631 -0.003259956 0.24712 0.9688504 -0.01614677 -0.1801378 0.9835162 -0.01568943 -0.043455 0.9990484 -0.0037328 -0.4810299 0.8766958 -0.003838181 -0.5250754 0.8510149 -0.008343994 -0.7695423 0.6385405 -0.008406162 -0.785325 0.6189921 -0.0106585 -0.9866984 0.1622132 -0.01064801 -0.976528 -0.2134265 -0.02902042 -0.9761545 0.2114914 -0.04892867 -0.972482 -0.2310572 -0.02985447 -0.8094702 -0.5871222 -0.006741225 -0.8400229 -0.5425314 -0.004605114 -0.5441995 -0.8386939 0.02096772 -0.441796 -0.8969801 0.0155937 -0.1003531 -0.994382 0.03367161 -0.1333661 -0.9904282 0.03557628 0.2962496 -0.9537687 0.05061072 0.3330199 -0.9417224 0.04750603 0.6630718 -0.7467995 0.05124717 0.6196975 -0.7827649 0.05704611 0.9248456 -0.3770765 0.04973804 0.9311107 -0.3616266 0.04753011 0.9994525 7.35189e-4 0.03307729 0.9994219 -0.003919601 0.03377306 0.8993344 0.4371701 0.008956551 0.9257773 0.3775695 0.01943838 0.72811 0.6854543 -0.002908229 0.6429425 0.7655927 -0.02219974 0.2475032 0.9677428 -0.04707509 0.3126633 0.9491512 -0.03679358 -0.04262346 0.9976773 -0.05313438 -0.1168607 0.9911241 -0.06337624 -0.5235099 0.8489217 -0.07259058 -0.5096484 0.8574642 -0.07080876 -0.7836201 0.6172425 -0.07036525 -0.7770466 0.6256037 -0.06941658 -0.9906837 0.124911 -0.05424922 -0.9725455 -0.2309922 -0.02824836 -0.9726458 0.2274161 -0.04734945 -0.972839 -0.2297608 -0.02818423 -0.8398107 -0.5427764 -0.01056945 -0.8302087 -0.5573366 -0.01137316 -0.4418208 -0.896956 0.01626169 -0.4354786 -0.9000584 0.01591539 -0.1331775 -0.9906316 0.03021454 -0.1649008 -0.9857892 0.03205442 0.3330213 -0.9417235 0.04747593 0.3429799 -0.9381843 0.04663568 0.6199463 -0.7830635 0.04978197 0.6326513 -0.7729365 0.0481835 0.9313052 -0.3618744 0.04144334 0.9080007 -0.4161203 0.04877251 0.9993883 -0.003879368 0.03475701 0.9976791 0.06327861 0.02514994 0.9261014 0.3771529 0.009593546 0.9346724 0.3552665 0.01317101 0.642709 0.7659795 -0.01416665 0.6470156 0.7623609 -0.01329737 0.3125296 0.9493443 -0.03272116 0.3081765 0.9507431 -0.03339087 -0.117348 0.9918376 -0.04987841 -0.1267518 0.9906173 -0.05110222 -0.5101339 0.8580805 -0.05883544 -0.4673507 0.882452 -0.05349504 -0.7777006 0.6263474 -0.05358088 -0.8093404 0.5844492 -0.05820113 -0.9761744 0.2115126 -0.04843604 -0.9715726 -0.2298396 -0.05675053 -0.9737208 0.2241787 -0.04014593 -0.967932 -0.2442428 -0.05876421 -0.8278446 -0.5572872 -0.06406491 -0.8469547 -0.5282689 -0.05999833 -0.4326259 -0.8998754 -0.05530959 -0.5024222 -0.8632671 -0.0483936 -0.1623272 -0.9860126 -0.0378018 -0.0723508 -0.9963965 -0.04426699 0.3454208 -0.9381509 -0.02361023 0.3134391 -0.9493599 -0.02172267 0.6343547 -0.7730414 -0.001080572 0.6981855 -0.7158947 -0.005656599 0.9091401 -0.4162297 0.01473772 0.9029597 -0.4294422 0.01559406 0.9972678 0.06334131 0.03801375 0.9983989 -0.03401213 0.04519879 0.9329791 0.3554296 0.05674207 0.8832833 0.4666844 0.04490303 0.645015 0.7628112 0.04555088 0.6764243 0.7347735 0.05057835 0.3054667 0.9512677 0.04218977 0.3040664 0.9517256 0.04198014 -0.1295536 0.9912743 0.02431404 -0.03104579 0.9987195 0.039945 -0.4698215 0.8826101 0.01635199 -0.5629867 0.8264631 -0.002224206 -0.8108927 0.5847808 -0.022017 -0.7960532 0.6049643 -0.01782107 -0.9729805 0.2274637 -0.03961527 -0.9684368 -0.2446209 -0.04786151 -0.9744949 0.222034 -0.03256779 -0.9778843 -0.2048079 -0.0423792 -0.8474628 -0.5286858 -0.0479381 -0.7988275 -0.5987641 -0.05793237 -0.5021526 -0.8630326 -0.05493354 -0.4882922 -0.8708543 -0.05642241 -0.07236021 -0.9964061 -0.04403275 -0.1453706 -0.9886255 -0.03856366 0.3133374 -0.9494492 -0.01913058 0.3414379 -0.93967 -0.02099001 0.6979691 -0.7161278 5.10251e-4 0.6972825 -0.7167962 5.64995e-4 0.9028701 -0.4295313 0.01812571 0.9054616 -0.4240568 0.01775467 0.9988483 -0.03365075 0.0342006 0.9975939 -0.05918985 0.03609788 0.8831405 0.466562 0.04881358 0.89467 0.4437733 0.05129426 0.6763606 0.7347186 0.05220144 0.6921289 0.7196998 0.05468004 0.3038678 0.9515565 0.0469532 0.2761815 0.960144 0.04297983 -0.03073573 0.9990123 0.03209072 -0.05047667 0.9983013 0.02909696 -0.5632097 0.8263085 0.003049552 -0.5184912 0.8550036 0.01166093 -0.7964631 0.6046382 -0.007701039 -0.8220175 0.5692716 -0.01473736 -0.9740716 0.2239266 -0.0322721 -0.9779542 -0.2056753 0.03610122 -0.9643087 0.2629849 0.03078413 -0.9691999 -0.2442655 0.03139865 -0.7994599 -0.6000109 0.02916985 -0.827377 -0.5605213 0.03554534 -0.4887162 -0.8720288 0.02687513 -0.4759458 -0.8791266 0.02474105 -0.1455678 -0.9892451 0.01429015 -0.1265025 -0.9919016 0.01132965 0.3413995 -0.939902 -0.005555808 0.3523188 -0.935851 -0.007369875 0.6972922 -0.7164631 -0.02154815 0.6576974 -0.7531615 -0.01349264 0.9055334 -0.4235125 -0.02542811 0.9227665 -0.3840733 -0.03146195 0.9975992 -0.05831813 -0.03734916 0.9973877 -0.06212705 -0.03685402 0.8948379 0.444738 -0.03838503 0.8808801 0.4714973 -0.04171812 0.6923162 0.7206124 -0.03763055 0.7073682 0.705951 -0.03554636 0.2763863 0.9607677 -0.0231567 0.3282741 0.9444032 -0.01840567 -0.05034774 0.9987152 -0.005738258 -0.12322 0.992308 -0.01190048 -0.5184568 0.8550974 0.003336369 -0.5082954 0.861172 0.004331648 -0.8221893 0.5689187 0.01833724 -0.8261358 0.563193 0.01770627 -0.9748305 0.2213727 0.02645522 -0.9692996 -0.2442943 0.02790439 -0.9665906 0.2552653 0.02329128 -0.9688812 -0.2459707 0.02770632 -0.8276715 -0.560604 0.02613866 -0.8283532 -0.5595888 0.02629375 -0.4761506 -0.8791782 0.01806747 -0.5261442 -0.8499926 0.02617353 -0.1263937 -0.9918701 0.01477921 -0.07300132 -0.9973093 0.006717026 0.3523197 -0.9358509 -0.007357954 0.2685725 -0.9632408 0.005995631 0.6578497 -0.753103 -0.008348703 0.6746747 -0.7380218 -0.01174646 0.9230461 -0.3840002 -0.02301627 0.9065955 -0.4216495 -0.01721811 0.9978025 -0.06200271 -0.02336484 0.9995096 -0.002448379 -0.03121769 0.881231 0.47161 -0.03187823 0.8724179 0.4875816 -0.03393024 0.7075337 0.706011 -0.03073692 0.6934365 0.7197734 -0.03274291 0.3281133 0.9443488 -0.02339565 0.3564429 0.9340896 -0.02062249 -0.1230418 0.9923822 -0.006186783 -0.1111605 0.9937891 -0.005156219 -0.50817 0.8612158 0.008414804 -0.5418816 0.84044 0.005014657 -0.8261715 0.5631784 0.01645201 -0.8231993 0.5675004 0.01692217 -0.9645168 0.2629217 0.02407646 -0.9681746 -0.2477607 -0.03538942 -0.96502 0.2566235 -0.05367249 -0.9573549 -0.2866634 -0.0359959 -0.8276335 -0.5609157 -0.01991653 -0.8375523 -0.5459982 -0.01981115 -0.5257943 -0.8505919 0.005816996 -0.4521624 -0.8919191 0.005431354 -0.07340145 -0.9969372 0.02699208 -0.1280105 -0.9913874 0.02765053 0.2678802 -0.9624034 0.04494565 0.2941996 -0.9547233 0.04415893 0.6739222 -0.7368422 0.05378228 0.6664917 -0.7435314 0.05431354 0.905903 -0.4200924 0.05350148 0.8911446 -0.4502429 0.05606067 0.9990127 -4.57109e-4 0.0444256 0.9990244 0.003588914 0.04401689 0.8718893 0.4892882 0.02015483 0.9103958 0.4126347 0.0302022 0.6928269 0.7210524 0.008617043 0.6432709 0.7656386 4.25159e-4 0.3564173 0.9341286 -0.01925265 0.3361502 0.9415549 -0.0218501 -0.1104199 0.992879 -0.04470729 -0.166408 0.9847567 -0.0506249 -0.5407206 0.8388651 -0.06266415 -0.4771801 0.8769873 -0.05650073 -0.8222518 0.5658174 -0.06125974 -0.7964355 0.6018744 -0.05863261 -0.9658567 0.2534292 -0.05380147 -0.9567804 -0.2868418 -0.0478869 -0.9726727 0.2308906 -0.02444326 -0.9807665 -0.194781 -0.0125491 -0.8372873 -0.5461116 -0.02668964 -0.7996865 -0.5983664 -0.04959124 -0.4491627 -0.8915594 -0.0580917 -0.4771007 -0.877537 -0.04799777 -0.1251171 -0.990957 -0.04847764 -0.1491294 -0.9879606 -0.0411604 0.2963827 -0.9544717 -0.03377968 0.3201629 -0.946478 -0.04092997 0.6680408 -0.7436211 -0.02737331 0.6602933 -0.7506072 -0.02452862 0.8924886 -0.4509966 -0.00813502 0.9198156 -0.3914835 -0.02607583 0.9999707 0.002625107 -0.007183313 0.999871 0.01259726 -0.00997138 0.9110845 0.4121546 0.007325768 0.9369553 0.3483603 0.02757066 0.6413841 0.7659897 0.04343199 0.624183 0.7804387 0.03620749 0.3336585 0.9418271 0.04042083 0.3628427 0.9304483 0.05110007 -0.1694502 0.9843957 0.04745364 -0.1061105 0.9918207 0.070939 -0.479276 0.8755304 0.06116473 -0.4997313 0.8646042 0.0522347 -0.7976242 0.6020593 0.03633922 -0.8495454 0.5275157 2.77202e-4 -0.9662265 0.2573261 -0.01377487 -0.9807738 -0.1948787 -0.0102539 -0.9750332 0.2219071 0.008212387 -0.9679278 -0.2492728 -0.03128939 -0.7997896 -0.5986174 -0.04464972 -0.8287305 -0.5589952 -0.02702242 -0.4772228 -0.8780062 -0.03692996 -0.4517925 -0.8909056 -0.0465914 -0.1490575 -0.9876989 -0.0472548 -0.1317779 -0.9898699 -0.05284053 0.3202115 -0.9462513 -0.04553174 0.2575649 -0.9659178 -0.02575218 0.6600674 -0.7511229 -0.01121038 0.66503 -0.7467011 -0.01314038 0.9195506 -0.3929325 0.005543172 0.9270447 -0.3749511 4.37233e-5 0.999774 0.01136237 0.01796936 0.9997088 0.01795959 0.01612126 0.9369201 0.3482522 0.03002268 0.9049685 0.4254412 0.005649447 0.624229 0.781023 0.01847732 0.6565561 0.7536253 0.0313555 0.363014 0.9311021 0.03563421 0.3247035 0.9455519 0.02234488 -0.1055035 0.9942322 0.0192759 -0.06194978 0.9974852 0.03443259 -0.4994623 0.8660227 0.02328675 -0.5434212 0.8394492 0.004310488 -0.8491879 0.5279451 -0.01241576 -0.7822266 0.6222413 0.03061777 -0.9732784 0.229359 0.01112192 -0.967752 -0.2489402 -0.03853446 -0.9892246 0.1446908 -0.02234447 -0.9824392 -0.1860046 -0.01468217 -0.8287193 -0.5589239 -0.02877962 -0.8057928 -0.5906412 -0.04290598 -0.451723 -0.8906696 -0.05151599 -0.4926059 -0.8695063 -0.03603082 -0.1319639 -0.9905632 -0.03701573 -0.1452414 -0.9888549 -0.03272587 0.257584 -0.9658821 -0.02687919 0.3634313 -0.929611 -0.06116473 0.6652715 -0.7449549 -0.04955953 0.6285429 -0.776968 -0.03542184 0.9271878 -0.3743035 -0.01483029 0.9114844 -0.4113203 -0.003452837 0.9997125 0.01796954 0.01588439 0.9995394 -0.0163145 0.02558773 0.9046757 0.4238978 0.0432738 0.8806363 0.4730104 0.02722227 0.6565141 0.7534223 0.03666323 0.7184351 0.6927725 0.06258869 0.324136 0.9434716 0.06926345 0.293348 0.9542049 0.05865383 -0.06219744 0.9964674 0.0564298 -0.1485114 0.9885618 0.02626693 -0.5436688 0.8391545 0.01562255 -0.4670394 0.8829699 0.04731196 -0.7822272 0.6221294 0.03280049 -0.793191 0.6084086 0.02621275 -0.9750324 0.2219293 0.007698476 -0.9824653 -0.1863369 -0.006372511 -0.9753748 0.2203109 0.01035994 -0.9731312 -0.229135 -0.02264779 -0.8059104 -0.590962 -0.03567236 -0.7819495 -0.6213777 -0.0494436 -0.492335 -0.8685865 -0.056248 -0.5605044 -0.8276283 -0.02943211 -0.1452561 -0.9889029 -0.03117197 -0.0726006 -0.9958534 -0.05482053 0.3633751 -0.9304556 -0.04702067 0.3447014 -0.9378145 -0.04104959 0.6285161 -0.7771667 -0.03129625 0.6155472 -0.7876555 -0.02646583 0.9115359 -0.4111485 -0.007689535 0.9259973 -0.3770892 -0.01823961 0.9998821 -0.01515966 -0.002477169 0.9999155 -0.01260417 -0.003205895 0.8806852 0.4734418 0.01569819 0.9239128 0.3798753 0.04560738 0.7186021 0.6931152 0.05658942 0.6159653 0.7876627 0.01321125 0.2937529 0.955731 0.0169568 0.34884 0.9364973 0.03582745 -0.1485862 0.9883674 0.03243643 -0.1583214 0.9869605 0.02904182 -0.466787 0.8841107 0.02140456 -0.4550544 0.8900806 0.02611589 -0.7930439 0.6090707 0.01069188 -0.807486 0.5898844 0.001679182 -0.9893265 0.1445409 -0.01846694 -0.9729261 -0.2286904 -0.03339999 -0.9715428 0.2363948 -0.0149008 -0.975344 -0.2186912 -0.02963787 -0.7820783 -0.621665 -0.04342991 -0.8247079 -0.5652505 -0.01867753 -0.5605202 -0.8277317 -0.0260275 -0.5089409 -0.8595304 -0.04676246 -0.07268285 -0.9962245 -0.04747647 -0.1112776 -0.9931687 -0.03511691 0.3445709 -0.9383399 -0.02809274 0.3119167 -0.9499446 -0.01769936 0.6152608 -0.7882847 -0.00783348 0.686244 -0.7265119 -0.03535264 0.9259949 -0.3770703 -0.01874601 0.9266645 -0.3753962 -0.01925182 0.999913 -0.01257145 -0.004007697 0.999732 -0.02312755 -0.001041531 0.9243918 0.3811842 0.01408475 0.9303988 0.3660649 0.01883691 0.6159435 0.7871313 0.03222101 0.6112666 0.7908415 0.03038114 0.3488615 0.9365794 0.03339147 0.3520852 0.9353321 0.03449594 -0.1583459 0.9868942 0.03108555 -0.09117799 0.9943668 0.05405128 -0.4552135 0.8891846 0.04616928 -0.5191081 0.8544732 0.02005887 -0.8075795 0.5897231 0.006489157 -0.826271 0.5632463 -0.005472064 -0.9749402 0.2215142 -0.02056932 -0.9755201 -0.2198923 0.002796947 -0.9675295 0.2519483 0.02021586 -0.9739869 -0.226598 -0.001679956 -0.8247012 -0.5654273 -0.01264989 -0.824387 -0.5658775 -0.0129987 -0.5091552 -0.8604338 -0.02036452 -0.4827732 -0.8748733 -0.03907209 -0.1112339 -0.993017 -0.03929901 -0.06551927 -0.9956262 -0.06660181 0.3122776 -0.9480806 -0.06021726 0.2542632 -0.9668053 -0.02525228 0.6860364 -0.7274845 -0.01096731 0.7181196 -0.6949577 -0.03657865 0.9266557 -0.3753007 -0.02141588 0.908285 -0.4183338 0.003922402 0.9995028 -0.02395325 0.02050632 0.9999333 0.01150268 0.001109004 0.9304133 0.3662321 0.01432508 0.9159347 0.4012674 -0.006942689 0.6112422 0.7914211 0.005957841 0.6745879 0.7362223 0.05392497 0.3517736 0.9342365 0.05880063 0.3626168 0.9296133 0.0657894 -0.09126758 0.9937326 0.06454372 -0.1679063 0.9856737 0.01596796 -0.5189036 0.8547946 0.008084237 -0.4804337 0.8762852 0.03616422 -0.82666 0.5623062 0.02109396 -0.8251462 0.564459 0.02280479 -0.9718354 0.2354847 0.009110033 -0.973957 -0.2259878 -0.01836818 -0.9727239 0.2319649 -8.26301e-4 -0.9631215 -0.2679494 -0.0244987 -0.8242785 -0.5651377 -0.03441518 -0.8395387 -0.5424264 -0.03079593 -0.4827586 -0.8748467 -0.03984498 -0.4536269 -0.8901229 -0.04363518 -0.06578123 -0.9968801 -0.04362368 -0.1454117 -0.9887243 -0.03577363 0.2543307 -0.9666293 -0.03072196 0.3500632 -0.9359025 -0.0392704 0.7181031 -0.6954476 -0.02608913 0.6411443 -0.7671927 -0.01868867 0.9083924 -0.4181112 -0.002516925 0.9140426 -0.405604 -0.003421962 0.9998493 0.0110324 0.01340669 0.9998658 0.009245693 0.0135259 0.9160344 0.4001478 0.02762156 0.8979468 0.4394274 0.02439969 0.6749157 0.7371342 0.03349864 0.7111675 0.7020056 0.03780215 0.3629764 0.9308032 0.04305171 0.277008 0.960282 0.0335415 -0.168081 0.9853156 0.03003102 -0.1167226 0.9925012 0.03629517 -0.4803663 0.8766177 0.02809941 -0.5014407 0.8648344 0.02487701 -0.8250482 0.5649727 0.01007276 -0.7936285 0.608146 0.01766932 -0.9675465 0.2526826 0.002303779 -0.9630181 -0.2676959 -0.03058129 -0.9821434 0.1877009 -0.0127626 -0.9792293 -0.2016565 -0.02108997 -0.8395088 -0.542329 -0.0332303 -0.8184521 -0.5733058 -0.0381655 -0.4535875 -0.8899808 -0.04682624 -0.4956632 -0.8675253 -0.04144984 -0.1453413 -0.988468 -0.04250961 -0.1167093 -0.9921298 -0.04536026 0.3500515 -0.9359571 -0.03805696 0.3456446 -0.9376085 -0.03768283 0.6412434 -0.7668377 -0.02769666 0.6226618 -0.7820591 -0.02600091 0.914093 -0.4054279 -0.007899105 0.9230375 -0.3845962 -0.009365558 0.9999293 0.009499132 0.007164478 0.9999179 0.01068162 0.007087111 0.8979569 0.4394775 0.02309024 0.928889 0.3692493 0.02863937 0.7111442 0.7019291 0.03961873 0.6730222 0.7387934 0.0350095 0.2769502 0.960069 0.03957402 0.3130093 0.9487519 0.04353225 -0.1167693 0.9923271 0.04064327 -0.1427998 0.9890431 0.0374428 -0.5014845 0.8646932 0.02862209 -0.4975579 0.8669382 0.02923011 -0.7936067 0.6082285 0.01570463 -0.8205323 0.5715274 0.009133279 -0.9726561 0.2321709 -0.006078839 -0.9778275 -0.1990244 -0.06513738 -0.9814097 0.1887006 -0.03503292 -0.9663344 -0.2466428 -0.07324737 -0.8165997 -0.5701043 -0.09025549 -0.8411831 -0.5341266 -0.08437889 -0.494055 -0.8646526 -0.09102487 -0.4673682 -0.8790741 -0.0937851 -0.1154335 -0.989836 -0.08306598 -0.0998032 -0.991461 -0.08393067 0.3462216 -0.9365338 -0.05509167 0.3492081 -0.9354202 -0.05516225 0.6227326 -0.7819287 -0.0281378 0.630753 -0.7754697 -0.02824217 0.9222003 -0.386287 0.01813763 0.9337493 -0.3574829 0.01783984 0.9987171 0.008104443 0.04998689 0.9987216 -0.005068063 0.05029618 0.9273794 0.3664721 0.07527005 0.9230251 0.3774243 0.07467103 0.6714019 0.7357743 0.088633 0.6437067 0.7605165 0.08518546 0.3117944 0.9466593 0.08136677 0.3750866 0.9226096 0.09000921 -0.1437823 0.9873868 0.06628799 -0.1443145 0.9873152 0.06619769 -0.4978338 0.8664742 0.03720408 -0.4546604 0.8894525 0.04645746 -0.8202664 0.5719799 0.001450836 -0.8067888 0.5908089 0.006080031 -0.9813489 0.1890283 -0.03496998 -0.965878 -0.2460154 -0.08097088 -0.981699 0.1844521 -0.0473783 -0.9719309 -0.2223407 -0.07690978 -0.8406198 -0.5333269 -0.09445053 -0.8431842 -0.5293801 -0.09379297 -0.4669823 -0.8785396 -0.100479 -0.5142394 -0.8523123 -0.09550768 -0.09984695 -0.9915232 -0.08314204 -0.07405877 -0.9936674 -0.08450078 0.3492456 -0.9353693 -0.05578315 0.361097 -0.9308441 -0.05602234 0.6307551 -0.7754679 -0.02824288 0.6198573 -0.7842091 -0.02816152 0.9334267 -0.3579739 0.02385807 0.9032478 -0.4284383 0.02416718 0.997963 -0.00612992 0.0635007 0.9963055 0.05935639 0.06206572 0.9225606 0.3767378 0.08336949 0.9358003 0.3421182 0.0850476 0.6427983 0.7592213 0.1019481 0.6067012 0.7889235 0.0975368 0.3748059 0.9222171 0.09505891 0.3609257 0.9279263 0.09319692 -0.1444844 0.9870863 0.06917315 -0.09631091 0.9923424 0.07733565 -0.4547845 0.8892707 0.04866993 -0.5037416 0.8630216 0.0379225 -0.8063861 0.5913883 -0.001151919 -0.8230548 0.5679184 -0.007032155 -0.9807641 0.1896113 -0.04636287 -0.973555 -0.2282177 -0.01036506 -0.9742342 0.2232294 0.03219097 -0.9717615 -0.2356674 -0.01185446 -0.8444666 -0.53404 -0.04095834 -0.7848349 -0.6168373 -0.0595498 -0.5145328 -0.8533537 -0.08392447 -0.4971185 -0.8633096 -0.08700412 -0.07361406 -0.9920206 -0.1023529 -0.133235 -0.9864751 -0.09547501 0.3619967 -0.9274575 -0.09370785 0.3118861 -0.9458604 -0.08986294 0.6210892 -0.7799893 -0.07658356 0.6436987 -0.7613059 -0.07788056 0.9052459 -0.4221755 -0.04793721 0.9230886 -0.3814976 -0.0486502 0.9978317 0.06544667 -0.006994307 0.9998179 0.0178157 -0.006848037 0.9373616 0.3474822 0.02468478 0.9234624 0.3829148 0.02436131 0.6074252 0.791683 0.06536602 0.6565147 0.7512946 0.06741684 0.3610897 0.9285191 0.08640933 0.2698439 0.9595366 0.08046066 -0.09653675 0.9915751 0.08636838 -0.03139483 0.9951989 0.0927022 -0.5049294 0.8591073 0.08355331 -0.5179027 0.8515563 0.08141756 -0.8248742 0.5624748 0.05661046 -0.8149668 0.5764366 0.05958247 -0.9837075 0.1782485 0.02338933 -0.971798 -0.2352737 -0.01597076 -0.9645534 0.2619832 0.03164917 -0.9776894 -0.2097753 -0.0108602 -0.7847859 -0.6176223 -0.05151706 -0.7833035 -0.6194657 -0.05194115 -0.4970542 -0.8642321 -0.07771915 -0.5184692 -0.8518941 -0.07393413 -0.1332044 -0.9869982 -0.08995127 -0.04885458 -0.9938189 -0.09968626 0.3118225 -0.945087 -0.0978651 0.228825 -0.9692021 -0.09103047 0.6437216 -0.7616397 -0.07434695 0.7224662 -0.6869114 -0.07871067 0.9230586 -0.3812788 -0.05088549 0.8892961 -0.454622 -0.04971128 0.9998298 0.01766818 -0.005315721 0.9997594 0.02127885 -0.00532633 0.9235164 0.3823943 0.02986669 0.9195503 0.3918414 0.02979111 0.6565073 0.7514029 0.06627303 0.6815252 0.7286999 0.06722921 0.2699518 0.9584306 0.09239625 0.2784637 0.9559374 0.09296131 -0.03134399 0.994586 0.09907758 -0.1678811 0.982102 0.08539021 -0.5179285 0.8520597 0.07579314 -0.4297162 0.8985382 0.08929222 -0.8149549 0.576262 0.06140619 -0.8419119 0.5369942 0.05311965 -0.9742903 0.2239938 0.02419167 -0.9774172 -0.2081611 -0.03639274 -0.9750608 0.2207305 -0.02311843 -0.9761309 -0.213989 -0.03711229 -0.7833926 -0.6199735 -0.04392009 -0.8067241 -0.5895738 -0.03999036 -0.5187941 -0.8539795 -0.03964716 -0.4995843 -0.8652667 -0.04158151 -0.04960829 -0.9982421 -0.03243076 -0.1106821 -0.9934552 -0.02821844 0.2279409 -0.9735166 -0.01756477 0.3620219 -0.931806 -0.0260387 0.7220803 -0.6917645 -0.007867634 0.6233096 -0.7819748 -8.63783e-4 0.8883999 -0.4587571 0.01696074 0.9261098 -0.3770679 0.01185268 0.9994702 0.01928675 0.02621668 0.9995058 -0.01358389 0.02835071 0.9194619 0.3912942 0.03845638 0.9154893 0.4005763 0.03765672 0.681822 0.7303697 0.0409758 0.6147879 0.7880315 0.03228646 0.2791228 0.9598479 0.02797561 0.3449862 0.9379261 0.03576475 -0.1671198 0.985684 0.02231788 -0.1032729 0.9941858 0.03048872 -0.4289767 0.9031319 0.01821696 -0.4743974 0.8802381 0.01131862 -0.8410526 0.540864 -0.009838938 -0.8122766 0.5832657 -0.002810537 -0.9640773 0.2650759 -0.01702421 -0.9760181 -0.2138786 -0.04055535 -0.9706709 0.2389759 -0.0262382 -0.9847459 -0.1703945 -0.03523391 -0.8066333 -0.589479 -0.04309827 -0.7755385 -0.6294534 -0.04825723 -0.4994046 -0.8650685 -0.0474497 -0.4882297 -0.8713654 -0.04852223 -0.1103001 -0.9930433 -0.04122012 -0.1460669 -0.9885157 -0.03874629 0.3619147 -0.9319497 -0.02208167 0.3282362 -0.9443818 -0.02010405 0.6234833 -0.7818104 -0.006416141 0.6533235 -0.7570319 -0.008441329 0.9261236 -0.3770514 0.01129013 0.929925 -0.3675927 0.01073127 0.9996291 -0.01344001 0.02368682 0.9975819 -0.06409978 0.02686148 0.9154608 0.4005454 0.03866738 0.9037071 0.4266039 0.0363698 0.614618 0.7878617 0.03897106 0.6446619 0.7632696 0.04278445 0.3448854 0.9378228 0.03927475 0.2880491 0.9570649 0.03247338 -0.1030213 0.9944342 0.02207297 -0.08183282 0.996338 0.02477884 -0.4743398 0.8802901 0.009544134 -0.5133731 0.8581588 0.003401517 -0.8119283 0.5835917 -0.01390045 -0.8036939 0.5949226 -0.01197266 -0.9748747 0.2208984 -0.02869391 -0.9827409 -0.1673187 -0.07889765 -0.9839408 0.1735024 -0.04192155 -0.9686804 -0.2310103 -0.09106445 -0.7718757 -0.6239584 -0.1220005 -0.7983588 -0.5908775 -0.1161336 -0.4845142 -0.8654453 -0.1274777 -0.4987501 -0.857539 -0.1259969 -0.1424791 -0.9826538 -0.118707 -0.1724268 -0.9780231 -0.1172172 0.3310489 -0.9399026 -0.08360558 0.312233 -0.9463211 -0.08358907 0.6548091 -0.7545843 -0.04275107 0.6752502 -0.7363864 -0.04209887 0.9298425 -0.3677365 0.01275551 0.9292491 -0.3692357 0.01270574 0.9966114 -0.06569135 0.04950201 0.9978426 -0.04261821 0.04993879 0.9013521 0.4226338 0.0945782 0.9198033 0.3806142 0.09536778 0.6412742 0.7579094 0.1197535 0.6286231 0.7686095 0.1186276 0.2843595 0.9514195 0.1180703 0.2976915 0.9471307 0.1196795 -0.08526021 0.9911512 0.1017351 -0.0524187 0.9928862 0.106908 -0.5161841 0.8540581 0.06433296 -0.5454586 0.836167 0.05744463 -0.8050096 0.5930554 0.01564741 -0.7727434 0.6341503 0.02685689 -0.9706044 0.2390789 -0.02772337 -0.9689517 -0.2314631 -0.08693492 -0.9790773 0.1993033 -0.04106026 -0.986702 -0.1463104 -0.07079893 -0.798859 -0.5917837 -0.10778 -0.8151839 -0.5698164 -0.1038491 -0.499314 -0.8585718 -0.1163624 -0.4761068 -0.8713257 -0.1188023 -0.1727078 -0.9785317 -0.1124626 -0.1026917 -0.9879428 -0.1158595 0.3124293 -0.9459582 -0.08689808 0.340772 -0.9361201 -0.08691155 0.6754481 -0.7359951 -0.04561948 0.6755431 -0.735908 -0.04561614 0.9294577 -0.368821 0.008931398 0.896503 -0.442994 0.006217002 0.9975359 -0.04319721 0.05528312 0.9984252 -0.001687705 0.05607354 0.9199544 0.3808931 0.09276127 0.8853422 0.4558713 0.09138274 0.6290734 0.7694552 0.1104778 0.6920316 0.7125656 0.1155107 0.2977996 0.9473302 0.1178177 0.3086674 0.9436862 0.1190832 -0.05221569 0.993276 0.1033274 -0.1159197 0.9888687 0.09328049 -0.5451181 0.8367568 0.05181056 -0.4821278 0.873601 0.06613665 -0.7725385 0.6345415 0.02327066 -0.8220078 0.5694481 0.005669891 -0.9836518 0.1739886 -0.04644697 -0.9881297 -0.1533977 0.008305013 -0.9867026 0.1592059 0.03273218 -0.9847404 -0.1739358 0.005717694 -0.816286 -0.5768865 -0.02965062 -0.7977821 -0.6020202 -0.03339976 -0.4766511 -0.876894 -0.06213617 -0.5070856 -0.8599007 -0.05861091 -0.10287 -0.9916254 -0.07808256 -0.1209204 -0.9896918 -0.0767368 0.3407645 -0.9364749 -0.08303284 0.3825283 -0.9200606 -0.08462071 0.6756708 -0.7332143 -0.07658952 0.6671934 -0.740944 -0.07651811 0.897273 -0.4376444 -0.05803889 0.9014036 -0.4290953 -0.05786979 0.9996432 0.005499243 -0.02614188 0.9996333 -0.005444765 -0.02652853 0.8862354 0.4630613 0.01269072 0.8930477 0.4497985 0.01212978 0.6929371 0.7200088 0.03775626 0.6892333 0.7235477 0.03789967 0.3090018 0.9489034 0.0640344 0.2797278 0.9579371 0.06410086 -0.1158577 0.990388 0.07555609 -0.06678193 0.9948019 0.07687401 -0.4821816 0.8727139 0.07662504 -0.4984289 0.8636382 0.0754854 -0.8228244 0.5651775 0.05945187 -0.7833501 0.618118 0.0655207 -0.9805619 0.1927505 0.03668516 -0.9837712 -0.1701257 -0.05702298 -0.9794361 0.1964561 -0.04593557 -0.9869553 -0.1512776 -0.05508559 -0.7975435 -0.6003462 -0.0592361 -0.795772 -0.6026708 -0.05945491 -0.5071083 -0.8602477 -0.05305916 -0.5164002 -0.8547382 -0.05247431 -0.1209483 -0.9919572 -0.03731608 -0.08016514 -0.9960261 -0.03880125 0.3823557 -0.923909 -0.01401144 0.3600382 -0.9328409 -0.01343727 0.6666724 -0.7453173 0.007071793 0.6421031 -0.7665784 0.007830858 0.9004917 -0.4338219 0.03022247 0.9028383 -0.4289293 0.03004384 0.9988444 -0.009723544 0.0470677 0.9972933 0.05931854 0.04344546 0.8928743 0.4475256 0.04996401 0.9152267 0.3993296 0.05381423 0.6891946 0.7226809 0.05237674 0.6688575 0.7417246 0.04974323 0.279713 0.9593562 0.03736734 0.3484942 0.9361953 0.04571741 -0.0667178 0.9973933 0.02748847 -0.1114857 0.9935309 0.02162081 -0.4978811 0.8672451 -7.58287e-4 -0.5487967 0.8359084 -0.008906245 -0.7821187 0.6225674 -0.02646189 -0.7818511 0.6229059 -0.02640306 -0.9852373 0.1637862 -0.04981452 -0.9870501 -0.1513311 -0.05320733 -0.9889927 0.1408753 -0.04525017 -0.9854944 -0.1608331 -0.05416274 -0.7958543 -0.6027229 -0.05780398 -0.777241 -0.6263372 -0.05998635 -0.5162999 -0.8546755 -0.0544458 -0.5516071 -0.8324725 -0.05214565 -0.08032 -0.9961406 -0.03539329 -0.03734314 -0.9986208 -0.03690671 0.3601884 -0.9327261 -0.01692599 0.2945172 -0.9555256 -0.0151872 0.6421981 -0.7665174 0.005727648 0.6606433 -0.7506826 0.005107641 0.9030627 -0.4287855 0.02492159 0.9146147 -0.4036156 0.0239672 0.9974095 0.05939656 0.04057759 0.9989287 -0.01346409 0.04427528 0.9153158 0.3993825 0.05187284 0.9140636 0.4022688 0.05165028 0.6688488 0.7417212 0.04991054 0.6965665 0.7155001 0.05342954 0.3485814 0.9362543 0.043805 0.2882192 0.956867 0.03654038 -0.11139 0.9935858 0.01948642 -0.1182031 0.992815 0.01861041 -0.5489743 0.8358234 -0.005147516 -0.4692643 0.8830297 0.007042288 -0.7824207 0.6225876 -0.01423275 -0.8121417 0.583096 -0.02061313 -0.979781 0.1962646 -0.03885287 -0.9858512 -0.1612169 -0.04589843 -0.975353 0.2206029 -0.004589319 -0.9853004 -0.1642621 -0.04691648 -0.7756932 -0.6246424 -0.09012234 -0.7904285 -0.6068389 -0.08348387 -0.5493023 -0.8295815 -0.100308 -0.4780676 -0.8699946 -0.1206686 -0.03402727 -0.9920964 -0.1207761 -0.132134 -0.9859821 -0.1018827 0.2968477 -0.9510302 -0.08615767 0.3080573 -0.9472903 -0.08798807 0.6623219 -0.7470402 -0.05710369 0.6867306 -0.7243284 -0.06123292 0.9157145 -0.4012798 -0.02101832 0.916574 -0.3992999 -0.02125275 0.9996916 -0.01242357 0.02150589 0.9992572 -0.03049278 0.02356654 0.9134277 0.4015704 0.06626617 0.8890442 0.4541202 0.05809849 0.6954271 0.7141565 0.0797609 0.7033307 0.706151 0.08171135 0.2857822 0.9535477 0.09526515 0.2652198 0.959946 0.09034502 -0.1205559 0.9893116 0.08203005 -0.1069042 0.9905649 0.08574831 -0.4710643 0.8798645 0.06274533 -0.4317324 0.8987743 0.07623624 -0.8137063 0.5804833 0.03035575 -0.8389721 0.5439647 0.01511418 -0.989582 0.140298 -0.03231287 -0.9846267 -0.1624699 -0.06413948 -0.9821279 0.186069 -0.02833896 -0.9886236 -0.1393675 -0.05657035 -0.7899285 -0.6051877 -0.09879738 -0.810617 -0.5787559 -0.08911657 -0.4784296 -0.871249 -0.1096836 -0.4597211 -0.8806177 -0.1147563 -0.1317225 -0.9844607 -0.1161308 -0.06391036 -0.9894996 -0.1296386 0.3086991 -0.9442617 -0.1143444 0.250036 -0.9625755 -0.1045496 0.6868821 -0.7235863 -0.06794112 0.7083136 -0.7022479 -0.0716933 0.916785 -0.3978921 -0.03445965 0.8827167 -0.4691966 -0.02580636 0.9992898 -0.03035974 0.02232271 0.999819 -0.001322388 0.01897972 0.8889626 0.4536883 0.06254994 0.8850792 0.4613769 0.06136929 0.7033371 0.7061874 0.08134168 0.6858012 0.7236745 0.07727932 0.2652363 0.9599995 0.0897271 0.2741456 0.9573048 0.09171539 -0.1068671 0.9906744 0.08452051 -0.04515647 0.9939608 0.1000145 -0.4318296 0.8984575 0.07935595 -0.483529 0.8731104 0.06227356 -0.8391208 0.5436248 0.01867115 -0.8348892 0.5500107 0.02117538 -0.9749605 0.2217817 -0.016285 -0.988722 -0.1395996 -0.05423039 -0.9857398 0.1665704 -0.02390432 -0.973339 -0.215586 -0.07832002 -0.8097274 -0.576512 -0.1094326 -0.8172458 -0.5664708 -0.1059263 -0.4592703 -0.8791868 -0.1268907 -0.4929028 -0.8620348 -0.1180802 -0.06422078 -0.9908197 -0.1189627 -0.1095318 -0.987834 -0.1103948 0.2498999 -0.9632631 -0.09835791 0.3329738 -0.9362702 -0.1119221 0.7083756 -0.7015022 -0.07809478 0.6823238 -0.7273161 -0.07379412 0.8829985 -0.4674107 -0.04290503 0.9078665 -0.4163725 -0.04911589 0.9999841 0.001100122 -0.00554955 0.9976332 -0.06872648 0.002180337 0.8852282 0.4622989 0.05148774 0.8933716 0.4460732 0.05390536 0.6858412 0.7238 0.07573348 0.6626683 0.7455792 0.07058656 0.2743848 0.9581819 0.08124363 0.2855156 0.9547178 0.08363604 -0.04457426 0.9959059 0.0786423 -0.06031191 0.9953736 0.07479393 -0.4831328 0.8740574 0.05105483 -0.4668239 0.8825531 0.05635195 -0.8345963 0.5506922 0.01368767 -0.8125984 0.5822522 0.02581518 -0.9825623 0.1850699 -0.01790189 -0.9735281 -0.2159261 -0.07495933 -0.9727369 0.229602 -0.03264796 -0.9816213 -0.1797419 -0.06412845 -0.8176746 -0.5674794 -0.09682697 -0.8019934 -0.5882549 -0.1037442 -0.4927787 -0.8616264 -0.1215293 -0.5247555 -0.8436926 -0.1132009 -0.1093891 -0.9871895 -0.1161504 -0.1233447 -0.9858483 -0.1135306 0.3326922 -0.9380235 -0.09709769 0.3713877 -0.9227479 -0.1029925 0.682349 -0.7270708 -0.07594764 0.662573 -0.7454431 -0.07288074 0.9078373 -0.4178157 -0.03551697 0.8926318 -0.4496546 -0.0319246 0.9975847 -0.06914752 0.006594121 0.9998368 0.01784908 -0.002801954 0.8935047 0.4476386 0.03562468 0.9177367 0.3948692 0.04286807 0.6626853 0.745668 0.06948041 0.6734993 0.7356948 0.07177788 0.2855354 0.9548096 0.08251261 0.2684502 0.9600517 0.07896411 -0.06028258 0.9954533 0.07374817 -0.06440687 0.9952664 0.07277768 -0.4666509 0.8829522 0.05130761 -0.5119161 0.858239 0.03698408 -0.8116568 0.5841253 0.00330913 -0.8430494 0.5376643 -0.01360064 -0.9842717 0.1690437 -0.05132001 -0.9812231 -0.1790032 -0.07182842 -0.9834157 0.1770007 -0.03955239 -0.986349 -0.151695 -0.06406527 -0.8021909 -0.5887183 -0.09950196 -0.7926827 -0.6008121 -0.1033387 -0.5245442 -0.8430665 -0.1187116 -0.4873488 -0.8637927 -0.1278796 -0.1228893 -0.9839011 -0.1297573 -0.1628281 -0.9790151 -0.1225429 0.3714077 -0.9226248 -0.1040198 0.379559 -0.9191703 -0.1051715 0.6626544 -0.7444379 -0.08186215 0.6197376 -0.7811541 -0.07565498 0.8927007 -0.4489487 -0.03912299 0.9080608 -0.4166597 -0.04266506 0.9998435 0.01767379 -8.36662e-4 0.9994892 0.03187954 -0.002256333 0.9177904 0.3960089 0.02894467 0.8991322 0.4370379 0.02365195 0.6737139 0.7375864 0.04556119 0.7125396 0.6995928 0.05345439 0.268706 0.9609584 0.06600189 0.2491862 0.9664593 0.06214976 -0.06399434 0.9963126 0.05714845 -0.03954237 0.9972553 0.06259733 -0.5119485 0.8581848 0.0377835 -0.5181145 0.8545577 0.03589886 -0.8437606 0.5367196 -5.8592e-4 -0.8222422 0.5690433 0.01037818 -0.9731476 0.2288938 -0.02432161 -0.9865056 -0.1519909 -0.06087464 -0.972582 0.2310066 -0.02684009 -0.9886853 -0.1386393 -0.05727535 -0.7931424 -0.6018666 -0.09317684 -0.7681269 -0.6320683 -0.1023269 -0.4878622 -0.8652428 -0.115522 -0.5342787 -0.8387904 -0.1047709 -0.1632239 -0.9805895 -0.1086373 -0.08711755 -0.9887676 -0.1214466 0.3795378 -0.9193667 -0.1035173 0.3430561 -0.9341074 -0.09877318 0.619773 -0.780802 -0.07892757 0.6292845 -0.7730233 -0.08022594 0.9080595 -0.4166319 -0.04296183 0.9108 -0.410543 -0.04356658 0.9994866 0.031924 -0.00274986 0.9991008 0.04223805 -0.003694474 0.899165 0.4366647 0.02874726 0.9173099 0.3967702 0.03340595 0.7125261 0.6995206 0.05456751 0.6955124 0.7166812 0.05128967 0.2491751 0.9664363 0.06255114 0.2309356 0.9711676 0.05918037 -0.03935205 0.9977055 0.05509215 -0.01396328 0.9980787 0.06036585 -0.5180922 0.8545956 0.03531235 -0.533046 0.8455196 0.0309633 -0.821811 0.5697602 4.23278e-4 -0.8359337 0.548794 -0.006322503 -0.9832996 0.1771699 -0.04162651 -0.989721 -0.1420318 -0.01671546 -0.9806858 0.1952425 0.01164674 -0.9604901 -0.2661663 -0.08132988 -0.767915 -0.6316119 -0.1066439 -0.8470528 -0.5294481 -0.04675894 -0.5352379 -0.8421496 -0.06560862 -0.5171119 -0.8526497 -0.07472485 -0.08820211 -0.9931216 -0.07700657 -0.05291199 -0.9944811 -0.09059709 0.3426906 -0.9362919 -0.07694655 0.268981 -0.9618332 -0.05026 0.6281734 -0.7776183 -0.02661246 0.6758468 -0.7355358 -0.04709893 0.9105635 -0.4130885 -0.0152347 0.925749 -0.3771584 -0.02721154 0.9991094 0.04117888 0.009204864 0.9979887 -0.05121392 0.0373615 0.9164582 0.3935284 0.07238751 0.9046298 0.4216088 0.06237769 0.6950004 0.7143573 0.08165967 0.6617497 0.746919 0.06480312 0.2306796 0.9702584 0.0733875 0.2999005 0.9484396 0.1025776 -0.01485157 0.9949578 0.0991891 -0.06457328 0.9949222 0.07720333 -0.5337442 0.8439534 0.05347907 -0.5511203 0.8332928 0.04347079 -0.8367469 0.5474324 0.0131275 -0.7725603 0.6314832 0.0661801 -0.9736308 0.2263902 0.02811938 -0.9611269 -0.2675756 -0.06810587 -0.9643941 0.2633721 -0.02406805 -0.9764826 -0.207786 -0.05750417 -0.8465411 -0.5260888 -0.08123427 -0.8012784 -0.5909485 -0.09344941 -0.5166188 -0.8493128 -0.1085034 -0.5138977 -0.850913 -0.1088864 -0.05266749 -0.9925429 -0.1099315 -0.1032814 -0.9889993 -0.1058943 0.2697337 -0.9582374 -0.09500002 0.3480412 -0.9322252 -0.09911334 0.6762137 -0.7329019 -0.07476526 0.6493466 -0.7568948 -0.0738874 0.9258012 -0.3763013 -0.03590857 0.8959847 -0.4426965 -0.03509157 0.9988643 -0.04764467 -2.5513e-4 0.9963847 0.08492785 -0.002232909 0.9048222 0.425081 0.02455359 0.9283514 0.3707742 0.02627038 0.6617307 0.7479805 0.05135756 0.6362673 0.769887 0.04937577 0.3002796 0.9521383 0.05713969 0.3440278 0.9369544 0.06133157 -0.06427776 0.9963303 0.05652046 -0.1225555 0.99125 0.0490266 -0.5505545 0.8343709 0.02674138 -0.4608611 0.8864243 0.04311698 -0.7714933 0.6360667 0.01474231 -0.8325945 0.553871 -0.003666877 -0.9792038 0.1996294 -0.03616791 -0.9766117 -0.2081779 -0.05377465 -0.9786167 0.2056894 0.001216888 -0.9819473 -0.1840407 -0.04368948 -0.8010184 -0.5901201 -0.1006373 -0.8354935 -0.5438843 -0.07836323 -0.5134562 -0.8490571 -0.1243571 -0.4885685 -0.862175 -0.1339973 -0.1024687 -0.9824141 -0.1560854 -0.0667752 -0.9838529 -0.1660557 0.3478376 -0.9230812 -0.1641047 0.2665324 -0.9528418 -0.1450963 0.6488751 -0.750582 -0.1248512 0.675318 -0.7257774 -0.1311214 0.8948691 -0.4357454 -0.09661918 0.8924582 -0.4408358 -0.0958231 0.9957931 0.08733397 -0.0277304 0.9992808 0.03153771 -0.02105671 0.9283391 0.3709086 0.0247668 0.9064007 0.4220517 0.01761227 0.6363181 0.7684285 0.06794947 0.6815149 0.7276937 0.07745516 0.3435595 0.932679 0.1098946 0.3354039 0.9358488 0.108127 -0.1235527 0.9848122 0.1219834 -0.1044964 0.9863757 0.1270577 -0.461818 0.8790194 0.1185287 -0.5708141 0.817431 0.07731682 -0.834142 0.5495471 0.04696214 -0.8057126 0.5887364 0.06493729 -0.9656172 0.2589161 0.02336221 -0.9820168 -0.1883436 -0.01302629 -0.9727704 0.227344 0.0450831 -0.9715118 -0.234779 -0.03230839 -0.8354938 -0.5438985 -0.07826054 -0.8263253 -0.5568273 -0.08443945 -0.4885796 -0.862205 -0.1337634 -0.4880979 -0.8624507 -0.133938 -0.06666934 -0.9850384 -0.1589168 -0.07718169 -0.9847339 -0.1560199 0.2662547 -0.9508786 -0.1579191 0.2706441 -0.949464 -0.1589657 0.675181 -0.7251074 -0.1354616 0.6938386 -0.7064381 -0.1397615 0.8920347 -0.4393066 -0.1062249 0.8974468 -0.427725 -0.1078919 0.9983742 0.03480774 -0.04513883 0.998545 0.03023785 -0.04465126 0.906178 0.4227181 0.012286 0.8988822 0.4380668 0.01040601 0.6808038 0.7303549 0.05557048 0.6802421 0.7308862 0.05546426 0.3349723 0.9378517 0.09070765 0.2902908 0.9534258 0.08191895 -0.104974 0.9899516 0.0947439 -0.05506581 0.9927536 0.1068093 -0.5708972 0.8158295 0.09218811 -0.4874819 0.8645802 0.1219123 -0.8056138 0.5857357 0.08888232 -0.8145276 0.574067 0.08361732 -0.9789149 0.201321 0.03457641 -0.9713686 -0.2322389 -0.0500828 -0.9858702 0.1674901 0.002663433 -0.9703591 -0.2360927 -0.05160951 -0.8262456 -0.5549573 -0.0966472 -0.8222317 -0.5604445 -0.09918171 -0.488138 -0.860571 -0.1453929 -0.5056774 -0.8514754 -0.138853 -0.07732152 -0.9834045 -0.1641251 -0.1385341 -0.9793674 -0.1471325 0.2708361 -0.9506925 -0.1511009 0.3254629 -0.9312198 -0.1640233 0.6938064 -0.7063389 -0.1404216 0.6370494 -0.7601966 -0.1275503 0.8981937 -0.4305368 -0.0888049 0.9280874 -0.3590623 -0.09863102 0.9983837 0.03067106 -0.0478475 0.9980693 0.03861236 -0.04865121 0.8986812 0.4385542 0.006504833 0.9266898 0.3755869 0.01344007 0.6805747 0.7298367 0.0644719 0.6725837 0.7373262 0.06309747 0.2907868 0.9517077 0.09846532 0.3419784 0.9335346 0.1075361 -0.05479007 0.9909796 0.1223013 -0.1649996 0.9814931 0.09719383 -0.4877579 0.8684729 0.08858394 -0.4709488 0.8771498 0.09389126 -0.8145502 0.5769324 0.06047356 -0.7907617 0.6076893 0.07355165 -0.9728763 0.2297849 0.0266633 -0.970841 -0.2393809 -0.01283347 -0.9688112 0.2473458 0.01499933 -0.9738363 -0.2269736 -0.01121908 -0.8229599 -0.5669882 -0.03551596 -0.7659186 -0.641178 -0.04753679 -0.5055799 -0.8600959 -0.06800085 -0.5176351 -0.8530275 -0.06631731 -0.1371622 -0.9867628 -0.08652067 -0.1070814 -0.9902006 -0.08964592 0.3284235 -0.9391663 -0.1005221 0.2897905 -0.9521185 -0.09742701 0.6386076 -0.7632405 -0.09820616 0.6781463 -0.7279673 -0.1009024 0.9288258 -0.3600612 -0.08739978 0.9048846 -0.4168815 -0.08598667 0.9972453 0.03964889 -0.06269049 0.9978601 0.01888447 -0.06259846 0.9244302 0.3792753 -0.03973722 0.9329512 0.3578036 -0.03973442 0.6700305 0.7422697 -0.009738266 0.5977116 0.8016499 -0.009914696 0.3389497 0.940781 0.006656944 0.3742832 0.9272863 0.007234215 -0.1668116 0.9855955 0.02784788 -0.09027129 0.9954404 0.03081548 -0.4722254 0.8807332 0.03622579 -0.5386546 0.841949 0.03119647 -0.7914171 0.6107165 0.02616274 -0.8063505 0.5909548 0.02389967 -0.9858928 0.1672805 0.005726575 -0.9691335 -0.2185966 -0.1140001 -0.9795856 0.1864626 -0.07512497 -0.9736285 -0.1999229 -0.1099017 -0.7625375 -0.6310537 -0.142506 -0.8132135 -0.5676422 -0.1283205 -0.5163342 -0.8443257 -0.1432245 -0.5539867 -0.821195 -0.1368858 -0.1072876 -0.9850713 -0.1346256 -0.1117573 -0.984633 -0.1341944 0.2894425 -0.9503882 -0.1139541 0.3130257 -0.9427059 -0.1154145 0.6788691 -0.7300274 -0.07871955 0.6692489 -0.7389007 -0.07830619 0.9064409 -0.420717 -0.03690963 0.9276473 -0.3715012 -0.03817653 0.9998908 0.01439279 0.00336337 0.9992376 0.03895705 0.00257045 0.9349396 0.3534832 0.03062421 0.9259719 0.3764619 0.02919793 0.5993955 0.7983997 0.05729818 0.6645998 0.7443099 0.06565046 0.3754234 0.92418 0.07034659 0.3300781 0.9418079 0.06361061 -0.09013181 0.9946644 0.0501908 -0.07187789 0.9959748 0.05355066 -0.5385072 0.8424209 0.01835703 -0.5572654 0.8302255 0.0134589 -0.8051304 0.5927578 -0.02008688 -0.7980226 0.6023799 -0.01727592 -0.9660249 0.2515166 -0.05945813 -0.974817 -0.2014231 -0.09571164 -0.9549654 0.2931079 -0.04614156 -0.9743413 -0.2035111 -0.09613692 -0.8134735 -0.5680622 -0.1247648 -0.7861291 -0.6037806 -0.1320984 -0.5535861 -0.8203403 -0.1434725 -0.5280247 -0.8363384 -0.1474044 -0.1112654 -0.983238 -0.144441 -0.06754857 -0.9867004 -0.1478502 0.3133512 -0.9411196 -0.1269059 0.323277 -0.9377003 -0.1273192 0.6694622 -0.7369996 -0.09301704 0.6443884 -0.7590861 -0.09247612 0.9276598 -0.3709707 -0.04275649 0.907433 -0.4180413 -0.04250556 0.9992358 0.03863263 0.005955874 0.9965086 0.08332049 0.005331516 0.9259713 0.3763077 0.03114068 0.9251658 0.3782905 0.03106176 0.6647709 0.7449918 0.05538004 0.6902773 0.7212151 0.05801773 0.3300677 0.941805 0.06370824 0.2644526 0.9628125 0.05529153 -0.0714606 0.9964526 0.04444831 -0.04496389 0.9977989 0.04874175 -0.5570816 0.8303859 0.01092785 -0.5347547 0.8448519 0.01620674 -0.7979472 0.602451 -0.01825332 -0.8191877 0.5729313 -0.02610146 -0.9800553 0.1860044 -0.06995737 -0.9734575 -0.2023891 -0.1068613 -0.9624159 0.2645249 -0.06149977 -0.973746 -0.2011199 -0.1066282 -0.7857879 -0.6032103 -0.1366556 -0.8143969 -0.5655884 -0.1298753 -0.5282152 -0.8367772 -0.1441972 -0.4581689 -0.8756857 -0.1524989 -0.06763327 -0.9869636 -0.1460437 -0.1152309 -0.9829536 -0.1432628 0.3230903 -0.9386203 -0.1208493 0.3389238 -0.9329768 -0.1211816 0.6444005 -0.7591323 -0.09201228 0.6418982 -0.7612496 -0.09201121 0.9074452 -0.4173208 -0.0488525 0.9175631 -0.3946102 -0.0485897 0.9964914 0.08368623 0.001269519 0.9989468 -0.04587841 7.58072e-4 0.9251349 0.3777979 0.03733986 0.8851969 0.4638865 0.03515368 0.6903445 0.7216219 0.05182904 0.6925194 0.7195226 0.05200093 0.2643813 0.9627013 0.05752176 0.3249417 0.9435653 0.06401115 -0.04514193 0.9975618 0.05322313 -0.1099429 0.9929667 0.04392874 -0.5345575 0.8450354 0.0127834 -0.5217268 0.8529727 0.01545172 -0.8194299 0.5727154 -0.02306228 -0.8183996 0.5742009 -0.02271074 -0.9542343 0.2938833 -0.0554043 -0.9509379 -0.1843681 -0.2484464 -0.7939932 -0.5418803 -0.2755734 -0.4447552 -0.8479452 -0.2884123 -0.1074833 -0.9529434 -0.2834545 0.3389343 -0.9041123 -0.2602009 0.6366846 -0.7351353 -0.2328279 0.9074894 -0.3747254 -0.1898527 0.9872669 -0.03056722 -0.1561082 0.8756558 0.4694119 -0.1134875 0.6864346 0.7207054 -0.0969088 0.3253958 0.9409879 -0.09305667 -0.1019341 0.9891062 -0.1062004 -0.5066019 0.8517494 -0.1337071 -0.7984757 0.5778709 -0.1688252 -0.9401586 0.2732164 -0.2036044</float_array>
          <technique_common>
            <accessor source="#AG16_3_001-mesh-normals-array" count="1305" stride="3">
              <param name="X" type="float"/>
              <param name="Y" type="float"/>
              <param name="Z" type="float"/>
            </accessor>
          </technique_common>
        </source>
        <source id="AG16_3_001-mesh-map-0">
          <float_array id="AG16_3_001-mesh-map-0-array" count="7830">2 1 2 1.022222 1.866667 1 0 1 0.1333333 1.022222 0 1.022222 1.866667 1 2 1.022222 1.866667 1.022222 1.866667 1 1.866667 1.022222 1.733333 1 1.733333 1 1.866667 1.022222 1.733333 1.022222 1.733333 1 1.733333 1.022222 1.6 1 1.6 1 1.733333 1.022222 1.6 1.022222 1.6 1 1.6 1.022222 1.466667 1 1.466667 1 1.6 1.022222 1.466667 1.022222 1.466667 1 1.466667 1.022222 1.333333 1 1.333333 1 1.466667 1.022222 1.333333 1.022222 1.333333 1 1.333333 1.022222 1.2 1 1.2 1 1.333333 1.022222 1.2 1.022222 1.2 1 1.2 1.022222 1.066667 1 1.066667 1 1.2 1.022222 1.066667 1.022222 1.066667 1 1.066667 1.022222 0.9333334 1 0.9333334 1 1.066667 1.022222 0.9333334 1.022222 0.9333334 1 0.9333334 1.022222 0.8000001 1 0.8000001 1 0.9333334 1.022222 0.8000001 1.022222 0.8000001 1 0.8000001 1.022222 0.6666667 1 0.6666667 1 0.8000001 1.022222 0.6666667 1.022222 0.6666667 1 0.6666667 1.022222 0.5333334 1 0.5333334 1 0.6666667 1.022222 0.5333334 1.022222 0.5333334 1 0.5333334 1.022222 0.4 1 0.4 1 0.5333334 1.022222 0.4 1.022222 0.4 1 0.4 1.022222 0.2666667 1 0.2666667 1 0.4 1.022222 0.2666667 1.022222 0.2666667 1 0.2666667 1.022222 0.1333333 1 0.1333333 1 0.2666667 1.022222 0.1333333 1.022222 0.1333333 1 0.1333333 1.022222 0 1 2 1.022222 2 1.044444 1.866667 1.022222 0 1.022222 0.1333333 1.044444 0 1.044444 1.866667 1.022222 2 1.044444 1.866667 1.044444 1.866667 1.022222 1.866667 1.044444 1.733333 1.022222 1.733333 1.022222 1.866667 1.044444 1.733333 1.044444 1.733333 1.022222 1.733333 1.044444 1.6 1.022222 1.6 1.022222 1.733333 1.044444 1.6 1.044444 1.6 1.022222 1.6 1.044444 1.466667 1.022222 1.466667 1.022222 1.6 1.044444 1.466667 1.044444 1.466667 1.022222 1.466667 1.044444 1.333333 1.022222 1.333333 1.022222 1.466667 1.044444 1.333333 1.044444 1.333333 1.022222 1.333333 1.044444 1.2 1.022222 1.2 1.022222 1.333333 1.044444 1.2 1.044444 1.2 1.022222 1.2 1.044444 1.066667 1.022222 1.066667 1.022222 1.2 1.044444 1.066667 1.044444 1.066667 1.022222 1.066667 1.044444 0.9333334 1.022222 0.9333334 1.022222 1.066667 1.044444 0.9333334 1.044444 0.9333334 1.022222 0.9333334 1.044444 0.8000001 1.022222 0.8000001 1.022222 0.9333334 1.044444 0.8000001 1.044444 0.8000001 1.022222 0.8000001 1.044444 0.6666667 1.022222 0.6666667 1.022222 0.8000001 1.044444 0.6666667 1.044444 0.6666667 1.022222 0.6666667 1.044444 0.5333334 1.022222 0.5333334 1.022222 0.6666667 1.044444 0.5333334 1.044444 0.5333334 1.022222 0.5333334 1.044444 0.4 1.022222 0.4 1.022222 0.5333334 1.044444 0.4 1.044444 0.4 1.022222 0.4 1.044444 0.2666667 1.022222 0.2666667 1.022222 0.4 1.044444 0.2666667 1.044444 0.2666667 1.022222 0.2666667 1.044444 0.1333333 1.022222 0.1333333 1.022222 0.2666667 1.044444 0.1333333 1.044444 0.1333333 1.022222 0.1333333 1.044444 0 1.022222 2 1.044444 2 1.066667 1.866667 1.044444 0 1.044444 0.1333333 1.066667 0 1.066667 1.866667 1.044444 2 1.066667 1.866667 1.066667 1.866667 1.044444 1.866667 1.066667 1.733333 1.044444 1.733333 1.044444 1.866667 1.066667 1.733333 1.066667 1.733333 1.044444 1.733333 1.066667 1.6 1.044444 1.6 1.044444 1.733333 1.066667 1.6 1.066667 1.6 1.044444 1.6 1.066667 1.466667 1.044444 1.466667 1.044444 1.6 1.066667 1.466667 1.066667 1.466667 1.044444 1.466667 1.066667 1.333333 1.044444 1.333333 1.044444 1.466667 1.066667 1.333333 1.066667 1.333333 1.044444 1.333333 1.066667 1.2 1.044444 1.2 1.044444 1.333333 1.066667 1.2 1.066667 1.2 1.044444 1.2 1.066667 1.066667 1.044444 1.066667 1.044444 1.2 1.066667 1.066667 1.066667 1.066667 1.044444 1.066667 1.066667 0.9333334 1.044444 0.9333334 1.044444 1.066667 1.066667 0.9333334 1.066667 0.9333334 1.044444 0.9333334 1.066667 0.8000001 1.044444 0.8000001 1.044444 0.9333334 1.066667 0.8000001 1.066667 0.8000001 1.044444 0.8000001 1.066667 0.6666667 1.044444 0.6666667 1.044444 0.8000001 1.066667 0.6666667 1.066667 0.6666667 1.044444 0.6666667 1.066667 0.5333334 1.044444 0.5333334 1.044444 0.6666667 1.066667 0.5333334 1.066667 0.5333334 1.044444 0.5333334 1.066667 0.4 1.044444 0.4 1.044444 0.5333334 1.066667 0.4 1.066667 0.4 1.044444 0.4 1.066667 0.2666667 1.044444 0.2666667 1.044444 0.4 1.066667 0.2666667 1.066667 0.2666667 1.044444 0.2666667 1.066667 0.1333333 1.044444 0.1333333 1.044444 0.2666667 1.066667 0.1333333 1.066667 0.1333333 1.044444 0.1333333 1.066667 0 1.044444 2 1.066667 2 1.088889 1.866667 1.066667 0 1.066667 0.1333333 1.088889 0 1.088889 1.866667 1.066667 2 1.088889 1.866667 1.088889 1.866667 1.066667 1.866667 1.088889 1.733333 1.066667 1.733333 1.066667 1.866667 1.088889 1.733333 1.088889 1.733333 1.066667 1.733333 1.088889 1.6 1.066667 1.6 1.066667 1.733333 1.088889 1.6 1.088889 1.6 1.066667 1.6 1.088889 1.466667 1.066667 1.466667 1.066667 1.6 1.088889 1.466667 1.088889 1.466667 1.066667 1.466667 1.088889 1.333333 1.066667 1.333333 1.066667 1.466667 1.088889 1.333333 1.088889 1.333333 1.066667 1.333333 1.088889 1.2 1.066667 1.2 1.066667 1.333333 1.088889 1.2 1.088889 1.2 1.066667 1.2 1.088889 1.066667 1.066667 1.066667 1.066667 1.2 1.088889 1.066667 1.088889 1.066667 1.066667 1.066667 1.088889 0.9333334 1.066667 0.9333334 1.066667 1.066667 1.088889 0.9333334 1.088889 0.9333334 1.066667 0.9333334 1.088889 0.8000001 1.066667 0.8000001 1.066667 0.9333334 1.088889 0.8000001 1.088889 0.8000001 1.066667 0.8000001 1.088889 0.6666667 1.066667 0.6666667 1.066667 0.8000001 1.088889 0.6666667 1.088889 0.6666667 1.066667 0.6666667 1.088889 0.5333334 1.066667 0.5333334 1.066667 0.6666667 1.088889 0.5333334 1.088889 0.5333334 1.066667 0.5333334 1.088889 0.4 1.066667 0.4 1.066667 0.5333334 1.088889 0.4 1.088889 0.4 1.066667 0.4 1.088889 0.2666667 1.066667 0.2666667 1.066667 0.4 1.088889 0.2666667 1.088889 0.2666667 1.066667 0.2666667 1.088889 0.1333333 1.066667 0.1333333 1.066667 0.2666667 1.088889 0.1333333 1.088889 0.1333333 1.066667 0.1333333 1.088889 0 1.066667 2 1.088889 2 1.111111 1.866667 1.088889 0 1.088889 0.1333333 1.111111 0 1.111111 1.866667 1.088889 2 1.111111 1.866667 1.111111 1.866667 1.088889 1.866667 1.111111 1.733333 1.088889 1.733333 1.088889 1.866667 1.111111 1.733333 1.111111 1.733333 1.088889 1.733333 1.111111 1.6 1.088889 1.6 1.088889 1.733333 1.111111 1.6 1.111111 1.6 1.088889 1.6 1.111111 1.466667 1.088889 1.466667 1.088889 1.6 1.111111 1.466667 1.111111 1.466667 1.088889 1.466667 1.111111 1.333333 1.088889 1.333333 1.088889 1.466667 1.111111 1.333333 1.111111 1.333333 1.088889 1.333333 1.111111 1.2 1.088889 1.2 1.088889 1.333333 1.111111 1.2 1.111111 1.2 1.088889 1.2 1.111111 1.066667 1.088889 1.066667 1.088889 1.2 1.111111 1.066667 1.111111 1.066667 1.088889 1.066667 1.111111 0.9333334 1.088889 0.9333334 1.088889 1.066667 1.111111 0.9333334 1.111111 0.9333334 1.088889 0.9333334 1.111111 0.8000001 1.088889 0.8000001 1.088889 0.9333334 1.111111 0.8000001 1.111111 0.8000001 1.088889 0.8000001 1.111111 0.6666667 1.088889 0.6666667 1.088889 0.8000001 1.111111 0.6666667 1.111111 0.6666667 1.088889 0.6666667 1.111111 0.5333334 1.088889 0.5333334 1.088889 0.6666667 1.111111 0.5333334 1.111111 0.5333334 1.088889 0.5333334 1.111111 0.4 1.088889 0.4 1.088889 0.5333334 1.111111 0.4 1.111111 0.4 1.088889 0.4 1.111111 0.2666667 1.088889 0.2666667 1.088889 0.4 1.111111 0.2666667 1.111111 0.2666667 1.088889 0.2666667 1.111111 0.1333333 1.088889 0.1333333 1.088889 0.2666667 1.111111 0.1333333 1.111111 0.1333333 1.088889 0.1333333 1.111111 0 1.088889 2 1.111111 2 1.133333 1.866667 1.111111 0 1.111111 0.1333333 1.133333 0 1.133333 1.866667 1.111111 2 1.133333 1.866667 1.133333 1.866667 1.111111 1.866667 1.133333 1.733333 1.111111 1.733333 1.111111 1.866667 1.133333 1.733333 1.133333 1.733333 1.111111 1.733333 1.133333 1.6 1.111111 1.6 1.111111 1.733333 1.133333 1.6 1.133333 1.6 1.111111 1.6 1.133333 1.466667 1.111111 1.466667 1.111111 1.6 1.133333 1.466667 1.133333 1.466667 1.111111 1.466667 1.133333 1.333333 1.111111 1.333333 1.111111 1.466667 1.133333 1.333333 1.133333 1.333333 1.111111 1.333333 1.133333 1.2 1.111111 1.2 1.111111 1.333333 1.133333 1.2 1.133333 1.2 1.111111 1.2 1.133333 1.066667 1.111111 1.066667 1.111111 1.2 1.133333 1.066667 1.133333 1.066667 1.111111 1.066667 1.133333 0.9333334 1.111111 0.9333334 1.111111 1.066667 1.133333 0.9333334 1.133333 0.9333334 1.111111 0.9333334 1.133333 0.8000001 1.111111 0.8000001 1.111111 0.9333334 1.133333 0.8000001 1.133333 0.8000001 1.111111 0.8000001 1.133333 0.6666667 1.111111 0.6666667 1.111111 0.8000001 1.133333 0.6666667 1.133333 0.6666667 1.111111 0.6666667 1.133333 0.5333334 1.111111 0.5333334 1.111111 0.6666667 1.133333 0.5333334 1.133333 0.5333334 1.111111 0.5333334 1.133333 0.4 1.111111 0.4 1.111111 0.5333334 1.133333 0.4 1.133333 0.4 1.111111 0.4 1.133333 0.2666667 1.111111 0.2666667 1.111111 0.4 1.133333 0.2666667 1.133333 0.2666667 1.111111 0.2666667 1.133333 0.1333333 1.111111 0.1333333 1.111111 0.2666667 1.133333 0.1333333 1.133333 0.1333333 1.111111 0.1333333 1.133333 0 1.111111 2 1.133333 2 1.155555 1.866667 1.133333 0 1.133333 0.1333333 1.155555 0 1.155555 1.866667 1.133333 2 1.155555 1.866667 1.155555 1.866667 1.133333 1.866667 1.155555 1.733333 1.133333 1.733333 1.133333 1.866667 1.155555 1.733333 1.155555 1.733333 1.133333 1.733333 1.155555 1.6 1.133333 1.6 1.133333 1.733333 1.155555 1.6 1.155555 1.6 1.133333 1.6 1.155555 1.466667 1.133333 1.466667 1.133333 1.6 1.155555 1.466667 1.155555 1.466667 1.133333 1.466667 1.155555 1.333333 1.133333 1.333333 1.133333 1.466667 1.155555 1.333333 1.155555 1.333333 1.133333 1.333333 1.155555 1.2 1.133333 1.2 1.133333 1.333333 1.155555 1.2 1.155555 1.2 1.133333 1.2 1.155555 1.066667 1.133333 1.066667 1.133333 1.2 1.155555 1.066667 1.155555 1.066667 1.133333 1.066667 1.155555 0.9333334 1.133333 0.9333334 1.133333 1.066667 1.155555 0.9333334 1.155555 0.9333334 1.133333 0.9333334 1.155555 0.8000001 1.133333 0.8000001 1.133333 0.9333334 1.155555 0.8000001 1.155555 0.8000001 1.133333 0.8000001 1.155555 0.6666667 1.133333 0.6666667 1.133333 0.8000001 1.155555 0.6666667 1.155555 0.6666667 1.133333 0.6666667 1.155555 0.5333334 1.133333 0.5333334 1.133333 0.6666667 1.155555 0.5333334 1.155555 0.5333334 1.133333 0.5333334 1.155555 0.4 1.133333 0.4 1.133333 0.5333334 1.155555 0.4 1.155555 0.4 1.133333 0.4 1.155555 0.2666667 1.133333 0.2666667 1.133333 0.4 1.155555 0.2666667 1.155555 0.2666667 1.133333 0.2666667 1.155555 0.1333333 1.133333 0.1333333 1.133333 0.2666667 1.155555 0.1333333 1.155555 0.1333333 1.133333 0.1333333 1.155555 0 1.133333 2 1.155555 2 1.177778 1.866667 1.155555 0 1.155555 0.1333333 1.177778 0 1.177778 1.866667 1.155555 2 1.177778 1.866667 1.177778 1.866667 1.155555 1.866667 1.177778 1.733333 1.155555 1.733333 1.155555 1.866667 1.177778 1.733333 1.177778 1.733333 1.155555 1.733333 1.177778 1.6 1.155555 1.6 1.155555 1.733333 1.177778 1.6 1.177778 1.6 1.155555 1.6 1.177778 1.466667 1.155555 1.466667 1.155555 1.6 1.177778 1.466667 1.177778 1.466667 1.155555 1.466667 1.177778 1.333333 1.155555 1.333333 1.155555 1.466667 1.177778 1.333333 1.177778 1.333333 1.155555 1.333333 1.177778 1.2 1.155555 1.2 1.155555 1.333333 1.177778 1.2 1.177778 1.2 1.155555 1.2 1.177778 1.066667 1.155555 1.066667 1.155555 1.2 1.177778 1.066667 1.177778 1.066667 1.155555 1.066667 1.177778 0.9333334 1.155555 0.9333334 1.155555 1.066667 1.177778 0.9333334 1.177778 0.9333334 1.155555 0.9333334 1.177778 0.8000001 1.155555 0.8000001 1.155555 0.9333334 1.177778 0.8000001 1.177778 0.8000001 1.155555 0.8000001 1.177778 0.6666667 1.155555 0.6666667 1.155555 0.8000001 1.177778 0.6666667 1.177778 0.6666667 1.155555 0.6666667 1.177778 0.5333334 1.155555 0.5333334 1.155555 0.6666667 1.177778 0.5333334 1.177778 0.5333334 1.155555 0.5333334 1.177778 0.4 1.155555 0.4 1.155555 0.5333334 1.177778 0.4 1.177778 0.4 1.155555 0.4 1.177778 0.2666667 1.155555 0.2666667 1.155555 0.4 1.177778 0.2666667 1.177778 0.2666667 1.155555 0.2666667 1.177778 0.1333333 1.155555 0.1333333 1.155555 0.2666667 1.177778 0.1333333 1.177778 0.1333333 1.155555 0.1333333 1.177778 0 1.155555 2 1.177778 2 1.2 1.866667 1.177778 0 1.177778 0.1333333 1.2 0 1.2 1.866667 1.177778 2 1.2 1.866667 1.2 1.866667 1.177778 1.866667 1.2 1.733333 1.177778 1.733333 1.177778 1.866667 1.2 1.733333 1.2 1.733333 1.177778 1.733333 1.2 1.6 1.177778 1.6 1.177778 1.733333 1.2 1.6 1.2 1.6 1.177778 1.6 1.2 1.466667 1.177778 1.466667 1.177778 1.6 1.2 1.466667 1.2 1.466667 1.177778 1.466667 1.2 1.333333 1.177778 1.333333 1.177778 1.466667 1.2 1.333333 1.2 1.333333 1.177778 1.333333 1.2 1.2 1.177778 1.2 1.177778 1.333333 1.2 1.2 1.2 1.2 1.177778 1.2 1.2 1.066667 1.177778 1.066667 1.177778 1.2 1.2 1.066667 1.2 1.066667 1.177778 1.066667 1.2 0.9333334 1.177778 0.9333334 1.177778 1.066667 1.2 0.9333334 1.2 0.9333334 1.177778 0.9333334 1.2 0.8000001 1.177778 0.8000001 1.177778 0.9333334 1.2 0.8000001 1.2 0.8000001 1.177778 0.8000001 1.2 0.6666667 1.177778 0.6666667 1.177778 0.8000001 1.2 0.6666667 1.2 0.6666667 1.177778 0.6666667 1.2 0.5333334 1.177778 0.5333334 1.177778 0.6666667 1.2 0.5333334 1.2 0.5333334 1.177778 0.5333334 1.2 0.4 1.177778 0.4 1.177778 0.5333334 1.2 0.4 1.2 0.4 1.177778 0.4 1.2 0.2666667 1.177778 0.2666667 1.177778 0.4 1.2 0.2666667 1.2 0.2666667 1.177778 0.2666667 1.2 0.1333333 1.177778 0.1333333 1.177778 0.2666667 1.2 0.1333333 1.2 0.1333333 1.177778 0.1333333 1.2 0 1.177778 2 1.2 2 1.222222 1.866667 1.2 0 1.2 0.1333333 1.222222 0 1.222222 1.866667 1.2 2 1.222222 1.866667 1.222222 1.866667 1.2 1.866667 1.222222 1.733333 1.2 1.733333 1.2 1.866667 1.222222 1.733333 1.222222 1.733333 1.2 1.733333 1.222222 1.6 1.2 1.6 1.2 1.733333 1.222222 1.6 1.222222 1.6 1.2 1.6 1.222222 1.466667 1.2 1.466667 1.2 1.6 1.222222 1.466667 1.222222 1.466667 1.2 1.466667 1.222222 1.333333 1.2 1.333333 1.2 1.466667 1.222222 1.333333 1.222222 1.333333 1.2 1.333333 1.222222 1.2 1.2 1.2 1.2 1.333333 1.222222 1.2 1.222222 1.2 1.2 1.2 1.222222 1.066667 1.2 1.066667 1.2 1.2 1.222222 1.066667 1.222222 1.066667 1.2 1.066667 1.222222 0.9333334 1.2 0.9333334 1.2 1.066667 1.222222 0.9333334 1.222222 0.9333334 1.2 0.9333334 1.222222 0.8000001 1.2 0.8000001 1.2 0.9333334 1.222222 0.8000001 1.222222 0.8000001 1.2 0.8000001 1.222222 0.6666667 1.2 0.6666667 1.2 0.8000001 1.222222 0.6666667 1.222222 0.6666667 1.2 0.6666667 1.222222 0.5333334 1.2 0.5333334 1.2 0.6666667 1.222222 0.5333334 1.222222 0.5333334 1.2 0.5333334 1.222222 0.4 1.2 0.4 1.2 0.5333334 1.222222 0.4 1.222222 0.4 1.2 0.4 1.222222 0.2666667 1.2 0.2666667 1.2 0.4 1.222222 0.2666667 1.222222 0.2666667 1.2 0.2666667 1.222222 0.1333333 1.2 0.1333333 1.2 0.2666667 1.222222 0.1333333 1.222222 0.1333333 1.2 0.1333333 1.222222 0 1.2 2 1.222222 2 1.244444 1.866667 1.222222 0 1.222222 0.1333333 1.244444 0 1.244444 1.866667 1.222222 2 1.244444 1.866667 1.244444 1.866667 1.222222 1.866667 1.244444 1.733333 1.222222 1.733333 1.222222 1.866667 1.244444 1.733333 1.244444 1.733333 1.222222 1.733333 1.244444 1.6 1.222222 1.6 1.222222 1.733333 1.244444 1.6 1.244444 1.6 1.222222 1.6 1.244444 1.466667 1.222222 1.466667 1.222222 1.6 1.244444 1.466667 1.244444 1.466667 1.222222 1.466667 1.244444 1.333333 1.222222 1.333333 1.222222 1.466667 1.244444 1.333333 1.244444 1.333333 1.222222 1.333333 1.244444 1.2 1.222222 1.2 1.222222 1.333333 1.244444 1.2 1.244444 1.2 1.222222 1.2 1.244444 1.066667 1.222222 1.066667 1.222222 1.2 1.244444 1.066667 1.244444 1.066667 1.222222 1.066667 1.244444 0.9333334 1.222222 0.9333334 1.222222 1.066667 1.244444 0.9333334 1.244444 0.9333334 1.222222 0.9333334 1.244444 0.8000001 1.222222 0.8000001 1.222222 0.9333334 1.244444 0.8000001 1.244444 0.8000001 1.222222 0.8000001 1.244444 0.6666667 1.222222 0.6666667 1.222222 0.8000001 1.244444 0.6666667 1.244444 0.6666667 1.222222 0.6666667 1.244444 0.5333334 1.222222 0.5333334 1.222222 0.6666667 1.244444 0.5333334 1.244444 0.5333334 1.222222 0.5333334 1.244444 0.4 1.222222 0.4 1.222222 0.5333334 1.244444 0.4 1.244444 0.4 1.222222 0.4 1.244444 0.2666667 1.222222 0.2666667 1.222222 0.4 1.244444 0.2666667 1.244444 0.2666667 1.222222 0.2666667 1.244444 0.1333333 1.222222 0.1333333 1.222222 0.2666667 1.244444 0.1333333 1.244444 0.1333333 1.222222 0.1333333 1.244444 0 1.222222 2 1.244444 2 1.266667 1.866667 1.244444 0 1.244444 0.1333333 1.266667 0 1.266667 1.866667 1.244444 2 1.266667 1.866667 1.266667 1.866667 1.244444 1.866667 1.266667 1.733333 1.244444 1.733333 1.244444 1.866667 1.266667 1.733333 1.266667 1.733333 1.244444 1.733333 1.266667 1.6 1.244444 1.6 1.244444 1.733333 1.266667 1.6 1.266667 1.6 1.244444 1.6 1.266667 1.466667 1.244444 1.466667 1.244444 1.6 1.266667 1.466667 1.266667 1.466667 1.244444 1.466667 1.266667 1.333333 1.244444 1.333333 1.244444 1.466667 1.266667 1.333333 1.266667 1.333333 1.244444 1.333333 1.266667 1.2 1.244444 1.2 1.244444 1.333333 1.266667 1.2 1.266667 1.2 1.244444 1.2 1.266667 1.066667 1.244444 1.066667 1.244444 1.2 1.266667 1.066667 1.266667 1.066667 1.244444 1.066667 1.266667 0.9333334 1.244444 0.9333334 1.244444 1.066667 1.266667 0.9333334 1.266667 0.9333334 1.244444 0.9333334 1.266667 0.8000001 1.244444 0.8000001 1.244444 0.9333334 1.266667 0.8000001 1.266667 0.8000001 1.244444 0.8000001 1.266667 0.6666667 1.244444 0.6666667 1.244444 0.8000001 1.266667 0.6666667 1.266667 0.6666667 1.244444 0.6666667 1.266667 0.5333334 1.244444 0.5333334 1.244444 0.6666667 1.266667 0.5333334 1.266667 0.5333334 1.244444 0.5333334 1.266667 0.4 1.244444 0.4 1.244444 0.5333334 1.266667 0.4 1.266667 0.4 1.244444 0.4 1.266667 0.2666667 1.244444 0.2666667 1.244444 0.4 1.266667 0.2666667 1.266667 0.2666667 1.244444 0.2666667 1.266667 0.1333333 1.244444 0.1333333 1.244444 0.2666667 1.266667 0.1333333 1.266667 0.1333333 1.244444 0.1333333 1.266667 0 1.244444 2 1.266667 2 1.288889 1.866667 1.266667 0 1.266667 0.1333333 1.288889 0 1.288889 1.866667 1.266667 2 1.288889 1.866667 1.288889 1.866667 1.266667 1.866667 1.288889 1.733333 1.266667 1.733333 1.266667 1.866667 1.288889 1.733333 1.288889 1.733333 1.266667 1.733333 1.288889 1.6 1.266667 1.6 1.266667 1.733333 1.288889 1.6 1.288889 1.6 1.266667 1.6 1.288889 1.466667 1.266667 1.466667 1.266667 1.6 1.288889 1.466667 1.288889 1.466667 1.266667 1.466667 1.288889 1.333333 1.266667 1.333333 1.266667 1.466667 1.288889 1.333333 1.288889 1.333333 1.266667 1.333333 1.288889 1.2 1.266667 1.2 1.266667 1.333333 1.288889 1.2 1.288889 1.2 1.266667 1.2 1.288889 1.066667 1.266667 1.066667 1.266667 1.2 1.288889 1.066667 1.288889 1.066667 1.266667 1.066667 1.288889 0.9333334 1.266667 0.9333334 1.266667 1.066667 1.288889 0.9333334 1.288889 0.9333334 1.266667 0.9333334 1.288889 0.8000001 1.266667 0.8000001 1.266667 0.9333334 1.288889 0.8000001 1.288889 0.8000001 1.266667 0.8000001 1.288889 0.6666667 1.266667 0.6666667 1.266667 0.8000001 1.288889 0.6666667 1.288889 0.6666667 1.266667 0.6666667 1.288889 0.5333334 1.266667 0.5333334 1.266667 0.6666667 1.288889 0.5333334 1.288889 0.5333334 1.266667 0.5333334 1.288889 0.4 1.266667 0.4 1.266667 0.5333334 1.288889 0.4 1.288889 0.4 1.266667 0.4 1.288889 0.2666667 1.266667 0.2666667 1.266667 0.4 1.288889 0.2666667 1.288889 0.2666667 1.266667 0.2666667 1.288889 0.1333333 1.266667 0.1333333 1.266667 0.2666667 1.288889 0.1333333 1.288889 0.1333333 1.266667 0.1333333 1.288889 0 1.266667 2 1.288889 2 1.311111 1.866667 1.288889 0 1.288889 0.1333333 1.311111 0 1.311111 1.866667 1.288889 2 1.311111 1.866667 1.311111 1.866667 1.288889 1.866667 1.311111 1.733333 1.288889 1.733333 1.288889 1.866667 1.311111 1.733333 1.311111 1.733333 1.288889 1.733333 1.311111 1.6 1.288889 1.6 1.288889 1.733333 1.311111 1.6 1.311111 1.6 1.288889 1.6 1.311111 1.466667 1.288889 1.466667 1.288889 1.6 1.311111 1.466667 1.311111 1.466667 1.288889 1.466667 1.311111 1.333333 1.288889 1.333333 1.288889 1.466667 1.311111 1.333333 1.311111 1.333333 1.288889 1.333333 1.311111 1.2 1.288889 1.2 1.288889 1.333333 1.311111 1.2 1.311111 1.2 1.288889 1.2 1.311111 1.066667 1.288889 1.066667 1.288889 1.2 1.311111 1.066667 1.311111 1.066667 1.288889 1.066667 1.311111 0.9333334 1.288889 0.9333334 1.288889 1.066667 1.311111 0.9333334 1.311111 0.9333334 1.288889 0.9333334 1.311111 0.8000001 1.288889 0.8000001 1.288889 0.9333334 1.311111 0.8000001 1.311111 0.8000001 1.288889 0.8000001 1.311111 0.6666667 1.288889 0.6666667 1.288889 0.8000001 1.311111 0.6666667 1.311111 0.6666667 1.288889 0.6666667 1.311111 0.5333334 1.288889 0.5333334 1.288889 0.6666667 1.311111 0.5333334 1.311111 0.5333334 1.288889 0.5333334 1.311111 0.4 1.288889 0.4 1.288889 0.5333334 1.311111 0.4 1.311111 0.4 1.288889 0.4 1.311111 0.2666667 1.288889 0.2666667 1.288889 0.4 1.311111 0.2666667 1.311111 0.2666667 1.288889 0.2666667 1.311111 0.1333333 1.288889 0.1333333 1.288889 0.2666667 1.311111 0.1333333 1.311111 0.1333333 1.288889 0.1333333 1.311111 0 1.288889 2 1.311111 2 1.333333 1.866667 1.311111 0 1.311111 0.1333333 1.333333 0 1.333333 1.866667 1.311111 2 1.333333 1.866667 1.333333 1.866667 1.311111 1.866667 1.333333 1.733333 1.311111 1.733333 1.311111 1.866667 1.333333 1.733333 1.333333 1.733333 1.311111 1.733333 1.333333 1.6 1.311111 1.6 1.311111 1.733333 1.333333 1.6 1.333333 1.6 1.311111 1.6 1.333333 1.466667 1.311111 1.466667 1.311111 1.6 1.333333 1.466667 1.333333 1.466667 1.311111 1.466667 1.333333 1.333333 1.311111 1.333333 1.311111 1.466667 1.333333 1.333333 1.333333 1.333333 1.311111 1.333333 1.333333 1.2 1.311111 1.2 1.311111 1.333333 1.333333 1.2 1.333333 1.2 1.311111 1.2 1.333333 1.066667 1.311111 1.066667 1.311111 1.2 1.333333 1.066667 1.333333 1.066667 1.311111 1.066667 1.333333 0.9333334 1.311111 0.9333334 1.311111 1.066667 1.333333 0.9333334 1.333333 0.9333334 1.311111 0.9333334 1.333333 0.8000001 1.311111 0.8000001 1.311111 0.9333334 1.333333 0.8000001 1.333333 0.8000001 1.311111 0.8000001 1.333333 0.6666667 1.311111 0.6666667 1.311111 0.8000001 1.333333 0.6666667 1.333333 0.6666667 1.311111 0.6666667 1.333333 0.5333334 1.311111 0.5333334 1.311111 0.6666667 1.333333 0.5333334 1.333333 0.5333334 1.311111 0.5333334 1.333333 0.4 1.311111 0.4 1.311111 0.5333334 1.333333 0.4 1.333333 0.4 1.311111 0.4 1.333333 0.2666667 1.311111 0.2666667 1.311111 0.4 1.333333 0.2666667 1.333333 0.2666667 1.311111 0.2666667 1.333333 0.1333333 1.311111 0.1333333 1.311111 0.2666667 1.333333 0.1333333 1.333333 0.1333333 1.311111 0.1333333 1.333333 0 1.311111 2 1.333333 2 1.355556 1.866667 1.333333 0 1.333333 0.1333333 1.355556 0 1.355556 1.866667 1.333333 2 1.355556 1.866667 1.355556 1.866667 1.333333 1.866667 1.355556 1.733333 1.333333 1.733333 1.333333 1.866667 1.355556 1.733333 1.355556 1.733333 1.333333 1.733333 1.355556 1.6 1.333333 1.6 1.333333 1.733333 1.355556 1.6 1.355556 1.6 1.333333 1.6 1.355556 1.466667 1.333333 1.466667 1.333333 1.6 1.355556 1.466667 1.355556 1.466667 1.333333 1.466667 1.355556 1.333333 1.333333 1.333333 1.333333 1.466667 1.355556 1.333333 1.355556 1.333333 1.333333 1.333333 1.355556 1.2 1.333333 1.2 1.333333 1.333333 1.355556 1.2 1.355556 1.2 1.333333 1.2 1.355556 1.066667 1.333333 1.066667 1.333333 1.2 1.355556 1.066667 1.355556 1.066667 1.333333 1.066667 1.355556 0.9333334 1.333333 0.9333334 1.333333 1.066667 1.355556 0.9333334 1.355556 0.9333334 1.333333 0.9333334 1.355556 0.8000001 1.333333 0.8000001 1.333333 0.9333334 1.355556 0.8000001 1.355556 0.8000001 1.333333 0.8000001 1.355556 0.6666667 1.333333 0.6666667 1.333333 0.8000001 1.355556 0.6666667 1.355556 0.6666667 1.333333 0.6666667 1.355556 0.5333334 1.333333 0.5333334 1.333333 0.6666667 1.355556 0.5333334 1.355556 0.5333334 1.333333 0.5333334 1.355556 0.4 1.333333 0.4 1.333333 0.5333334 1.355556 0.4 1.355556 0.4 1.333333 0.4 1.355556 0.2666667 1.333333 0.2666667 1.333333 0.4 1.355556 0.2666667 1.355556 0.2666667 1.333333 0.2666667 1.355556 0.1333333 1.333333 0.1333333 1.333333 0.2666667 1.355556 0.1333333 1.355556 0.1333333 1.333333 0.1333333 1.355556 0 1.333333 2 1.355556 2 1.377778 1.866667 1.355556 0 1.355556 0.1333333 1.377778 0 1.377778 1.866667 1.355556 2 1.377778 1.866667 1.377778 1.866667 1.355556 1.866667 1.377778 1.733333 1.355556 1.733333 1.355556 1.866667 1.377778 1.733333 1.377778 1.733333 1.355556 1.733333 1.377778 1.6 1.355556 1.6 1.355556 1.733333 1.377778 1.6 1.377778 1.6 1.355556 1.6 1.377778 1.466667 1.355556 1.466667 1.355556 1.6 1.377778 1.466667 1.377778 1.466667 1.355556 1.466667 1.377778 1.333333 1.355556 1.333333 1.355556 1.466667 1.377778 1.333333 1.377778 1.333333 1.355556 1.333333 1.377778 1.2 1.355556 1.2 1.355556 1.333333 1.377778 1.2 1.377778 1.2 1.355556 1.2 1.377778 1.066667 1.355556 1.066667 1.355556 1.2 1.377778 1.066667 1.377778 1.066667 1.355556 1.066667 1.377778 0.9333334 1.355556 0.9333334 1.355556 1.066667 1.377778 0.9333334 1.377778 0.9333334 1.355556 0.9333334 1.377778 0.8000001 1.355556 0.8000001 1.355556 0.9333334 1.377778 0.8000001 1.377778 0.8000001 1.355556 0.8000001 1.377778 0.6666667 1.355556 0.6666667 1.355556 0.8000001 1.377778 0.6666667 1.377778 0.6666667 1.355556 0.6666667 1.377778 0.5333334 1.355556 0.5333334 1.355556 0.6666667 1.377778 0.5333334 1.377778 0.5333334 1.355556 0.5333334 1.377778 0.4 1.355556 0.4 1.355556 0.5333334 1.377778 0.4 1.377778 0.4 1.355556 0.4 1.377778 0.2666667 1.355556 0.2666667 1.355556 0.4 1.377778 0.2666667 1.377778 0.2666667 1.355556 0.2666667 1.377778 0.1333333 1.355556 0.1333333 1.355556 0.2666667 1.377778 0.1333333 1.377778 0.1333333 1.355556 0.1333333 1.377778 0 1.355556 2 1.377778 2 1.4 1.866667 1.377778 0 1.377778 0.1333333 1.4 0 1.4 1.866667 1.377778 2 1.4 1.866667 1.4 1.866667 1.377778 1.866667 1.4 1.733333 1.377778 1.733333 1.377778 1.866667 1.4 1.733333 1.4 1.733333 1.377778 1.733333 1.4 1.6 1.377778 1.6 1.377778 1.733333 1.4 1.6 1.4 1.6 1.377778 1.6 1.4 1.466667 1.377778 1.466667 1.377778 1.6 1.4 1.466667 1.4 1.466667 1.377778 1.466667 1.4 1.333333 1.377778 1.333333 1.377778 1.466667 1.4 1.333333 1.4 1.333333 1.377778 1.333333 1.4 1.2 1.377778 1.2 1.377778 1.333333 1.4 1.2 1.4 1.2 1.377778 1.2 1.4 1.066667 1.377778 1.066667 1.377778 1.2 1.4 1.066667 1.4 1.066667 1.377778 1.066667 1.4 0.9333334 1.377778 0.9333334 1.377778 1.066667 1.4 0.9333334 1.4 0.9333334 1.377778 0.9333334 1.4 0.8000001 1.377778 0.8000001 1.377778 0.9333334 1.4 0.8000001 1.4 0.8000001 1.377778 0.8000001 1.4 0.6666667 1.377778 0.6666667 1.377778 0.8000001 1.4 0.6666667 1.4 0.6666667 1.377778 0.6666667 1.4 0.5333334 1.377778 0.5333334 1.377778 0.6666667 1.4 0.5333334 1.4 0.5333334 1.377778 0.5333334 1.4 0.4 1.377778 0.4 1.377778 0.5333334 1.4 0.4 1.4 0.4 1.377778 0.4 1.4 0.2666667 1.377778 0.2666667 1.377778 0.4 1.4 0.2666667 1.4 0.2666667 1.377778 0.2666667 1.4 0.1333333 1.377778 0.1333333 1.377778 0.2666667 1.4 0.1333333 1.4 0.1333333 1.377778 0.1333333 1.4 0 1.377778 2 1.4 2 1.422222 1.866667 1.4 0 1.4 0.1333333 1.422222 0 1.422222 1.866667 1.4 2 1.422222 1.866667 1.422222 1.866667 1.4 1.866667 1.422222 1.733333 1.4 1.733333 1.4 1.866667 1.422222 1.733333 1.422222 1.733333 1.4 1.733333 1.422222 1.6 1.4 1.6 1.4 1.733333 1.422222 1.6 1.422222 1.6 1.4 1.6 1.422222 1.466667 1.4 1.466667 1.4 1.6 1.422222 1.466667 1.422222 1.466667 1.4 1.466667 1.422222 1.333333 1.4 1.333333 1.4 1.466667 1.422222 1.333333 1.422222 1.333333 1.4 1.333333 1.422222 1.2 1.4 1.2 1.4 1.333333 1.422222 1.2 1.422222 1.2 1.4 1.2 1.422222 1.066667 1.4 1.066667 1.4 1.2 1.422222 1.066667 1.422222 1.066667 1.4 1.066667 1.422222 0.9333334 1.4 0.9333334 1.4 1.066667 1.422222 0.9333334 1.422222 0.9333334 1.4 0.9333334 1.422222 0.8000001 1.4 0.8000001 1.4 0.9333334 1.422222 0.8000001 1.422222 0.8000001 1.4 0.8000001 1.422222 0.6666667 1.4 0.6666667 1.4 0.8000001 1.422222 0.6666667 1.422222 0.6666667 1.4 0.6666667 1.422222 0.5333334 1.4 0.5333334 1.4 0.6666667 1.422222 0.5333334 1.422222 0.5333334 1.4 0.5333334 1.422222 0.4 1.4 0.4 1.4 0.5333334 1.422222 0.4 1.422222 0.4 1.4 0.4 1.422222 0.2666667 1.4 0.2666667 1.4 0.4 1.422222 0.2666667 1.422222 0.2666667 1.4 0.2666667 1.422222 0.1333333 1.4 0.1333333 1.4 0.2666667 1.422222 0.1333333 1.422222 0.1333333 1.4 0.1333333 1.422222 0 1.4 2 1.422222 2 1.444444 1.866667 1.422222 0 1.422222 0.1333333 1.444444 0 1.444444 1.866667 1.422222 2 1.444444 1.866667 1.444444 1.866667 1.422222 1.866667 1.444444 1.733333 1.422222 1.733333 1.422222 1.866667 1.444444 1.733333 1.444444 1.733333 1.422222 1.733333 1.444444 1.6 1.422222 1.6 1.422222 1.733333 1.444444 1.6 1.444444 1.6 1.422222 1.6 1.444444 1.466667 1.422222 1.466667 1.422222 1.6 1.444444 1.466667 1.444444 1.466667 1.422222 1.466667 1.444444 1.333333 1.422222 1.333333 1.422222 1.466667 1.444444 1.333333 1.444444 1.333333 1.422222 1.333333 1.444444 1.2 1.422222 1.2 1.422222 1.333333 1.444444 1.2 1.444444 1.2 1.422222 1.2 1.444444 1.066667 1.422222 1.066667 1.422222 1.2 1.444444 1.066667 1.444444 1.066667 1.422222 1.066667 1.444444 0.9333334 1.422222 0.9333334 1.422222 1.066667 1.444444 0.9333334 1.444444 0.9333334 1.422222 0.9333334 1.444444 0.8000001 1.422222 0.8000001 1.422222 0.9333334 1.444444 0.8000001 1.444444 0.8000001 1.422222 0.8000001 1.444444 0.6666667 1.422222 0.6666667 1.422222 0.8000001 1.444444 0.6666667 1.444444 0.6666667 1.422222 0.6666667 1.444444 0.5333334 1.422222 0.5333334 1.422222 0.6666667 1.444444 0.5333334 1.444444 0.5333334 1.422222 0.5333334 1.444444 0.4 1.422222 0.4 1.422222 0.5333334 1.444444 0.4 1.444444 0.4 1.422222 0.4 1.444444 0.2666667 1.422222 0.2666667 1.422222 0.4 1.444444 0.2666667 1.444444 0.2666667 1.422222 0.2666667 1.444444 0.1333333 1.422222 0.1333333 1.422222 0.2666667 1.444444 0.1333333 1.444444 0.1333333 1.422222 0.1333333 1.444444 0 1.422222 2 1.444444 2 1.466667 1.866667 1.444444 0 1.444444 0.1333333 1.466667 0 1.466667 1.866667 1.444444 2 1.466667 1.866667 1.466667 1.866667 1.444444 1.866667 1.466667 1.733333 1.444444 1.733333 1.444444 1.866667 1.466667 1.733333 1.466667 1.733333 1.444444 1.733333 1.466667 1.6 1.444444 1.6 1.444444 1.733333 1.466667 1.6 1.466667 1.6 1.444444 1.6 1.466667 1.466667 1.444444 1.466667 1.444444 1.6 1.466667 1.466667 1.466667 1.466667 1.444444 1.466667 1.466667 1.333333 1.444444 1.333333 1.444444 1.466667 1.466667 1.333333 1.466667 1.333333 1.444444 1.333333 1.466667 1.2 1.444444 1.2 1.444444 1.333333 1.466667 1.2 1.466667 1.2 1.444444 1.2 1.466667 1.066667 1.444444 1.066667 1.444444 1.2 1.466667 1.066667 1.466667 1.066667 1.444444 1.066667 1.466667 0.9333334 1.444444 0.9333334 1.444444 1.066667 1.466667 0.9333334 1.466667 0.9333334 1.444444 0.9333334 1.466667 0.8000001 1.444444 0.8000001 1.444444 0.9333334 1.466667 0.8000001 1.466667 0.8000001 1.444444 0.8000001 1.466667 0.6666667 1.444444 0.6666667 1.444444 0.8000001 1.466667 0.6666667 1.466667 0.6666667 1.444444 0.6666667 1.466667 0.5333334 1.444444 0.5333334 1.444444 0.6666667 1.466667 0.5333334 1.466667 0.5333334 1.444444 0.5333334 1.466667 0.4 1.444444 0.4 1.444444 0.5333334 1.466667 0.4 1.466667 0.4 1.444444 0.4 1.466667 0.2666667 1.444444 0.2666667 1.444444 0.4 1.466667 0.2666667 1.466667 0.2666667 1.444444 0.2666667 1.466667 0.1333333 1.444444 0.1333333 1.444444 0.2666667 1.466667 0.1333333 1.466667 0.1333333 1.444444 0.1333333 1.466667 0 1.444444 2 1.466667 2 1.488889 1.866667 1.466667 0 1.466667 0.1333333 1.488889 0 1.488889 1.866667 1.466667 2 1.488889 1.866667 1.488889 1.866667 1.466667 1.866667 1.488889 1.733333 1.466667 1.733333 1.466667 1.866667 1.488889 1.733333 1.488889 1.733333 1.466667 1.733333 1.488889 1.6 1.466667 1.6 1.466667 1.733333 1.488889 1.6 1.488889 1.6 1.466667 1.6 1.488889 1.466667 1.466667 1.466667 1.466667 1.6 1.488889 1.466667 1.488889 1.466667 1.466667 1.466667 1.488889 1.333333 1.466667 1.333333 1.466667 1.466667 1.488889 1.333333 1.488889 1.333333 1.466667 1.333333 1.488889 1.2 1.466667 1.2 1.466667 1.333333 1.488889 1.2 1.488889 1.2 1.466667 1.2 1.488889 1.066667 1.466667 1.066667 1.466667 1.2 1.488889 1.066667 1.488889 1.066667 1.466667 1.066667 1.488889 0.9333334 1.466667 0.9333334 1.466667 1.066667 1.488889 0.9333334 1.488889 0.9333334 1.466667 0.9333334 1.488889 0.8000001 1.466667 0.8000001 1.466667 0.9333334 1.488889 0.8000001 1.488889 0.8000001 1.466667 0.8000001 1.488889 0.6666667 1.466667 0.6666667 1.466667 0.8000001 1.488889 0.6666667 1.488889 0.6666667 1.466667 0.6666667 1.488889 0.5333334 1.466667 0.5333334 1.466667 0.6666667 1.488889 0.5333334 1.488889 0.5333334 1.466667 0.5333334 1.488889 0.4 1.466667 0.4 1.466667 0.5333334 1.488889 0.4 1.488889 0.4 1.466667 0.4 1.488889 0.2666667 1.466667 0.2666667 1.466667 0.4 1.488889 0.2666667 1.488889 0.2666667 1.466667 0.2666667 1.488889 0.1333333 1.466667 0.1333333 1.466667 0.2666667 1.488889 0.1333333 1.488889 0.1333333 1.466667 0.1333333 1.488889 0 1.466667 2 1.488889 2 1.511111 1.866667 1.488889 0 1.488889 0.1333333 1.511111 0 1.511111 1.866667 1.488889 2 1.511111 1.866667 1.511111 1.866667 1.488889 1.866667 1.511111 1.733333 1.488889 1.733333 1.488889 1.866667 1.511111 1.733333 1.511111 1.733333 1.488889 1.733333 1.511111 1.6 1.488889 1.6 1.488889 1.733333 1.511111 1.6 1.511111 1.6 1.488889 1.6 1.511111 1.466667 1.488889 1.466667 1.488889 1.6 1.511111 1.466667 1.511111 1.466667 1.488889 1.466667 1.511111 1.333333 1.488889 1.333333 1.488889 1.466667 1.511111 1.333333 1.511111 1.333333 1.488889 1.333333 1.511111 1.2 1.488889 1.2 1.488889 1.333333 1.511111 1.2 1.511111 1.2 1.488889 1.2 1.511111 1.066667 1.488889 1.066667 1.488889 1.2 1.511111 1.066667 1.511111 1.066667 1.488889 1.066667 1.511111 0.9333334 1.488889 0.9333334 1.488889 1.066667 1.511111 0.9333334 1.511111 0.9333334 1.488889 0.9333334 1.511111 0.8000001 1.488889 0.8000001 1.488889 0.9333334 1.511111 0.8000001 1.511111 0.8000001 1.488889 0.8000001 1.511111 0.6666667 1.488889 0.6666667 1.488889 0.8000001 1.511111 0.6666667 1.511111 0.6666667 1.488889 0.6666667 1.511111 0.5333334 1.488889 0.5333334 1.488889 0.6666667 1.511111 0.5333334 1.511111 0.5333334 1.488889 0.5333334 1.511111 0.4 1.488889 0.4 1.488889 0.5333334 1.511111 0.4 1.511111 0.4 1.488889 0.4 1.511111 0.2666667 1.488889 0.2666667 1.488889 0.4 1.511111 0.2666667 1.511111 0.2666667 1.488889 0.2666667 1.511111 0.1333333 1.488889 0.1333333 1.488889 0.2666667 1.511111 0.1333333 1.511111 0.1333333 1.488889 0.1333333 1.511111 0 1.488889 2 1.511111 2 1.533333 1.866667 1.511111 0 1.511111 0.1333333 1.533333 0 1.533333 1.866667 1.511111 2 1.533333 1.866667 1.533333 1.866667 1.511111 1.866667 1.533333 1.733333 1.511111 1.733333 1.511111 1.866667 1.533333 1.733333 1.533333 1.733333 1.511111 1.733333 1.533333 1.6 1.511111 1.6 1.511111 1.733333 1.533333 1.6 1.533333 1.6 1.511111 1.6 1.533333 1.466667 1.511111 1.466667 1.511111 1.6 1.533333 1.466667 1.533333 1.466667 1.511111 1.466667 1.533333 1.333333 1.511111 1.333333 1.511111 1.466667 1.533333 1.333333 1.533333 1.333333 1.511111 1.333333 1.533333 1.2 1.511111 1.2 1.511111 1.333333 1.533333 1.2 1.533333 1.2 1.511111 1.2 1.533333 1.066667 1.511111 1.066667 1.511111 1.2 1.533333 1.066667 1.533333 1.066667 1.511111 1.066667 1.533333 0.9333334 1.511111 0.9333334 1.511111 1.066667 1.533333 0.9333334 1.533333 0.9333334 1.511111 0.9333334 1.533333 0.8000001 1.511111 0.8000001 1.511111 0.9333334 1.533333 0.8000001 1.533333 0.8000001 1.511111 0.8000001 1.533333 0.6666667 1.511111 0.6666667 1.511111 0.8000001 1.533333 0.6666667 1.533333 0.6666667 1.511111 0.6666667 1.533333 0.5333334 1.511111 0.5333334 1.511111 0.6666667 1.533333 0.5333334 1.533333 0.5333334 1.511111 0.5333334 1.533333 0.4 1.511111 0.4 1.511111 0.5333334 1.533333 0.4 1.533333 0.4 1.511111 0.4 1.533333 0.2666667 1.511111 0.2666667 1.511111 0.4 1.533333 0.2666667 1.533333 0.2666667 1.511111 0.2666667 1.533333 0.1333333 1.511111 0.1333333 1.511111 0.2666667 1.533333 0.1333333 1.533333 0.1333333 1.511111 0.1333333 1.533333 0 1.511111 2 1.533333 2 1.555556 1.866667 1.533333 0 1.533333 0.1333333 1.555556 0 1.555556 1.866667 1.533333 2 1.555556 1.866667 1.555556 1.866667 1.533333 1.866667 1.555556 1.733333 1.533333 1.733333 1.533333 1.866667 1.555556 1.733333 1.555556 1.733333 1.533333 1.733333 1.555556 1.6 1.533333 1.6 1.533333 1.733333 1.555556 1.6 1.555556 1.6 1.533333 1.6 1.555556 1.466667 1.533333 1.466667 1.533333 1.6 1.555556 1.466667 1.555556 1.466667 1.533333 1.466667 1.555556 1.333333 1.533333 1.333333 1.533333 1.466667 1.555556 1.333333 1.555556 1.333333 1.533333 1.333333 1.555556 1.2 1.533333 1.2 1.533333 1.333333 1.555556 1.2 1.555556 1.2 1.533333 1.2 1.555556 1.066667 1.533333 1.066667 1.533333 1.2 1.555556 1.066667 1.555556 1.066667 1.533333 1.066667 1.555556 0.9333334 1.533333 0.9333334 1.533333 1.066667 1.555556 0.9333334 1.555556 0.9333334 1.533333 0.9333334 1.555556 0.8000001 1.533333 0.8000001 1.533333 0.9333334 1.555556 0.8000001 1.555556 0.8000001 1.533333 0.8000001 1.555556 0.6666667 1.533333 0.6666667 1.533333 0.8000001 1.555556 0.6666667 1.555556 0.6666667 1.533333 0.6666667 1.555556 0.5333334 1.533333 0.5333334 1.533333 0.6666667 1.555556 0.5333334 1.555556 0.5333334 1.533333 0.5333334 1.555556 0.4 1.533333 0.4 1.533333 0.5333334 1.555556 0.4 1.555556 0.4 1.533333 0.4 1.555556 0.2666667 1.533333 0.2666667 1.533333 0.4 1.555556 0.2666667 1.555556 0.2666667 1.533333 0.2666667 1.555556 0.1333333 1.533333 0.1333333 1.533333 0.2666667 1.555556 0.1333333 1.555556 0.1333333 1.533333 0.1333333 1.555556 0 1.533333 2 1.555556 2 1.577778 1.866667 1.555556 0 1.555556 0.1333333 1.577778 0 1.577778 1.866667 1.555556 2 1.577778 1.866667 1.577778 1.866667 1.555556 1.866667 1.577778 1.733333 1.555556 1.733333 1.555556 1.866667 1.577778 1.733333 1.577778 1.733333 1.555556 1.733333 1.577778 1.6 1.555556 1.6 1.555556 1.733333 1.577778 1.6 1.577778 1.6 1.555556 1.6 1.577778 1.466667 1.555556 1.466667 1.555556 1.6 1.577778 1.466667 1.577778 1.466667 1.555556 1.466667 1.577778 1.333333 1.555556 1.333333 1.555556 1.466667 1.577778 1.333333 1.577778 1.333333 1.555556 1.333333 1.577778 1.2 1.555556 1.2 1.555556 1.333333 1.577778 1.2 1.577778 1.2 1.555556 1.2 1.577778 1.066667 1.555556 1.066667 1.555556 1.2 1.577778 1.066667 1.577778 1.066667 1.555556 1.066667 1.577778 0.9333334 1.555556 0.9333334 1.555556 1.066667 1.577778 0.9333334 1.577778 0.9333334 1.555556 0.9333334 1.577778 0.8000001 1.555556 0.8000001 1.555556 0.9333334 1.577778 0.8000001 1.577778 0.8000001 1.555556 0.8000001 1.577778 0.6666667 1.555556 0.6666667 1.555556 0.8000001 1.577778 0.6666667 1.577778 0.6666667 1.555556 0.6666667 1.577778 0.5333334 1.555556 0.5333334 1.555556 0.6666667 1.577778 0.5333334 1.577778 0.5333334 1.555556 0.5333334 1.577778 0.4 1.555556 0.4 1.555556 0.5333334 1.577778 0.4 1.577778 0.4 1.555556 0.4 1.577778 0.2666667 1.555556 0.2666667 1.555556 0.4 1.577778 0.2666667 1.577778 0.2666667 1.555556 0.2666667 1.577778 0.1333333 1.555556 0.1333333 1.555556 0.2666667 1.577778 0.1333333 1.577778 0.1333333 1.555556 0.1333333 1.577778 0 1.555556 2 1.577778 2 1.6 1.866667 1.577778 0 1.577778 0.1333333 1.6 0 1.6 1.866667 1.577778 2 1.6 1.866667 1.6 1.866667 1.577778 1.866667 1.6 1.733333 1.577778 1.733333 1.577778 1.866667 1.6 1.733333 1.6 1.733333 1.577778 1.733333 1.6 1.6 1.577778 1.6 1.577778 1.733333 1.6 1.6 1.6 1.6 1.577778 1.6 1.6 1.466667 1.577778 1.466667 1.577778 1.6 1.6 1.466667 1.6 1.466667 1.577778 1.466667 1.6 1.333333 1.577778 1.333333 1.577778 1.466667 1.6 1.333333 1.6 1.333333 1.577778 1.333333 1.6 1.2 1.577778 1.2 1.577778 1.333333 1.6 1.2 1.6 1.2 1.577778 1.2 1.6 1.066667 1.577778 1.066667 1.577778 1.2 1.6 1.066667 1.6 1.066667 1.577778 1.066667 1.6 0.9333334 1.577778 0.9333334 1.577778 1.066667 1.6 0.9333334 1.6 0.9333334 1.577778 0.9333334 1.6 0.8000001 1.577778 0.8000001 1.577778 0.9333334 1.6 0.8000001 1.6 0.8000001 1.577778 0.8000001 1.6 0.6666667 1.577778 0.6666667 1.577778 0.8000001 1.6 0.6666667 1.6 0.6666667 1.577778 0.6666667 1.6 0.5333334 1.577778 0.5333334 1.577778 0.6666667 1.6 0.5333334 1.6 0.5333334 1.577778 0.5333334 1.6 0.4 1.577778 0.4 1.577778 0.5333334 1.6 0.4 1.6 0.4 1.577778 0.4 1.6 0.2666667 1.577778 0.2666667 1.577778 0.4 1.6 0.2666667 1.6 0.2666667 1.577778 0.2666667 1.6 0.1333333 1.577778 0.1333333 1.577778 0.2666667 1.6 0.1333333 1.6 0.1333333 1.577778 0.1333333 1.6 0 1.577778 2 1.6 2 1.622222 1.866667 1.6 0 1.6 0.1333333 1.622222 0 1.622222 1.866667 1.6 2 1.622222 1.866667 1.622222 1.866667 1.6 1.866667 1.622222 1.733333 1.6 1.733333 1.6 1.866667 1.622222 1.733333 1.622222 1.733333 1.6 1.733333 1.622222 1.6 1.6 1.6 1.6 1.733333 1.622222 1.6 1.622222 1.6 1.6 1.6 1.622222 1.466667 1.6 1.466667 1.6 1.6 1.622222 1.466667 1.622222 1.466667 1.6 1.466667 1.622222 1.333333 1.6 1.333333 1.6 1.466667 1.622222 1.333333 1.622222 1.333333 1.6 1.333333 1.622222 1.2 1.6 1.2 1.6 1.333333 1.622222 1.2 1.622222 1.2 1.6 1.2 1.622222 1.066667 1.6 1.066667 1.6 1.2 1.622222 1.066667 1.622222 1.066667 1.6 1.066667 1.622222 0.9333334 1.6 0.9333334 1.6 1.066667 1.622222 0.9333334 1.622222 0.9333334 1.6 0.9333334 1.622222 0.8000001 1.6 0.8000001 1.6 0.9333334 1.622222 0.8000001 1.622222 0.8000001 1.6 0.8000001 1.622222 0.6666667 1.6 0.6666667 1.6 0.8000001 1.622222 0.6666667 1.622222 0.6666667 1.6 0.6666667 1.622222 0.5333334 1.6 0.5333334 1.6 0.6666667 1.622222 0.5333334 1.622222 0.5333334 1.6 0.5333334 1.622222 0.4 1.6 0.4 1.6 0.5333334 1.622222 0.4 1.622222 0.4 1.6 0.4 1.622222 0.2666667 1.6 0.2666667 1.6 0.4 1.622222 0.2666667 1.622222 0.2666667 1.6 0.2666667 1.622222 0.1333333 1.6 0.1333333 1.6 0.2666667 1.622222 0.1333333 1.622222 0.1333333 1.6 0.1333333 1.622222 0 1.6 2 1.622222 2 1.644444 1.866667 1.622222 0 1.622222 0.1333333 1.644444 0 1.644444 1.866667 1.622222 2 1.644444 1.866667 1.644444 1.866667 1.622222 1.866667 1.644444 1.733333 1.622222 1.733333 1.622222 1.866667 1.644444 1.733333 1.644444 1.733333 1.622222 1.733333 1.644444 1.6 1.622222 1.6 1.622222 1.733333 1.644444 1.6 1.644444 1.6 1.622222 1.6 1.644444 1.466667 1.622222 1.466667 1.622222 1.6 1.644444 1.466667 1.644444 1.466667 1.622222 1.466667 1.644444 1.333333 1.622222 1.333333 1.622222 1.466667 1.644444 1.333333 1.644444 1.333333 1.622222 1.333333 1.644444 1.2 1.622222 1.2 1.622222 1.333333 1.644444 1.2 1.644444 1.2 1.622222 1.2 1.644444 1.066667 1.622222 1.066667 1.622222 1.2 1.644444 1.066667 1.644444 1.066667 1.622222 1.066667 1.644444 0.9333334 1.622222 0.9333334 1.622222 1.066667 1.644444 0.9333334 1.644444 0.9333334 1.622222 0.9333334 1.644444 0.8000001 1.622222 0.8000001 1.622222 0.9333334 1.644444 0.8000001 1.644444 0.8000001 1.622222 0.8000001 1.644444 0.6666667 1.622222 0.6666667 1.622222 0.8000001 1.644444 0.6666667 1.644444 0.6666667 1.622222 0.6666667 1.644444 0.5333334 1.622222 0.5333334 1.622222 0.6666667 1.644444 0.5333334 1.644444 0.5333334 1.622222 0.5333334 1.644444 0.4 1.622222 0.4 1.622222 0.5333334 1.644444 0.4 1.644444 0.4 1.622222 0.4 1.644444 0.2666667 1.622222 0.2666667 1.622222 0.4 1.644444 0.2666667 1.644444 0.2666667 1.622222 0.2666667 1.644444 0.1333333 1.622222 0.1333333 1.622222 0.2666667 1.644444 0.1333333 1.644444 0.1333333 1.622222 0.1333333 1.644444 0 1.622222 2 1.644444 2 1.666667 1.866667 1.644444 0 1.644444 0.1333333 1.666667 0 1.666667 1.866667 1.644444 2 1.666667 1.866667 1.666667 1.866667 1.644444 1.866667 1.666667 1.733333 1.644444 1.733333 1.644444 1.866667 1.666667 1.733333 1.666667 1.733333 1.644444 1.733333 1.666667 1.6 1.644444 1.6 1.644444 1.733333 1.666667 1.6 1.666667 1.6 1.644444 1.6 1.666667 1.466667 1.644444 1.466667 1.644444 1.6 1.666667 1.466667 1.666667 1.466667 1.644444 1.466667 1.666667 1.333333 1.644444 1.333333 1.644444 1.466667 1.666667 1.333333 1.666667 1.333333 1.644444 1.333333 1.666667 1.2 1.644444 1.2 1.644444 1.333333 1.666667 1.2 1.666667 1.2 1.644444 1.2 1.666667 1.066667 1.644444 1.066667 1.644444 1.2 1.666667 1.066667 1.666667 1.066667 1.644444 1.066667 1.666667 0.9333334 1.644444 0.9333334 1.644444 1.066667 1.666667 0.9333334 1.666667 0.9333334 1.644444 0.9333334 1.666667 0.8000001 1.644444 0.8000001 1.644444 0.9333334 1.666667 0.8000001 1.666667 0.8000001 1.644444 0.8000001 1.666667 0.6666667 1.644444 0.6666667 1.644444 0.8000001 1.666667 0.6666667 1.666667 0.6666667 1.644444 0.6666667 1.666667 0.5333334 1.644444 0.5333334 1.644444 0.6666667 1.666667 0.5333334 1.666667 0.5333334 1.644444 0.5333334 1.666667 0.4 1.644444 0.4 1.644444 0.5333334 1.666667 0.4 1.666667 0.4 1.644444 0.4 1.666667 0.2666667 1.644444 0.2666667 1.644444 0.4 1.666667 0.2666667 1.666667 0.2666667 1.644444 0.2666667 1.666667 0.1333333 1.644444 0.1333333 1.644444 0.2666667 1.666667 0.1333333 1.666667 0.1333333 1.644444 0.1333333 1.666667 0 1.644444 2 1.666667 2 1.688889 1.866667 1.666667 0 1.666667 0.1333333 1.688889 0 1.688889 1.866667 1.666667 2 1.688889 1.866667 1.688889 1.866667 1.666667 1.866667 1.688889 1.733333 1.666667 1.733333 1.666667 1.866667 1.688889 1.733333 1.688889 1.733333 1.666667 1.733333 1.688889 1.6 1.666667 1.6 1.666667 1.733333 1.688889 1.6 1.688889 1.6 1.666667 1.6 1.688889 1.466667 1.666667 1.466667 1.666667 1.6 1.688889 1.466667 1.688889 1.466667 1.666667 1.466667 1.688889 1.333333 1.666667 1.333333 1.666667 1.466667 1.688889 1.333333 1.688889 1.333333 1.666667 1.333333 1.688889 1.2 1.666667 1.2 1.666667 1.333333 1.688889 1.2 1.688889 1.2 1.666667 1.2 1.688889 1.066667 1.666667 1.066667 1.666667 1.2 1.688889 1.066667 1.688889 1.066667 1.666667 1.066667 1.688889 0.9333334 1.666667 0.9333334 1.666667 1.066667 1.688889 0.9333334 1.688889 0.9333334 1.666667 0.9333334 1.688889 0.8000001 1.666667 0.8000001 1.666667 0.9333334 1.688889 0.8000001 1.688889 0.8000001 1.666667 0.8000001 1.688889 0.6666667 1.666667 0.6666667 1.666667 0.8000001 1.688889 0.6666667 1.688889 0.6666667 1.666667 0.6666667 1.688889 0.5333334 1.666667 0.5333334 1.666667 0.6666667 1.688889 0.5333334 1.688889 0.5333334 1.666667 0.5333334 1.688889 0.4 1.666667 0.4 1.666667 0.5333334 1.688889 0.4 1.688889 0.4 1.666667 0.4 1.688889 0.2666667 1.666667 0.2666667 1.666667 0.4 1.688889 0.2666667 1.688889 0.2666667 1.666667 0.2666667 1.688889 0.1333333 1.666667 0.1333333 1.666667 0.2666667 1.688889 0.1333333 1.688889 0.1333333 1.666667 0.1333333 1.688889 0 1.666667 2 1.688889 2 1.711111 1.866667 1.688889 0 1.688889 0.1333333 1.711111 0 1.711111 1.866667 1.688889 2 1.711111 1.866667 1.711111 1.866667 1.688889 1.866667 1.711111 1.733333 1.688889 1.733333 1.688889 1.866667 1.711111 1.733333 1.711111 1.733333 1.688889 1.733333 1.711111 1.6 1.688889 1.6 1.688889 1.733333 1.711111 1.6 1.711111 1.6 1.688889 1.6 1.711111 1.466667 1.688889 1.466667 1.688889 1.6 1.711111 1.466667 1.711111 1.466667 1.688889 1.466667 1.711111 1.333333 1.688889 1.333333 1.688889 1.466667 1.711111 1.333333 1.711111 1.333333 1.688889 1.333333 1.711111 1.2 1.688889 1.2 1.688889 1.333333 1.711111 1.2 1.711111 1.2 1.688889 1.2 1.711111 1.066667 1.688889 1.066667 1.688889 1.2 1.711111 1.066667 1.711111 1.066667 1.688889 1.066667 1.711111 0.9333334 1.688889 0.9333334 1.688889 1.066667 1.711111 0.9333334 1.711111 0.9333334 1.688889 0.9333334 1.711111 0.8000001 1.688889 0.8000001 1.688889 0.9333334 1.711111 0.8000001 1.711111 0.8000001 1.688889 0.8000001 1.711111 0.6666667 1.688889 0.6666667 1.688889 0.8000001 1.711111 0.6666667 1.711111 0.6666667 1.688889 0.6666667 1.711111 0.5333334 1.688889 0.5333334 1.688889 0.6666667 1.711111 0.5333334 1.711111 0.5333334 1.688889 0.5333334 1.711111 0.4 1.688889 0.4 1.688889 0.5333334 1.711111 0.4 1.711111 0.4 1.688889 0.4 1.711111 0.2666667 1.688889 0.2666667 1.688889 0.4 1.711111 0.2666667 1.711111 0.2666667 1.688889 0.2666667 1.711111 0.1333333 1.688889 0.1333333 1.688889 0.2666667 1.711111 0.1333333 1.711111 0.1333333 1.688889 0.1333333 1.711111 0 1.688889 2 1.711111 2 1.733333 1.866667 1.711111 0 1.711111 0.1333333 1.733333 0 1.733333 1.866667 1.711111 2 1.733333 1.866667 1.733333 1.866667 1.711111 1.866667 1.733333 1.733333 1.711111 1.733333 1.711111 1.866667 1.733333 1.733333 1.733333 1.733333 1.711111 1.733333 1.733333 1.6 1.711111 1.6 1.711111 1.733333 1.733333 1.6 1.733333 1.6 1.711111 1.6 1.733333 1.466667 1.711111 1.466667 1.711111 1.6 1.733333 1.466667 1.733333 1.466667 1.711111 1.466667 1.733333 1.333333 1.711111 1.333333 1.711111 1.466667 1.733333 1.333333 1.733333 1.333333 1.711111 1.333333 1.733333 1.2 1.711111 1.2 1.711111 1.333333 1.733333 1.2 1.733333 1.2 1.711111 1.2 1.733333 1.066667 1.711111 1.066667 1.711111 1.2 1.733333 1.066667 1.733333 1.066667 1.711111 1.066667 1.733333 0.9333334 1.711111 0.9333334 1.711111 1.066667 1.733333 0.9333334 1.733333 0.9333334 1.711111 0.9333334 1.733333 0.8000001 1.711111 0.8000001 1.711111 0.9333334 1.733333 0.8000001 1.733333 0.8000001 1.711111 0.8000001 1.733333 0.6666667 1.711111 0.6666667 1.711111 0.8000001 1.733333 0.6666667 1.733333 0.6666667 1.711111 0.6666667 1.733333 0.5333334 1.711111 0.5333334 1.711111 0.6666667 1.733333 0.5333334 1.733333 0.5333334 1.711111 0.5333334 1.733333 0.4 1.711111 0.4 1.711111 0.5333334 1.733333 0.4 1.733333 0.4 1.711111 0.4 1.733333 0.2666667 1.711111 0.2666667 1.711111 0.4 1.733333 0.2666667 1.733333 0.2666667 1.711111 0.2666667 1.733333 0.1333333 1.711111 0.1333333 1.711111 0.2666667 1.733333 0.1333333 1.733333 0.1333333 1.711111 0.1333333 1.733333 0 1.711111 2 1.733333 2 1.755555 1.866667 1.733333 0 1.733333 0.1333333 1.755555 0 1.755555 1.866667 1.733333 2 1.755555 1.866667 1.755555 1.866667 1.733333 1.866667 1.755555 1.733333 1.733333 1.733333 1.733333 1.866667 1.755555 1.733333 1.755555 1.733333 1.733333 1.733333 1.755555 1.6 1.733333 1.6 1.733333 1.733333 1.755555 1.6 1.755555 1.6 1.733333 1.6 1.755555 1.466667 1.733333 1.466667 1.733333 1.6 1.755555 1.466667 1.755555 1.466667 1.733333 1.466667 1.755555 1.333333 1.733333 1.333333 1.733333 1.466667 1.755555 1.333333 1.755555 1.333333 1.733333 1.333333 1.755555 1.2 1.733333 1.2 1.733333 1.333333 1.755555 1.2 1.755555 1.2 1.733333 1.2 1.755555 1.066667 1.733333 1.066667 1.733333 1.2 1.755555 1.066667 1.755555 1.066667 1.733333 1.066667 1.755555 0.9333334 1.733333 0.9333334 1.733333 1.066667 1.755555 0.9333334 1.755555 0.9333334 1.733333 0.9333334 1.755555 0.8000001 1.733333 0.8000001 1.733333 0.9333334 1.755555 0.8000001 1.755555 0.8000001 1.733333 0.8000001 1.755555 0.6666667 1.733333 0.6666667 1.733333 0.8000001 1.755555 0.6666667 1.755555 0.6666667 1.733333 0.6666667 1.755555 0.5333334 1.733333 0.5333334 1.733333 0.6666667 1.755555 0.5333334 1.755555 0.5333334 1.733333 0.5333334 1.755555 0.4 1.733333 0.4 1.733333 0.5333334 1.755555 0.4 1.755555 0.4 1.733333 0.4 1.755555 0.2666667 1.733333 0.2666667 1.733333 0.4 1.755555 0.2666667 1.755555 0.2666667 1.733333 0.2666667 1.755555 0.1333333 1.733333 0.1333333 1.733333 0.2666667 1.755555 0.1333333 1.755555 0.1333333 1.733333 0.1333333 1.755555 0 1.733333 2 1.755555 2 1.777778 1.866667 1.755555 0 1.755555 0.1333333 1.777778 0 1.777778 1.866667 1.755555 2 1.777778 1.866667 1.777778 1.866667 1.755555 1.866667 1.777778 1.733333 1.755555 1.733333 1.755555 1.866667 1.777778 1.733333 1.777778 1.733333 1.755555 1.733333 1.777778 1.6 1.755555 1.6 1.755555 1.733333 1.777778 1.6 1.777778 1.6 1.755555 1.6 1.777778 1.466667 1.755555 1.466667 1.755555 1.6 1.777778 1.466667 1.777778 1.466667 1.755555 1.466667 1.777778 1.333333 1.755555 1.333333 1.755555 1.466667 1.777778 1.333333 1.777778 1.333333 1.755555 1.333333 1.777778 1.2 1.755555 1.2 1.755555 1.333333 1.777778 1.2 1.777778 1.2 1.755555 1.2 1.777778 1.066667 1.755555 1.066667 1.755555 1.2 1.777778 1.066667 1.777778 1.066667 1.755555 1.066667 1.777778 0.9333334 1.755555 0.9333334 1.755555 1.066667 1.777778 0.9333334 1.777778 0.9333334 1.755555 0.9333334 1.777778 0.8000001 1.755555 0.8000001 1.755555 0.9333334 1.777778 0.8000001 1.777778 0.8000001 1.755555 0.8000001 1.777778 0.6666667 1.755555 0.6666667 1.755555 0.8000001 1.777778 0.6666667 1.777778 0.6666667 1.755555 0.6666667 1.777778 0.5333334 1.755555 0.5333334 1.755555 0.6666667 1.777778 0.5333334 1.777778 0.5333334 1.755555 0.5333334 1.777778 0.4 1.755555 0.4 1.755555 0.5333334 1.777778 0.4 1.777778 0.4 1.755555 0.4 1.777778 0.2666667 1.755555 0.2666667 1.755555 0.4 1.777778 0.2666667 1.777778 0.2666667 1.755555 0.2666667 1.777778 0.1333333 1.755555 0.1333333 1.755555 0.2666667 1.777778 0.1333333 1.777778 0.1333333 1.755555 0.1333333 1.777778 0 1.755555 2 1.777778 2 1.8 1.866667 1.777778 0 1.777778 0.1333333 1.8 0 1.8 1.866667 1.777778 2 1.8 1.866667 1.8 1.866667 1.777778 1.866667 1.8 1.733333 1.777778 1.733333 1.777778 1.866667 1.8 1.733333 1.8 1.733333 1.777778 1.733333 1.8 1.6 1.777778 1.6 1.777778 1.733333 1.8 1.6 1.8 1.6 1.777778 1.6 1.8 1.466667 1.777778 1.466667 1.777778 1.6 1.8 1.466667 1.8 1.466667 1.777778 1.466667 1.8 1.333333 1.777778 1.333333 1.777778 1.466667 1.8 1.333333 1.8 1.333333 1.777778 1.333333 1.8 1.2 1.777778 1.2 1.777778 1.333333 1.8 1.2 1.8 1.2 1.777778 1.2 1.8 1.066667 1.777778 1.066667 1.777778 1.2 1.8 1.066667 1.8 1.066667 1.777778 1.066667 1.8 0.9333334 1.777778 0.9333334 1.777778 1.066667 1.8 0.9333334 1.8 0.9333334 1.777778 0.9333334 1.8 0.8000001 1.777778 0.8000001 1.777778 0.9333334 1.8 0.8000001 1.8 0.8000001 1.777778 0.8000001 1.8 0.6666667 1.777778 0.6666667 1.777778 0.8000001 1.8 0.6666667 1.8 0.6666667 1.777778 0.6666667 1.8 0.5333334 1.777778 0.5333334 1.777778 0.6666667 1.8 0.5333334 1.8 0.5333334 1.777778 0.5333334 1.8 0.4 1.777778 0.4 1.777778 0.5333334 1.8 0.4 1.8 0.4 1.777778 0.4 1.8 0.2666667 1.777778 0.2666667 1.777778 0.4 1.8 0.2666667 1.8 0.2666667 1.777778 0.2666667 1.8 0.1333333 1.777778 0.1333333 1.777778 0.2666667 1.8 0.1333333 1.8 0.1333333 1.777778 0.1333333 1.8 0 1.777778 2 1.8 2 1.822222 1.866667 1.8 0 1.8 0.1333333 1.822222 0 1.822222 1.866667 1.8 2 1.822222 1.866667 1.822222 1.866667 1.8 1.866667 1.822222 1.733333 1.8 1.733333 1.8 1.866667 1.822222 1.733333 1.822222 1.733333 1.8 1.733333 1.822222 1.6 1.8 1.6 1.8 1.733333 1.822222 1.6 1.822222 1.6 1.8 1.6 1.822222 1.466667 1.8 1.466667 1.8 1.6 1.822222 1.466667 1.822222 1.466667 1.8 1.466667 1.822222 1.333333 1.8 1.333333 1.8 1.466667 1.822222 1.333333 1.822222 1.333333 1.8 1.333333 1.822222 1.2 1.8 1.2 1.8 1.333333 1.822222 1.2 1.822222 1.2 1.8 1.2 1.822222 1.066667 1.8 1.066667 1.8 1.2 1.822222 1.066667 1.822222 1.066667 1.8 1.066667 1.822222 0.9333334 1.8 0.9333334 1.8 1.066667 1.822222 0.9333334 1.822222 0.9333334 1.8 0.9333334 1.822222 0.8000001 1.8 0.8000001 1.8 0.9333334 1.822222 0.8000001 1.822222 0.8000001 1.8 0.8000001 1.822222 0.6666667 1.8 0.6666667 1.8 0.8000001 1.822222 0.6666667 1.822222 0.6666667 1.8 0.6666667 1.822222 0.5333334 1.8 0.5333334 1.8 0.6666667 1.822222 0.5333334 1.822222 0.5333334 1.8 0.5333334 1.822222 0.4 1.8 0.4 1.8 0.5333334 1.822222 0.4 1.822222 0.4 1.8 0.4 1.822222 0.2666667 1.8 0.2666667 1.8 0.4 1.822222 0.2666667 1.822222 0.2666667 1.8 0.2666667 1.822222 0.1333333 1.8 0.1333333 1.8 0.2666667 1.822222 0.1333333 1.822222 0.1333333 1.8 0.1333333 1.822222 0 1.8 2 1.822222 2 1.844444 1.866667 1.822222 0 1.822222 0.1333333 1.844444 0 1.844444 1.866667 1.822222 2 1.844444 1.866667 1.844444 1.866667 1.822222 1.866667 1.844444 1.733333 1.822222 1.733333 1.822222 1.866667 1.844444 1.733333 1.844444 1.733333 1.822222 1.733333 1.844444 1.6 1.822222 1.6 1.822222 1.733333 1.844444 1.6 1.844444 1.6 1.822222 1.6 1.844444 1.466667 1.822222 1.466667 1.822222 1.6 1.844444 1.466667 1.844444 1.466667 1.822222 1.466667 1.844444 1.333333 1.822222 1.333333 1.822222 1.466667 1.844444 1.333333 1.844444 1.333333 1.822222 1.333333 1.844444 1.2 1.822222 1.2 1.822222 1.333333 1.844444 1.2 1.844444 1.2 1.822222 1.2 1.844444 1.066667 1.822222 1.066667 1.822222 1.2 1.844444 1.066667 1.844444 1.066667 1.822222 1.066667 1.844444 0.9333334 1.822222 0.9333334 1.822222 1.066667 1.844444 0.9333334 1.844444 0.9333334 1.822222 0.9333334 1.844444 0.8000001 1.822222 0.8000001 1.822222 0.9333334 1.844444 0.8000001 1.844444 0.8000001 1.822222 0.8000001 1.844444 0.6666667 1.822222 0.6666667 1.822222 0.8000001 1.844444 0.6666667 1.844444 0.6666667 1.822222 0.6666667 1.844444 0.5333334 1.822222 0.5333334 1.822222 0.6666667 1.844444 0.5333334 1.844444 0.5333334 1.822222 0.5333334 1.844444 0.4 1.822222 0.4 1.822222 0.5333334 1.844444 0.4 1.844444 0.4 1.822222 0.4 1.844444 0.2666667 1.822222 0.2666667 1.822222 0.4 1.844444 0.2666667 1.844444 0.2666667 1.822222 0.2666667 1.844444 0.1333333 1.822222 0.1333333 1.822222 0.2666667 1.844444 0.1333333 1.844444 0.1333333 1.822222 0.1333333 1.844444 0 1.822222 2 1.844444 2 1.866667 1.866667 1.844444 0 1.844444 0.1333333 1.866667 0 1.866667 1.866667 1.844444 2 1.866667 1.866667 1.866667 1.866667 1.844444 1.866667 1.866667 1.733333 1.844444 1.733333 1.844444 1.866667 1.866667 1.733333 1.866667 1.733333 1.844444 1.733333 1.866667 1.6 1.844444 1.6 1.844444 1.733333 1.866667 1.6 1.866667 1.6 1.844444 1.6 1.866667 1.466667 1.844444 1.466667 1.844444 1.6 1.866667 1.466667 1.866667 1.466667 1.844444 1.466667 1.866667 1.333333 1.844444 1.333333 1.844444 1.466667 1.866667 1.333333 1.866667 1.333333 1.844444 1.333333 1.866667 1.2 1.844444 1.2 1.844444 1.333333 1.866667 1.2 1.866667 1.2 1.844444 1.2 1.866667 1.066667 1.844444 1.066667 1.844444 1.2 1.866667 1.066667 1.866667 1.066667 1.844444 1.066667 1.866667 0.9333334 1.844444 0.9333334 1.844444 1.066667 1.866667 0.9333334 1.866667 0.9333334 1.844444 0.9333334 1.866667 0.8000001 1.844444 0.8000001 1.844444 0.9333334 1.866667 0.8000001 1.866667 0.8000001 1.844444 0.8000001 1.866667 0.6666667 1.844444 0.6666667 1.844444 0.8000001 1.866667 0.6666667 1.866667 0.6666667 1.844444 0.6666667 1.866667 0.5333334 1.844444 0.5333334 1.844444 0.6666667 1.866667 0.5333334 1.866667 0.5333334 1.844444 0.5333334 1.866667 0.4 1.844444 0.4 1.844444 0.5333334 1.866667 0.4 1.866667 0.4 1.844444 0.4 1.866667 0.2666667 1.844444 0.2666667 1.844444 0.4 1.866667 0.2666667 1.866667 0.2666667 1.844444 0.2666667 1.866667 0.1333333 1.844444 0.1333333 1.844444 0.2666667 1.866667 0.1333333 1.866667 0.1333333 1.844444 0.1333333 1.866667 0 1.844444 2 1.866667 2 1.888889 1.866667 1.866667 0 1.866667 0.1333333 1.888889 0 1.888889 1.866667 1.866667 2 1.888889 1.866667 1.888889 1.866667 1.866667 1.866667 1.888889 1.733333 1.866667 1.733333 1.866667 1.866667 1.888889 1.733333 1.888889 1.733333 1.866667 1.733333 1.888889 1.6 1.866667 1.6 1.866667 1.733333 1.888889 1.6 1.888889 1.6 1.866667 1.6 1.888889 1.466667 1.866667 1.466667 1.866667 1.6 1.888889 1.466667 1.888889 1.466667 1.866667 1.466667 1.888889 1.333333 1.866667 1.333333 1.866667 1.466667 1.888889 1.333333 1.888889 1.333333 1.866667 1.333333 1.888889 1.2 1.866667 1.2 1.866667 1.333333 1.888889 1.2 1.888889 1.2 1.866667 1.2 1.888889 1.066667 1.866667 1.066667 1.866667 1.2 1.888889 1.066667 1.888889 1.066667 1.866667 1.066667 1.888889 0.9333334 1.866667 0.9333334 1.866667 1.066667 1.888889 0.9333334 1.888889 0.9333334 1.866667 0.9333334 1.888889 0.8000001 1.866667 0.8000001 1.866667 0.9333334 1.888889 0.8000001 1.888889 0.8000001 1.866667 0.8000001 1.888889 0.6666667 1.866667 0.6666667 1.866667 0.8000001 1.888889 0.6666667 1.888889 0.6666667 1.866667 0.6666667 1.888889 0.5333334 1.866667 0.5333334 1.866667 0.6666667 1.888889 0.5333334 1.888889 0.5333334 1.866667 0.5333334 1.888889 0.4 1.866667 0.4 1.866667 0.5333334 1.888889 0.4 1.888889 0.4 1.866667 0.4 1.888889 0.2666667 1.866667 0.2666667 1.866667 0.4 1.888889 0.2666667 1.888889 0.2666667 1.866667 0.2666667 1.888889 0.1333333 1.866667 0.1333333 1.866667 0.2666667 1.888889 0.1333333 1.888889 0.1333333 1.866667 0.1333333 1.888889 0 1.866667 2 1.888889 2 1.911111 1.866667 1.888889 0 1.888889 0.1333333 1.911111 0 1.911111 1.866667 1.888889 2 1.911111 1.866667 1.911111 1.866667 1.888889 1.866667 1.911111 1.733333 1.888889 1.733333 1.888889 1.866667 1.911111 1.733333 1.911111 1.733333 1.888889 1.733333 1.911111 1.6 1.888889 1.6 1.888889 1.733333 1.911111 1.6 1.911111 1.6 1.888889 1.6 1.911111 1.466667 1.888889 1.466667 1.888889 1.6 1.911111 1.466667 1.911111 1.466667 1.888889 1.466667 1.911111 1.333333 1.888889 1.333333 1.888889 1.466667 1.911111 1.333333 1.911111 1.333333 1.888889 1.333333 1.911111 1.2 1.888889 1.2 1.888889 1.333333 1.911111 1.2 1.911111 1.2 1.888889 1.2 1.911111 1.066667 1.888889 1.066667 1.888889 1.2 1.911111 1.066667 1.911111 1.066667 1.888889 1.066667 1.911111 0.9333334 1.888889 0.9333334 1.888889 1.066667 1.911111 0.9333334 1.911111 0.9333334 1.888889 0.9333334 1.911111 0.8000001 1.888889 0.8000001 1.888889 0.9333334 1.911111 0.8000001 1.911111 0.8000001 1.888889 0.8000001 1.911111 0.6666667 1.888889 0.6666667 1.888889 0.8000001 1.911111 0.6666667 1.911111 0.6666667 1.888889 0.6666667 1.911111 0.5333334 1.888889 0.5333334 1.888889 0.6666667 1.911111 0.5333334 1.911111 0.5333334 1.888889 0.5333334 1.911111 0.4 1.888889 0.4 1.888889 0.5333334 1.911111 0.4 1.911111 0.4 1.888889 0.4 1.911111 0.2666667 1.888889 0.2666667 1.888889 0.4 1.911111 0.2666667 1.911111 0.2666667 1.888889 0.2666667 1.911111 0.1333333 1.888889 0.1333333 1.888889 0.2666667 1.911111 0.1333333 1.911111 0.1333333 1.888889 0.1333333 1.911111 0 1.888889 2 1.911111 2 1.933333 1.866667 1.911111 0 1.911111 0.1333333 1.933333 0 1.933333 1.866667 1.911111 2 1.933333 1.866667 1.933333 1.866667 1.911111 1.866667 1.933333 1.733333 1.911111 1.733333 1.911111 1.866667 1.933333 1.733333 1.933333 1.733333 1.911111 1.733333 1.933333 1.6 1.911111 1.6 1.911111 1.733333 1.933333 1.6 1.933333 1.6 1.911111 1.6 1.933333 1.466667 1.911111 1.466667 1.911111 1.6 1.933333 1.466667 1.933333 1.466667 1.911111 1.466667 1.933333 1.333333 1.911111 1.333333 1.911111 1.466667 1.933333 1.333333 1.933333 1.333333 1.911111 1.333333 1.933333 1.2 1.911111 1.2 1.911111 1.333333 1.933333 1.2 1.933333 1.2 1.911111 1.2 1.933333 1.066667 1.911111 1.066667 1.911111 1.2 1.933333 1.066667 1.933333 1.066667 1.911111 1.066667 1.933333 0.9333334 1.911111 0.9333334 1.911111 1.066667 1.933333 0.9333334 1.933333 0.9333334 1.911111 0.9333334 1.933333 0.8000001 1.911111 0.8000001 1.911111 0.9333334 1.933333 0.8000001 1.933333 0.8000001 1.911111 0.8000001 1.933333 0.6666667 1.911111 0.6666667 1.911111 0.8000001 1.933333 0.6666667 1.933333 0.6666667 1.911111 0.6666667 1.933333 0.5333334 1.911111 0.5333334 1.911111 0.6666667 1.933333 0.5333334 1.933333 0.5333334 1.911111 0.5333334 1.933333 0.4 1.911111 0.4 1.911111 0.5333334 1.933333 0.4 1.933333 0.4 1.911111 0.4 1.933333 0.2666667 1.911111 0.2666667 1.911111 0.4 1.933333 0.2666667 1.933333 0.2666667 1.911111 0.2666667 1.933333 0.1333333 1.911111 0.1333333 1.911111 0.2666667 1.933333 0.1333333 1.933333 0.1333333 1.911111 0.1333333 1.933333 0 1.911111 2 1.933333 2 1.955556 1.866667 1.933333 0 1.933333 0.1333333 1.955556 0 1.955556 1.866667 1.933333 2 1.955556 1.866667 1.955556 1.866667 1.933333 1.866667 1.955556 1.733333 1.933333 1.733333 1.933333 1.866667 1.955556 1.733333 1.955556 1.733333 1.933333 1.733333 1.955556 1.6 1.933333 1.6 1.933333 1.733333 1.955556 1.6 1.955556 1.6 1.933333 1.6 1.955556 1.466667 1.933333 1.466667 1.933333 1.6 1.955556 1.466667 1.955556 1.466667 1.933333 1.466667 1.955556 1.333333 1.933333 1.333333 1.933333 1.466667 1.955556 1.333333 1.955556 1.333333 1.933333 1.333333 1.955556 1.2 1.933333 1.2 1.933333 1.333333 1.955556 1.2 1.955556 1.2 1.933333 1.2 1.955556 1.066667 1.933333 1.066667 1.933333 1.2 1.955556 1.066667 1.955556 1.066667 1.933333 1.066667 1.955556 0.9333334 1.933333 0.9333334 1.933333 1.066667 1.955556 0.9333334 1.955556 0.9333334 1.933333 0.9333334 1.955556 0.8000001 1.933333 0.8000001 1.933333 0.9333334 1.955556 0.8000001 1.955556 0.8000001 1.933333 0.8000001 1.955556 0.6666667 1.933333 0.6666667 1.933333 0.8000001 1.955556 0.6666667 1.955556 0.6666667 1.933333 0.6666667 1.955556 0.5333334 1.933333 0.5333334 1.933333 0.6666667 1.955556 0.5333334 1.955556 0.5333334 1.933333 0.5333334 1.955556 0.4 1.933333 0.4 1.933333 0.5333334 1.955556 0.4 1.955556 0.4 1.933333 0.4 1.955556 0.2666667 1.933333 0.2666667 1.933333 0.4 1.955556 0.2666667 1.955556 0.2666667 1.933333 0.2666667 1.955556 0.1333333 1.933333 0.1333333 1.933333 0.2666667 1.955556 0.1333333 1.955556 0.1333333 1.933333 0.1333333 1.955556 0 1.933333 2 1.955556 1 1.977778 1.866667 1.955556 1.866667 1.955556 1 1.977778 1.733333 1.955556 1.733333 1.955556 1 1.977778 1.6 1.955556 1.6 1.955556 1 1.977778 1.466667 1.955556 1.466667 1.955556 1 1.977778 1.333333 1.955556 1.333333 1.955556 1 1.977778 1.2 1.955556 1.2 1.955556 1 1.977778 1.066667 1.955556 1.066667 1.955556 1 1.977778 0.9333334 1.955556 0.9333334 1.955556 1 1.977778 0.8000001 1.955556 0.8000001 1.955556 1 1.977778 0.6666667 1.955556 0.6666667 1.955556 1 1.977778 0.5333334 1.955556 0.5333334 1.955556 1 1.977778 0.4 1.955556 0.4 1.955556 1 1.977778 0.2666667 1.955556 0.2666667 1.955556 1 1.977778 0.1333333 1.955556 0.1333333 1.955556 1 1.977778 0 1.955556</float_array>
          <technique_common>
            <accessor source="#AG16_3_001-mesh-map-0-array" count="3915" stride="2">
              <param name="S" type="float"/>
              <param name="T" type="float"/>
            </accessor>
          </technique_common>
        </source>
        <vertices id="AG16_3_001-mesh-vertices">
          <input semantic="POSITION" source="#AG16_3_001-mesh-positions"/>
        </vertices>
        <triangles material="AG16_Branch2-material" count="1305">
          <input semantic="VERTEX" source="#AG16_3_001-mesh-vertices" offset="0"/>
          <input semantic="NORMAL" source="#AG16_3_001-mesh-normals" offset="1"/>
          <input semantic="TEXCOORD" source="#AG16_3_001-mesh-map-0" offset="2" set="0"/>
          <p>0 0 0 1 0 1 2 0 2 3 1 3 4 1 4 5 1 5 2 2 6 1 2 7 6 2 8 2 3 9 6 3 10 7 3 11 7 4 12 6 4 13 8 4 14 7 5 15 8 5 16 9 5 17 9 6 18 8 6 19 10 6 20 9 7 21 10 7 22 11 7 23 11 8 24 10 8 25 12 8 26 11 9 27 12 9 28 13 9 29 13 10 30 12 10 31 14 10 32 13 11 33 14 11 34 15 11 35 15 12 36 14 12 37 16 12 38 15 13 39 16 13 40 17 13 41 17 14 42 16 14 43 18 14 44 17 15 45 18 15 46 19 15 47 19 16 48 18 16 49 20 16 50 19 17 51 20 17 52 21 17 53 21 18 54 20 18 55 22 18 56 21 19 57 22 19 58 23 19 59 23 20 60 22 20 61 24 20 62 23 21 63 24 21 64 25 21 65 25 22 66 24 22 67 26 22 68 25 23 69 26 23 70 27 23 71 27 24 72 26 24 73 28 24 74 27 25 75 28 25 76 29 25 77 29 26 78 28 26 79 30 26 80 29 27 81 30 27 82 31 27 83 31 28 84 30 28 85 4 28 86 31 29 87 4 29 88 3 29 89 1 30 90 32 30 91 6 30 92 5 31 93 33 31 94 34 31 95 6 32 96 32 32 97 35 32 98 6 33 99 35 33 100 8 33 101 8 34 102 35 34 103 36 34 104 8 35 105 36 35 106 10 35 107 10 36 108 36 36 109 37 36 110 10 37 111 37 37 112 12 37 113 12 38 114 37 38 115 38 38 116 12 39 117 38 39 118 14 39 119 14 40 120 38 40 121 39 40 122 14 41 123 39 41 124 16 41 125 16 42 126 39 42 127 40 42 128 16 43 129 40 43 130 18 43 131 18 44 132 40 44 133 41 44 134 18 45 135 41 45 136 20 45 137 20 46 138 41 46 139 42 46 140 20 47 141 42 47 142 22 47 143 22 48 144 42 48 145 43 48 146 22 49 147 43 49 148 24 49 149 24 50 150 43 50 151 44 50 152 24 51 153 44 51 154 26 51 155 26 52 156 44 52 157 45 52 158 26 53 159 45 53 160 28 53 161 28 54 162 45 54 163 46 54 164 28 55 165 46 55 166 30 55 167 30 56 168 46 56 169 47 56 170 30 57 171 47 57 172 4 57 173 4 58 174 47 58 175 33 58 176 4 59 177 33 59 178 5 59 179 32 60 180 48 60 181 35 60 182 34 61 183 49 61 184 50 61 185 35 62 186 48 62 187 51 62 188 35 63 189 51 63 190 36 63 191 36 64 192 51 64 193 52 64 194 36 65 195 52 65 196 37 65 197 37 66 198 52 66 199 53 66 200 37 67 201 53 67 202 38 67 203 38 68 204 53 68 205 54 68 206 38 69 207 54 69 208 39 69 209 39 70 210 54 70 211 55 70 212 39 71 213 55 71 214 40 71 215 40 72 216 55 72 217 56 72 218 40 73 219 56 73 220 41 73 221 41 74 222 56 74 223 57 74 224 41 75 225 57 75 226 42 75 227 42 76 228 57 76 229 58 76 230 42 77 231 58 77 232 43 77 233 43 78 234 58 78 235 59 78 236 43 79 237 59 79 238 44 79 239 44 80 240 59 80 241 60 80 242 44 81 243 60 81 244 45 81 245 45 82 246 60 82 247 61 82 248 45 83 249 61 83 250 46 83 251 46 84 252 61 84 253 62 84 254 46 85 255 62 85 256 47 85 257 47 86 258 62 86 259 63 86 260 47 87 261 63 87 262 33 87 263 33 88 264 63 88 265 49 88 266 33 89 267 49 89 268 34 89 269 48 90 270 64 90 271 51 90 272 50 91 273 65 91 274 66 91 275 51 92 276 64 92 277 67 92 278 51 93 279 67 93 280 52 93 281 52 94 282 67 94 283 68 94 284 52 95 285 68 95 286 53 95 287 53 96 288 68 96 289 69 96 290 53 97 291 69 97 292 54 97 293 54 98 294 69 98 295 70 98 296 54 99 297 70 99 298 55 99 299 55 100 300 70 100 301 71 100 302 55 101 303 71 101 304 56 101 305 56 102 306 71 102 307 72 102 308 56 103 309 72 103 310 57 103 311 57 104 312 72 104 313 73 104 314 57 105 315 73 105 316 58 105 317 58 106 318 73 106 319 74 106 320 58 107 321 74 107 322 59 107 323 59 108 324 74 108 325 75 108 326 59 109 327 75 109 328 60 109 329 60 110 330 75 110 331 76 110 332 60 111 333 76 111 334 61 111 335 61 112 336 76 112 337 77 112 338 61 113 339 77 113 340 62 113 341 62 114 342 77 114 343 78 114 344 62 115 345 78 115 346 63 115 347 63 116 348 78 116 349 79 116 350 63 117 351 79 117 352 49 117 353 49 118 354 79 118 355 65 118 356 49 119 357 65 119 358 50 119 359 64 120 360 80 120 361 67 120 362 66 121 363 81 121 364 82 121 365 67 122 366 80 122 367 83 122 368 67 123 369 83 123 370 68 123 371 68 124 372 83 124 373 84 124 374 68 125 375 84 125 376 69 125 377 69 126 378 84 126 379 85 126 380 69 127 381 85 127 382 70 127 383 70 128 384 85 128 385 86 128 386 70 129 387 86 129 388 71 129 389 71 130 390 86 130 391 87 130 392 71 131 393 87 131 394 72 131 395 72 132 396 87 132 397 88 132 398 72 133 399 88 133 400 73 133 401 73 134 402 88 134 403 89 134 404 73 135 405 89 135 406 74 135 407 74 136 408 89 136 409 90 136 410 74 137 411 90 137 412 75 137 413 75 138 414 90 138 415 91 138 416 75 139 417 91 139 418 76 139 419 76 140 420 91 140 421 92 140 422 76 141 423 92 141 424 77 141 425 77 142 426 92 142 427 93 142 428 77 143 429 93 143 430 78 143 431 78 144 432 93 144 433 94 144 434 78 145 435 94 145 436 79 145 437 79 146 438 94 146 439 95 146 440 79 147 441 95 147 442 65 147 443 65 148 444 95 148 445 81 148 446 65 149 447 81 149 448 66 149 449 80 150 450 96 150 451 83 150 452 82 151 453 97 151 454 98 151 455 83 152 456 96 152 457 99 152 458 83 153 459 99 153 460 84 153 461 84 154 462 99 154 463 100 154 464 84 155 465 100 155 466 85 155 467 85 156 468 100 156 469 101 156 470 85 157 471 101 157 472 86 157 473 86 158 474 101 158 475 102 158 476 86 159 477 102 159 478 87 159 479 87 160 480 102 160 481 103 160 482 87 161 483 103 161 484 88 161 485 88 162 486 103 162 487 104 162 488 88 163 489 104 163 490 89 163 491 89 164 492 104 164 493 105 164 494 89 165 495 105 165 496 90 165 497 90 166 498 105 166 499 106 166 500 90 167 501 106 167 502 91 167 503 91 168 504 106 168 505 107 168 506 91 169 507 107 169 508 92 169 509 92 170 510 107 170 511 108 170 512 92 171 513 108 171 514 93 171 515 93 172 516 108 172 517 109 172 518 93 173 519 109 173 520 94 173 521 94 174 522 109 174 523 110 174 524 94 175 525 110 175 526 95 175 527 95 176 528 110 176 529 111 176 530 95 177 531 111 177 532 81 177 533 81 178 534 111 178 535 97 178 536 81 179 537 97 179 538 82 179 539 96 180 540 112 180 541 99 180 542 98 181 543 113 181 544 114 181 545 99 182 546 112 182 547 115 182 548 99 183 549 115 183 550 100 183 551 100 184 552 115 184 553 116 184 554 100 185 555 116 185 556 101 185 557 101 186 558 116 186 559 117 186 560 101 187 561 117 187 562 102 187 563 102 188 564 117 188 565 118 188 566 102 189 567 118 189 568 103 189 569 103 190 570 118 190 571 119 190 572 103 191 573 119 191 574 104 191 575 104 192 576 119 192 577 120 192 578 104 193 579 120 193 580 105 193 581 105 194 582 120 194 583 121 194 584 105 195 585 121 195 586 106 195 587 106 196 588 121 196 589 122 196 590 106 197 591 122 197 592 107 197 593 107 198 594 122 198 595 123 198 596 107 199 597 123 199 598 108 199 599 108 200 600 123 200 601 124 200 602 108 201 603 124 201 604 109 201 605 109 202 606 124 202 607 125 202 608 109 203 609 125 203 610 110 203 611 110 204 612 125 204 613 126 204 614 110 205 615 126 205 616 111 205 617 111 206 618 126 206 619 127 206 620 111 207 621 127 207 622 97 207 623 97 208 624 127 208 625 113 208 626 97 209 627 113 209 628 98 209 629 112 210 630 128 210 631 115 210 632 114 211 633 129 211 634 130 211 635 115 212 636 128 212 637 131 212 638 115 213 639 131 213 640 116 213 641 116 214 642 131 214 643 132 214 644 116 215 645 132 215 646 117 215 647 117 216 648 132 216 649 133 216 650 117 217 651 133 217 652 118 217 653 118 218 654 133 218 655 134 218 656 118 219 657 134 219 658 119 219 659 119 220 660 134 220 661 135 220 662 119 221 663 135 221 664 120 221 665 120 222 666 135 222 667 136 222 668 120 223 669 136 223 670 121 223 671 121 224 672 136 224 673 137 224 674 121 225 675 137 225 676 122 225 677 122 226 678 137 226 679 138 226 680 122 227 681 138 227 682 123 227 683 123 228 684 138 228 685 139 228 686 123 229 687 139 229 688 124 229 689 124 230 690 139 230 691 140 230 692 124 231 693 140 231 694 125 231 695 125 232 696 140 232 697 141 232 698 125 233 699 141 233 700 126 233 701 126 234 702 141 234 703 142 234 704 126 235 705 142 235 706 127 235 707 127 236 708 142 236 709 143 236 710 127 237 711 143 237 712 113 237 713 113 238 714 143 238 715 129 238 716 113 239 717 129 239 718 114 239 719 128 240 720 144 240 721 131 240 722 130 241 723 145 241 724 146 241 725 131 242 726 144 242 727 147 242 728 131 243 729 147 243 730 132 243 731 132 244 732 147 244 733 148 244 734 132 245 735 148 245 736 133 245 737 133 246 738 148 246 739 149 246 740 133 247 741 149 247 742 134 247 743 134 248 744 149 248 745 150 248 746 134 249 747 150 249 748 135 249 749 135 250 750 150 250 751 151 250 752 135 251 753 151 251 754 136 251 755 136 252 756 151 252 757 152 252 758 136 253 759 152 253 760 137 253 761 137 254 762 152 254 763 153 254 764 137 255 765 153 255 766 138 255 767 138 256 768 153 256 769 154 256 770 138 257 771 154 257 772 139 257 773 139 258 774 154 258 775 155 258 776 139 259 777 155 259 778 140 259 779 140 260 780 155 260 781 156 260 782 140 261 783 156 261 784 141 261 785 141 262 786 156 262 787 157 262 788 141 263 789 157 263 790 142 263 791 142 264 792 157 264 793 158 264 794 142 265 795 158 265 796 143 265 797 143 266 798 158 266 799 159 266 800 143 267 801 159 267 802 129 267 803 129 268 804 159 268 805 145 268 806 129 269 807 145 269 808 130 269 809 144 270 810 160 270 811 147 270 812 146 271 813 161 271 814 162 271 815 147 272 816 160 272 817 163 272 818 147 273 819 163 273 820 148 273 821 148 274 822 163 274 823 164 274 824 148 275 825 164 275 826 149 275 827 149 276 828 164 276 829 165 276 830 149 277 831 165 277 832 150 277 833 150 278 834 165 278 835 166 278 836 150 279 837 166 279 838 151 279 839 151 280 840 166 280 841 167 280 842 151 281 843 167 281 844 152 281 845 152 282 846 167 282 847 168 282 848 152 283 849 168 283 850 153 283 851 153 284 852 168 284 853 169 284 854 153 285 855 169 285 856 154 285 857 154 286 858 169 286 859 170 286 860 154 287 861 170 287 862 155 287 863 155 288 864 170 288 865 171 288 866 155 289 867 171 289 868 156 289 869 156 290 870 171 290 871 172 290 872 156 291 873 172 291 874 157 291 875 157 292 876 172 292 877 173 292 878 157 293 879 173 293 880 158 293 881 158 294 882 173 294 883 174 294 884 158 295 885 174 295 886 159 295 887 159 296 888 174 296 889 175 296 890 159 297 891 175 297 892 145 297 893 145 298 894 175 298 895 161 298 896 145 299 897 161 299 898 146 299 899 160 300 900 176 300 901 163 300 902 162 301 903 177 301 904 178 301 905 163 302 906 176 302 907 179 302 908 163 303 909 179 303 910 164 303 911 164 304 912 179 304 913 180 304 914 164 305 915 180 305 916 165 305 917 165 306 918 180 306 919 181 306 920 165 307 921 181 307 922 166 307 923 166 308 924 181 308 925 182 308 926 166 309 927 182 309 928 167 309 929 167 310 930 182 310 931 183 310 932 167 311 933 183 311 934 168 311 935 168 312 936 183 312 937 184 312 938 168 313 939 184 313 940 169 313 941 169 314 942 184 314 943 185 314 944 169 315 945 185 315 946 170 315 947 170 316 948 185 316 949 186 316 950 170 317 951 186 317 952 171 317 953 171 318 954 186 318 955 187 318 956 171 319 957 187 319 958 172 319 959 172 320 960 187 320 961 188 320 962 172 321 963 188 321 964 173 321 965 173 322 966 188 322 967 189 322 968 173 323 969 189 323 970 174 323 971 174 324 972 189 324 973 190 324 974 174 325 975 190 325 976 175 325 977 175 326 978 190 326 979 191 326 980 175 327 981 191 327 982 161 327 983 161 328 984 191 328 985 177 328 986 161 329 987 177 329 988 162 329 989 176 330 990 192 330 991 179 330 992 178 331 993 193 331 994 194 331 995 179 332 996 192 332 997 195 332 998 179 333 999 195 333 1000 180 333 1001 180 334 1002 195 334 1003 196 334 1004 180 335 1005 196 335 1006 181 335 1007 181 336 1008 196 336 1009 197 336 1010 181 337 1011 197 337 1012 182 337 1013 182 338 1014 197 338 1015 198 338 1016 182 339 1017 198 339 1018 183 339 1019 183 340 1020 198 340 1021 199 340 1022 183 341 1023 199 341 1024 184 341 1025 184 342 1026 199 342 1027 200 342 1028 184 343 1029 200 343 1030 185 343 1031 185 344 1032 200 344 1033 201 344 1034 185 345 1035 201 345 1036 186 345 1037 186 346 1038 201 346 1039 202 346 1040 186 347 1041 202 347 1042 187 347 1043 187 348 1044 202 348 1045 203 348 1046 187 349 1047 203 349 1048 188 349 1049 188 350 1050 203 350 1051 204 350 1052 188 351 1053 204 351 1054 189 351 1055 189 352 1056 204 352 1057 205 352 1058 189 353 1059 205 353 1060 190 353 1061 190 354 1062 205 354 1063 206 354 1064 190 355 1065 206 355 1066 191 355 1067 191 356 1068 206 356 1069 207 356 1070 191 357 1071 207 357 1072 177 357 1073 177 358 1074 207 358 1075 193 358 1076 177 359 1077 193 359 1078 178 359 1079 192 360 1080 208 360 1081 195 360 1082 194 361 1083 209 361 1084 210 361 1085 195 362 1086 208 362 1087 211 362 1088 195 363 1089 211 363 1090 196 363 1091 196 364 1092 211 364 1093 212 364 1094 196 365 1095 212 365 1096 197 365 1097 197 366 1098 212 366 1099 213 366 1100 197 367 1101 213 367 1102 198 367 1103 198 368 1104 213 368 1105 214 368 1106 198 369 1107 214 369 1108 199 369 1109 199 370 1110 214 370 1111 215 370 1112 199 371 1113 215 371 1114 200 371 1115 200 372 1116 215 372 1117 216 372 1118 200 373 1119 216 373 1120 201 373 1121 201 374 1122 216 374 1123 217 374 1124 201 375 1125 217 375 1126 202 375 1127 202 376 1128 217 376 1129 218 376 1130 202 377 1131 218 377 1132 203 377 1133 203 378 1134 218 378 1135 219 378 1136 203 379 1137 219 379 1138 204 379 1139 204 380 1140 219 380 1141 220 380 1142 204 381 1143 220 381 1144 205 381 1145 205 382 1146 220 382 1147 221 382 1148 205 383 1149 221 383 1150 206 383 1151 206 384 1152 221 384 1153 222 384 1154 206 385 1155 222 385 1156 207 385 1157 207 386 1158 222 386 1159 223 386 1160 207 387 1161 223 387 1162 193 387 1163 193 388 1164 223 388 1165 209 388 1166 193 389 1167 209 389 1168 194 389 1169 208 390 1170 224 390 1171 211 390 1172 210 391 1173 225 391 1174 226 391 1175 211 392 1176 224 392 1177 227 392 1178 211 393 1179 227 393 1180 212 393 1181 212 394 1182 227 394 1183 228 394 1184 212 395 1185 228 395 1186 213 395 1187 213 396 1188 228 396 1189 229 396 1190 213 397 1191 229 397 1192 214 397 1193 214 398 1194 229 398 1195 230 398 1196 214 399 1197 230 399 1198 215 399 1199 215 400 1200 230 400 1201 231 400 1202 215 401 1203 231 401 1204 216 401 1205 216 402 1206 231 402 1207 232 402 1208 216 403 1209 232 403 1210 217 403 1211 217 404 1212 232 404 1213 233 404 1214 217 405 1215 233 405 1216 218 405 1217 218 406 1218 233 406 1219 234 406 1220 218 407 1221 234 407 1222 219 407 1223 219 408 1224 234 408 1225 235 408 1226 219 409 1227 235 409 1228 220 409 1229 220 410 1230 235 410 1231 236 410 1232 220 411 1233 236 411 1234 221 411 1235 221 412 1236 236 412 1237 237 412 1238 221 413 1239 237 413 1240 222 413 1241 222 414 1242 237 414 1243 238 414 1244 222 415 1245 238 415 1246 223 415 1247 223 416 1248 238 416 1249 239 416 1250 223 417 1251 239 417 1252 209 417 1253 209 418 1254 239 418 1255 225 418 1256 209 419 1257 225 419 1258 210 419 1259 224 420 1260 240 420 1261 227 420 1262 226 421 1263 241 421 1264 242 421 1265 227 422 1266 240 422 1267 243 422 1268 227 423 1269 243 423 1270 228 423 1271 228 424 1272 243 424 1273 244 424 1274 228 425 1275 244 425 1276 229 425 1277 229 426 1278 244 426 1279 245 426 1280 229 427 1281 245 427 1282 230 427 1283 230 428 1284 245 428 1285 246 428 1286 230 429 1287 246 429 1288 231 429 1289 231 430 1290 246 430 1291 247 430 1292 231 431 1293 247 431 1294 232 431 1295 232 432 1296 247 432 1297 248 432 1298 232 433 1299 248 433 1300 233 433 1301 233 434 1302 248 434 1303 249 434 1304 233 435 1305 249 435 1306 234 435 1307 234 436 1308 249 436 1309 250 436 1310 234 437 1311 250 437 1312 235 437 1313 235 438 1314 250 438 1315 251 438 1316 235 439 1317 251 439 1318 236 439 1319 236 440 1320 251 440 1321 252 440 1322 236 441 1323 252 441 1324 237 441 1325 237 442 1326 252 442 1327 253 442 1328 237 443 1329 253 443 1330 238 443 1331 238 444 1332 253 444 1333 254 444 1334 238 445 1335 254 445 1336 239 445 1337 239 446 1338 254 446 1339 255 446 1340 239 447 1341 255 447 1342 225 447 1343 225 448 1344 255 448 1345 241 448 1346 225 449 1347 241 449 1348 226 449 1349 240 450 1350 256 450 1351 243 450 1352 242 451 1353 257 451 1354 258 451 1355 243 452 1356 256 452 1357 259 452 1358 243 453 1359 259 453 1360 244 453 1361 244 454 1362 259 454 1363 260 454 1364 244 455 1365 260 455 1366 245 455 1367 245 456 1368 260 456 1369 261 456 1370 245 457 1371 261 457 1372 246 457 1373 246 458 1374 261 458 1375 262 458 1376 246 459 1377 262 459 1378 247 459 1379 247 460 1380 262 460 1381 263 460 1382 247 461 1383 263 461 1384 248 461 1385 248 462 1386 263 462 1387 264 462 1388 248 463 1389 264 463 1390 249 463 1391 249 464 1392 264 464 1393 265 464 1394 249 465 1395 265 465 1396 250 465 1397 250 466 1398 265 466 1399 266 466 1400 250 467 1401 266 467 1402 251 467 1403 251 468 1404 266 468 1405 267 468 1406 251 469 1407 267 469 1408 252 469 1409 252 470 1410 267 470 1411 268 470 1412 252 471 1413 268 471 1414 253 471 1415 253 472 1416 268 472 1417 269 472 1418 253 473 1419 269 473 1420 254 473 1421 254 474 1422 269 474 1423 270 474 1424 254 475 1425 270 475 1426 255 475 1427 255 476 1428 270 476 1429 271 476 1430 255 477 1431 271 477 1432 241 477 1433 241 478 1434 271 478 1435 257 478 1436 241 479 1437 257 479 1438 242 479 1439 256 480 1440 272 480 1441 259 480 1442 258 481 1443 273 481 1444 274 481 1445 259 482 1446 272 482 1447 275 482 1448 259 483 1449 275 483 1450 260 483 1451 260 484 1452 275 484 1453 276 484 1454 260 485 1455 276 485 1456 261 485 1457 261 486 1458 276 486 1459 277 486 1460 261 487 1461 277 487 1462 262 487 1463 262 488 1464 277 488 1465 278 488 1466 262 489 1467 278 489 1468 263 489 1469 263 490 1470 278 490 1471 279 490 1472 263 491 1473 279 491 1474 264 491 1475 264 492 1476 279 492 1477 280 492 1478 264 493 1479 280 493 1480 265 493 1481 265 494 1482 280 494 1483 281 494 1484 265 495 1485 281 495 1486 266 495 1487 266 496 1488 281 496 1489 282 496 1490 266 497 1491 282 497 1492 267 497 1493 267 498 1494 282 498 1495 283 498 1496 267 499 1497 283 499 1498 268 499 1499 268 500 1500 283 500 1501 284 500 1502 268 501 1503 284 501 1504 269 501 1505 269 502 1506 284 502 1507 285 502 1508 269 503 1509 285 503 1510 270 503 1511 270 504 1512 285 504 1513 286 504 1514 270 505 1515 286 505 1516 271 505 1517 271 506 1518 286 506 1519 287 506 1520 271 507 1521 287 507 1522 257 507 1523 257 508 1524 287 508 1525 273 508 1526 257 509 1527 273 509 1528 258 509 1529 272 510 1530 288 510 1531 275 510 1532 274 511 1533 289 511 1534 290 511 1535 275 512 1536 288 512 1537 291 512 1538 275 513 1539 291 513 1540 276 513 1541 276 514 1542 291 514 1543 292 514 1544 276 515 1545 292 515 1546 277 515 1547 277 516 1548 292 516 1549 293 516 1550 277 517 1551 293 517 1552 278 517 1553 278 518 1554 293 518 1555 294 518 1556 278 519 1557 294 519 1558 279 519 1559 279 520 1560 294 520 1561 295 520 1562 279 521 1563 295 521 1564 280 521 1565 280 522 1566 295 522 1567 296 522 1568 280 523 1569 296 523 1570 281 523 1571 281 524 1572 296 524 1573 297 524 1574 281 525 1575 297 525 1576 282 525 1577 282 526 1578 297 526 1579 298 526 1580 282 527 1581 298 527 1582 283 527 1583 283 528 1584 298 528 1585 299 528 1586 283 529 1587 299 529 1588 284 529 1589 284 530 1590 299 530 1591 300 530 1592 284 531 1593 300 531 1594 285 531 1595 285 532 1596 300 532 1597 301 532 1598 285 533 1599 301 533 1600 286 533 1601 286 534 1602 301 534 1603 302 534 1604 286 535 1605 302 535 1606 287 535 1607 287 536 1608 302 536 1609 303 536 1610 287 537 1611 303 537 1612 273 537 1613 273 538 1614 303 538 1615 289 538 1616 273 539 1617 289 539 1618 274 539 1619 288 540 1620 304 540 1621 291 540 1622 290 541 1623 305 541 1624 306 541 1625 291 542 1626 304 542 1627 307 542 1628 291 543 1629 307 543 1630 292 543 1631 292 544 1632 307 544 1633 308 544 1634 292 545 1635 308 545 1636 293 545 1637 293 546 1638 308 546 1639 309 546 1640 293 547 1641 309 547 1642 294 547 1643 294 548 1644 309 548 1645 310 548 1646 294 549 1647 310 549 1648 295 549 1649 295 550 1650 310 550 1651 311 550 1652 295 551 1653 311 551 1654 296 551 1655 296 552 1656 311 552 1657 312 552 1658 296 553 1659 312 553 1660 297 553 1661 297 554 1662 312 554 1663 313 554 1664 297 555 1665 313 555 1666 298 555 1667 298 556 1668 313 556 1669 314 556 1670 298 557 1671 314 557 1672 299 557 1673 299 558 1674 314 558 1675 315 558 1676 299 559 1677 315 559 1678 300 559 1679 300 560 1680 315 560 1681 316 560 1682 300 561 1683 316 561 1684 301 561 1685 301 562 1686 316 562 1687 317 562 1688 301 563 1689 317 563 1690 302 563 1691 302 564 1692 317 564 1693 318 564 1694 302 565 1695 318 565 1696 303 565 1697 303 566 1698 318 566 1699 319 566 1700 303 567 1701 319 567 1702 289 567 1703 289 568 1704 319 568 1705 305 568 1706 289 569 1707 305 569 1708 290 569 1709 304 570 1710 320 570 1711 307 570 1712 306 571 1713 321 571 1714 322 571 1715 307 572 1716 320 572 1717 323 572 1718 307 573 1719 323 573 1720 308 573 1721 308 574 1722 323 574 1723 324 574 1724 308 575 1725 324 575 1726 309 575 1727 309 576 1728 324 576 1729 325 576 1730 309 577 1731 325 577 1732 310 577 1733 310 578 1734 325 578 1735 326 578 1736 310 579 1737 326 579 1738 311 579 1739 311 580 1740 326 580 1741 327 580 1742 311 581 1743 327 581 1744 312 581 1745 312 582 1746 327 582 1747 328 582 1748 312 583 1749 328 583 1750 313 583 1751 313 584 1752 328 584 1753 329 584 1754 313 585 1755 329 585 1756 314 585 1757 314 586 1758 329 586 1759 330 586 1760 314 587 1761 330 587 1762 315 587 1763 315 588 1764 330 588 1765 331 588 1766 315 589 1767 331 589 1768 316 589 1769 316 590 1770 331 590 1771 332 590 1772 316 591 1773 332 591 1774 317 591 1775 317 592 1776 332 592 1777 333 592 1778 317 593 1779 333 593 1780 318 593 1781 318 594 1782 333 594 1783 334 594 1784 318 595 1785 334 595 1786 319 595 1787 319 596 1788 334 596 1789 335 596 1790 319 597 1791 335 597 1792 305 597 1793 305 598 1794 335 598 1795 321 598 1796 305 599 1797 321 599 1798 306 599 1799 320 600 1800 336 600 1801 323 600 1802 322 601 1803 337 601 1804 338 601 1805 323 602 1806 336 602 1807 339 602 1808 323 603 1809 339 603 1810 324 603 1811 324 604 1812 339 604 1813 340 604 1814 324 605 1815 340 605 1816 325 605 1817 325 606 1818 340 606 1819 341 606 1820 325 607 1821 341 607 1822 326 607 1823 326 608 1824 341 608 1825 342 608 1826 326 609 1827 342 609 1828 327 609 1829 327 610 1830 342 610 1831 343 610 1832 327 611 1833 343 611 1834 328 611 1835 328 612 1836 343 612 1837 344 612 1838 328 613 1839 344 613 1840 329 613 1841 329 614 1842 344 614 1843 345 614 1844 329 615 1845 345 615 1846 330 615 1847 330 616 1848 345 616 1849 346 616 1850 330 617 1851 346 617 1852 331 617 1853 331 618 1854 346 618 1855 347 618 1856 331 619 1857 347 619 1858 332 619 1859 332 620 1860 347 620 1861 348 620 1862 332 621 1863 348 621 1864 333 621 1865 333 622 1866 348 622 1867 349 622 1868 333 623 1869 349 623 1870 334 623 1871 334 624 1872 349 624 1873 350 624 1874 334 625 1875 350 625 1876 335 625 1877 335 626 1878 350 626 1879 351 626 1880 335 627 1881 351 627 1882 321 627 1883 321 628 1884 351 628 1885 337 628 1886 321 629 1887 337 629 1888 322 629 1889 336 630 1890 352 630 1891 339 630 1892 338 631 1893 353 631 1894 354 631 1895 339 632 1896 352 632 1897 355 632 1898 339 633 1899 355 633 1900 340 633 1901 340 634 1902 355 634 1903 356 634 1904 340 635 1905 356 635 1906 341 635 1907 341 636 1908 356 636 1909 357 636 1910 341 637 1911 357 637 1912 342 637 1913 342 638 1914 357 638 1915 358 638 1916 342 639 1917 358 639 1918 343 639 1919 343 640 1920 358 640 1921 359 640 1922 343 641 1923 359 641 1924 344 641 1925 344 642 1926 359 642 1927 360 642 1928 344 643 1929 360 643 1930 345 643 1931 345 644 1932 360 644 1933 361 644 1934 345 645 1935 361 645 1936 346 645 1937 346 646 1938 361 646 1939 362 646 1940 346 647 1941 362 647 1942 347 647 1943 347 648 1944 362 648 1945 363 648 1946 347 649 1947 363 649 1948 348 649 1949 348 650 1950 363 650 1951 364 650 1952 348 651 1953 364 651 1954 349 651 1955 349 652 1956 364 652 1957 365 652 1958 349 653 1959 365 653 1960 350 653 1961 350 654 1962 365 654 1963 366 654 1964 350 655 1965 366 655 1966 351 655 1967 351 656 1968 366 656 1969 367 656 1970 351 657 1971 367 657 1972 337 657 1973 337 658 1974 367 658 1975 353 658 1976 337 659 1977 353 659 1978 338 659 1979 352 660 1980 368 660 1981 355 660 1982 354 661 1983 369 661 1984 370 661 1985 355 662 1986 368 662 1987 371 662 1988 355 663 1989 371 663 1990 356 663 1991 356 664 1992 371 664 1993 372 664 1994 356 665 1995 372 665 1996 357 665 1997 357 666 1998 372 666 1999 373 666 2000 357 667 2001 373 667 2002 358 667 2003 358 668 2004 373 668 2005 374 668 2006 358 669 2007 374 669 2008 359 669 2009 359 670 2010 374 670 2011 375 670 2012 359 671 2013 375 671 2014 360 671 2015 360 672 2016 375 672 2017 376 672 2018 360 673 2019 376 673 2020 361 673 2021 361 674 2022 376 674 2023 377 674 2024 361 675 2025 377 675 2026 362 675 2027 362 676 2028 377 676 2029 378 676 2030 362 677 2031 378 677 2032 363 677 2033 363 678 2034 378 678 2035 379 678 2036 363 679 2037 379 679 2038 364 679 2039 364 680 2040 379 680 2041 380 680 2042 364 681 2043 380 681 2044 365 681 2045 365 682 2046 380 682 2047 381 682 2048 365 683 2049 381 683 2050 366 683 2051 366 684 2052 381 684 2053 382 684 2054 366 685 2055 382 685 2056 367 685 2057 367 686 2058 382 686 2059 383 686 2060 367 687 2061 383 687 2062 353 687 2063 353 688 2064 383 688 2065 369 688 2066 353 689 2067 369 689 2068 354 689 2069 368 690 2070 384 690 2071 371 690 2072 370 691 2073 385 691 2074 386 691 2075 371 692 2076 384 692 2077 387 692 2078 371 693 2079 387 693 2080 372 693 2081 372 694 2082 387 694 2083 388 694 2084 372 695 2085 388 695 2086 373 695 2087 373 696 2088 388 696 2089 389 696 2090 373 697 2091 389 697 2092 374 697 2093 374 698 2094 389 698 2095 390 698 2096 374 699 2097 390 699 2098 375 699 2099 375 700 2100 390 700 2101 391 700 2102 375 701 2103 391 701 2104 376 701 2105 376 702 2106 391 702 2107 392 702 2108 376 703 2109 392 703 2110 377 703 2111 377 704 2112 392 704 2113 393 704 2114 377 705 2115 393 705 2116 378 705 2117 378 706 2118 393 706 2119 394 706 2120 378 707 2121 394 707 2122 379 707 2123 379 708 2124 394 708 2125 395 708 2126 379 709 2127 395 709 2128 380 709 2129 380 710 2130 395 710 2131 396 710 2132 380 711 2133 396 711 2134 381 711 2135 381 712 2136 396 712 2137 397 712 2138 381 713 2139 397 713 2140 382 713 2141 382 714 2142 397 714 2143 398 714 2144 382 715 2145 398 715 2146 383 715 2147 383 716 2148 398 716 2149 399 716 2150 383 717 2151 399 717 2152 369 717 2153 369 718 2154 399 718 2155 385 718 2156 369 719 2157 385 719 2158 370 719 2159 384 720 2160 400 720 2161 387 720 2162 386 721 2163 401 721 2164 402 721 2165 387 722 2166 400 722 2167 403 722 2168 387 723 2169 403 723 2170 388 723 2171 388 724 2172 403 724 2173 404 724 2174 388 725 2175 404 725 2176 389 725 2177 389 726 2178 404 726 2179 405 726 2180 389 727 2181 405 727 2182 390 727 2183 390 728 2184 405 728 2185 406 728 2186 390 729 2187 406 729 2188 391 729 2189 391 730 2190 406 730 2191 407 730 2192 391 731 2193 407 731 2194 392 731 2195 392 732 2196 407 732 2197 408 732 2198 392 733 2199 408 733 2200 393 733 2201 393 734 2202 408 734 2203 409 734 2204 393 735 2205 409 735 2206 394 735 2207 394 736 2208 409 736 2209 410 736 2210 394 737 2211 410 737 2212 395 737 2213 395 738 2214 410 738 2215 411 738 2216 395 739 2217 411 739 2218 396 739 2219 396 740 2220 411 740 2221 412 740 2222 396 741 2223 412 741 2224 397 741 2225 397 742 2226 412 742 2227 413 742 2228 397 743 2229 413 743 2230 398 743 2231 398 744 2232 413 744 2233 414 744 2234 398 745 2235 414 745 2236 399 745 2237 399 746 2238 414 746 2239 415 746 2240 399 747 2241 415 747 2242 385 747 2243 385 748 2244 415 748 2245 401 748 2246 385 749 2247 401 749 2248 386 749 2249 400 750 2250 416 750 2251 403 750 2252 402 751 2253 417 751 2254 418 751 2255 403 752 2256 416 752 2257 419 752 2258 403 753 2259 419 753 2260 404 753 2261 404 754 2262 419 754 2263 420 754 2264 404 755 2265 420 755 2266 405 755 2267 405 756 2268 420 756 2269 421 756 2270 405 757 2271 421 757 2272 406 757 2273 406 758 2274 421 758 2275 422 758 2276 406 759 2277 422 759 2278 407 759 2279 407 760 2280 422 760 2281 423 760 2282 407 761 2283 423 761 2284 408 761 2285 408 762 2286 423 762 2287 424 762 2288 408 763 2289 424 763 2290 409 763 2291 409 764 2292 424 764 2293 425 764 2294 409 765 2295 425 765 2296 410 765 2297 410 766 2298 425 766 2299 426 766 2300 410 767 2301 426 767 2302 411 767 2303 411 768 2304 426 768 2305 427 768 2306 411 769 2307 427 769 2308 412 769 2309 412 770 2310 427 770 2311 428 770 2312 412 771 2313 428 771 2314 413 771 2315 413 772 2316 428 772 2317 429 772 2318 413 773 2319 429 773 2320 414 773 2321 414 774 2322 429 774 2323 430 774 2324 414 775 2325 430 775 2326 415 775 2327 415 776 2328 430 776 2329 431 776 2330 415 777 2331 431 777 2332 401 777 2333 401 778 2334 431 778 2335 417 778 2336 401 779 2337 417 779 2338 402 779 2339 416 780 2340 432 780 2341 419 780 2342 418 781 2343 433 781 2344 434 781 2345 419 782 2346 432 782 2347 435 782 2348 419 783 2349 435 783 2350 420 783 2351 420 784 2352 435 784 2353 436 784 2354 420 785 2355 436 785 2356 421 785 2357 421 786 2358 436 786 2359 437 786 2360 421 787 2361 437 787 2362 422 787 2363 422 788 2364 437 788 2365 438 788 2366 422 789 2367 438 789 2368 423 789 2369 423 790 2370 438 790 2371 439 790 2372 423 791 2373 439 791 2374 424 791 2375 424 792 2376 439 792 2377 440 792 2378 424 793 2379 440 793 2380 425 793 2381 425 794 2382 440 794 2383 441 794 2384 425 795 2385 441 795 2386 426 795 2387 426 796 2388 441 796 2389 442 796 2390 426 797 2391 442 797 2392 427 797 2393 427 798 2394 442 798 2395 443 798 2396 427 799 2397 443 799 2398 428 799 2399 428 800 2400 443 800 2401 444 800 2402 428 801 2403 444 801 2404 429 801 2405 429 802 2406 444 802 2407 445 802 2408 429 803 2409 445 803 2410 430 803 2411 430 804 2412 445 804 2413 446 804 2414 430 805 2415 446 805 2416 431 805 2417 431 806 2418 446 806 2419 447 806 2420 431 807 2421 447 807 2422 417 807 2423 417 808 2424 447 808 2425 433 808 2426 417 809 2427 433 809 2428 418 809 2429 432 810 2430 448 810 2431 435 810 2432 434 811 2433 449 811 2434 450 811 2435 435 812 2436 448 812 2437 451 812 2438 435 813 2439 451 813 2440 436 813 2441 436 814 2442 451 814 2443 452 814 2444 436 815 2445 452 815 2446 437 815 2447 437 816 2448 452 816 2449 453 816 2450 437 817 2451 453 817 2452 438 817 2453 438 818 2454 453 818 2455 454 818 2456 438 819 2457 454 819 2458 439 819 2459 439 820 2460 454 820 2461 455 820 2462 439 821 2463 455 821 2464 440 821 2465 440 822 2466 455 822 2467 456 822 2468 440 823 2469 456 823 2470 441 823 2471 441 824 2472 456 824 2473 457 824 2474 441 825 2475 457 825 2476 442 825 2477 442 826 2478 457 826 2479 458 826 2480 442 827 2481 458 827 2482 443 827 2483 443 828 2484 458 828 2485 459 828 2486 443 829 2487 459 829 2488 444 829 2489 444 830 2490 459 830 2491 460 830 2492 444 831 2493 460 831 2494 445 831 2495 445 832 2496 460 832 2497 461 832 2498 445 833 2499 461 833 2500 446 833 2501 446 834 2502 461 834 2503 462 834 2504 446 835 2505 462 835 2506 447 835 2507 447 836 2508 462 836 2509 463 836 2510 447 837 2511 463 837 2512 433 837 2513 433 838 2514 463 838 2515 449 838 2516 433 839 2517 449 839 2518 434 839 2519 448 840 2520 464 840 2521 451 840 2522 450 841 2523 465 841 2524 466 841 2525 451 842 2526 464 842 2527 467 842 2528 451 843 2529 467 843 2530 452 843 2531 452 844 2532 467 844 2533 468 844 2534 452 845 2535 468 845 2536 453 845 2537 453 846 2538 468 846 2539 469 846 2540 453 847 2541 469 847 2542 454 847 2543 454 848 2544 469 848 2545 470 848 2546 454 849 2547 470 849 2548 455 849 2549 455 850 2550 470 850 2551 471 850 2552 455 851 2553 471 851 2554 456 851 2555 456 852 2556 471 852 2557 472 852 2558 456 853 2559 472 853 2560 457 853 2561 457 854 2562 472 854 2563 473 854 2564 457 855 2565 473 855 2566 458 855 2567 458 856 2568 473 856 2569 474 856 2570 458 857 2571 474 857 2572 459 857 2573 459 858 2574 474 858 2575 475 858 2576 459 859 2577 475 859 2578 460 859 2579 460 860 2580 475 860 2581 476 860 2582 460 861 2583 476 861 2584 461 861 2585 461 862 2586 476 862 2587 477 862 2588 461 863 2589 477 863 2590 462 863 2591 462 864 2592 477 864 2593 478 864 2594 462 865 2595 478 865 2596 463 865 2597 463 866 2598 478 866 2599 479 866 2600 463 867 2601 479 867 2602 449 867 2603 449 868 2604 479 868 2605 465 868 2606 449 869 2607 465 869 2608 450 869 2609 464 870 2610 480 870 2611 467 870 2612 466 871 2613 481 871 2614 482 871 2615 467 872 2616 480 872 2617 483 872 2618 467 873 2619 483 873 2620 468 873 2621 468 874 2622 483 874 2623 484 874 2624 468 875 2625 484 875 2626 469 875 2627 469 876 2628 484 876 2629 485 876 2630 469 877 2631 485 877 2632 470 877 2633 470 878 2634 485 878 2635 486 878 2636 470 879 2637 486 879 2638 471 879 2639 471 880 2640 486 880 2641 487 880 2642 471 881 2643 487 881 2644 472 881 2645 472 882 2646 487 882 2647 488 882 2648 472 883 2649 488 883 2650 473 883 2651 473 884 2652 488 884 2653 489 884 2654 473 885 2655 489 885 2656 474 885 2657 474 886 2658 489 886 2659 490 886 2660 474 887 2661 490 887 2662 475 887 2663 475 888 2664 490 888 2665 491 888 2666 475 889 2667 491 889 2668 476 889 2669 476 890 2670 491 890 2671 492 890 2672 476 891 2673 492 891 2674 477 891 2675 477 892 2676 492 892 2677 493 892 2678 477 893 2679 493 893 2680 478 893 2681 478 894 2682 493 894 2683 494 894 2684 478 895 2685 494 895 2686 479 895 2687 479 896 2688 494 896 2689 495 896 2690 479 897 2691 495 897 2692 465 897 2693 465 898 2694 495 898 2695 481 898 2696 465 899 2697 481 899 2698 466 899 2699 480 900 2700 496 900 2701 483 900 2702 482 901 2703 497 901 2704 498 901 2705 483 902 2706 496 902 2707 499 902 2708 483 903 2709 499 903 2710 484 903 2711 484 904 2712 499 904 2713 500 904 2714 484 905 2715 500 905 2716 485 905 2717 485 906 2718 500 906 2719 501 906 2720 485 907 2721 501 907 2722 486 907 2723 486 908 2724 501 908 2725 502 908 2726 486 909 2727 502 909 2728 487 909 2729 487 910 2730 502 910 2731 503 910 2732 487 911 2733 503 911 2734 488 911 2735 488 912 2736 503 912 2737 504 912 2738 488 913 2739 504 913 2740 489 913 2741 489 914 2742 504 914 2743 505 914 2744 489 915 2745 505 915 2746 490 915 2747 490 916 2748 505 916 2749 506 916 2750 490 917 2751 506 917 2752 491 917 2753 491 918 2754 506 918 2755 507 918 2756 491 919 2757 507 919 2758 492 919 2759 492 920 2760 507 920 2761 508 920 2762 492 921 2763 508 921 2764 493 921 2765 493 922 2766 508 922 2767 509 922 2768 493 923 2769 509 923 2770 494 923 2771 494 924 2772 509 924 2773 510 924 2774 494 925 2775 510 925 2776 495 925 2777 495 926 2778 510 926 2779 511 926 2780 495 927 2781 511 927 2782 481 927 2783 481 928 2784 511 928 2785 497 928 2786 481 929 2787 497 929 2788 482 929 2789 496 930 2790 512 930 2791 499 930 2792 498 931 2793 513 931 2794 514 931 2795 499 932 2796 512 932 2797 515 932 2798 499 933 2799 515 933 2800 500 933 2801 500 934 2802 515 934 2803 516 934 2804 500 935 2805 516 935 2806 501 935 2807 501 936 2808 516 936 2809 517 936 2810 501 937 2811 517 937 2812 502 937 2813 502 938 2814 517 938 2815 518 938 2816 502 939 2817 518 939 2818 503 939 2819 503 940 2820 518 940 2821 519 940 2822 503 941 2823 519 941 2824 504 941 2825 504 942 2826 519 942 2827 520 942 2828 504 943 2829 520 943 2830 505 943 2831 505 944 2832 520 944 2833 521 944 2834 505 945 2835 521 945 2836 506 945 2837 506 946 2838 521 946 2839 522 946 2840 506 947 2841 522 947 2842 507 947 2843 507 948 2844 522 948 2845 523 948 2846 507 949 2847 523 949 2848 508 949 2849 508 950 2850 523 950 2851 524 950 2852 508 951 2853 524 951 2854 509 951 2855 509 952 2856 524 952 2857 525 952 2858 509 953 2859 525 953 2860 510 953 2861 510 954 2862 525 954 2863 526 954 2864 510 955 2865 526 955 2866 511 955 2867 511 956 2868 526 956 2869 527 956 2870 511 957 2871 527 957 2872 497 957 2873 497 958 2874 527 958 2875 513 958 2876 497 959 2877 513 959 2878 498 959 2879 512 960 2880 528 960 2881 515 960 2882 514 961 2883 529 961 2884 530 961 2885 515 962 2886 528 962 2887 531 962 2888 515 963 2889 531 963 2890 516 963 2891 516 964 2892 531 964 2893 532 964 2894 516 965 2895 532 965 2896 517 965 2897 517 966 2898 532 966 2899 533 966 2900 517 967 2901 533 967 2902 518 967 2903 518 968 2904 533 968 2905 534 968 2906 518 969 2907 534 969 2908 519 969 2909 519 970 2910 534 970 2911 535 970 2912 519 971 2913 535 971 2914 520 971 2915 520 972 2916 535 972 2917 536 972 2918 520 973 2919 536 973 2920 521 973 2921 521 974 2922 536 974 2923 537 974 2924 521 975 2925 537 975 2926 522 975 2927 522 976 2928 537 976 2929 538 976 2930 522 977 2931 538 977 2932 523 977 2933 523 978 2934 538 978 2935 539 978 2936 523 979 2937 539 979 2938 524 979 2939 524 980 2940 539 980 2941 540 980 2942 524 981 2943 540 981 2944 525 981 2945 525 982 2946 540 982 2947 541 982 2948 525 983 2949 541 983 2950 526 983 2951 526 984 2952 541 984 2953 542 984 2954 526 985 2955 542 985 2956 527 985 2957 527 986 2958 542 986 2959 543 986 2960 527 987 2961 543 987 2962 513 987 2963 513 988 2964 543 988 2965 529 988 2966 513 989 2967 529 989 2968 514 989 2969 528 990 2970 544 990 2971 531 990 2972 530 991 2973 545 991 2974 546 991 2975 531 992 2976 544 992 2977 547 992 2978 531 993 2979 547 993 2980 532 993 2981 532 994 2982 547 994 2983 548 994 2984 532 995 2985 548 995 2986 533 995 2987 533 996 2988 548 996 2989 549 996 2990 533 997 2991 549 997 2992 534 997 2993 534 998 2994 549 998 2995 550 998 2996 534 999 2997 550 999 2998 535 999 2999 535 1000 3000 550 1000 3001 551 1000 3002 535 1001 3003 551 1001 3004 536 1001 3005 536 1002 3006 551 1002 3007 552 1002 3008 536 1003 3009 552 1003 3010 537 1003 3011 537 1004 3012 552 1004 3013 553 1004 3014 537 1005 3015 553 1005 3016 538 1005 3017 538 1006 3018 553 1006 3019 554 1006 3020 538 1007 3021 554 1007 3022 539 1007 3023 539 1008 3024 554 1008 3025 555 1008 3026 539 1009 3027 555 1009 3028 540 1009 3029 540 1010 3030 555 1010 3031 556 1010 3032 540 1011 3033 556 1011 3034 541 1011 3035 541 1012 3036 556 1012 3037 557 1012 3038 541 1013 3039 557 1013 3040 542 1013 3041 542 1014 3042 557 1014 3043 558 1014 3044 542 1015 3045 558 1015 3046 543 1015 3047 543 1016 3048 558 1016 3049 559 1016 3050 543 1017 3051 559 1017 3052 529 1017 3053 529 1018 3054 559 1018 3055 545 1018 3056 529 1019 3057 545 1019 3058 530 1019 3059 544 1020 3060 560 1020 3061 547 1020 3062 546 1021 3063 561 1021 3064 562 1021 3065 547 1022 3066 560 1022 3067 563 1022 3068 547 1023 3069 563 1023 3070 548 1023 3071 548 1024 3072 563 1024 3073 564 1024 3074 548 1025 3075 564 1025 3076 549 1025 3077 549 1026 3078 564 1026 3079 565 1026 3080 549 1027 3081 565 1027 3082 550 1027 3083 550 1028 3084 565 1028 3085 566 1028 3086 550 1029 3087 566 1029 3088 551 1029 3089 551 1030 3090 566 1030 3091 567 1030 3092 551 1031 3093 567 1031 3094 552 1031 3095 552 1032 3096 567 1032 3097 568 1032 3098 552 1033 3099 568 1033 3100 553 1033 3101 553 1034 3102 568 1034 3103 569 1034 3104 553 1035 3105 569 1035 3106 554 1035 3107 554 1036 3108 569 1036 3109 570 1036 3110 554 1037 3111 570 1037 3112 555 1037 3113 555 1038 3114 570 1038 3115 571 1038 3116 555 1039 3117 571 1039 3118 556 1039 3119 556 1040 3120 571 1040 3121 572 1040 3122 556 1041 3123 572 1041 3124 557 1041 3125 557 1042 3126 572 1042 3127 573 1042 3128 557 1043 3129 573 1043 3130 558 1043 3131 558 1044 3132 573 1044 3133 574 1044 3134 558 1045 3135 574 1045 3136 559 1045 3137 559 1046 3138 574 1046 3139 575 1046 3140 559 1047 3141 575 1047 3142 545 1047 3143 545 1048 3144 575 1048 3145 561 1048 3146 545 1049 3147 561 1049 3148 546 1049 3149 560 1050 3150 576 1050 3151 563 1050 3152 562 1051 3153 577 1051 3154 578 1051 3155 563 1052 3156 576 1052 3157 579 1052 3158 563 1053 3159 579 1053 3160 564 1053 3161 564 1054 3162 579 1054 3163 580 1054 3164 564 1055 3165 580 1055 3166 565 1055 3167 565 1056 3168 580 1056 3169 581 1056 3170 565 1057 3171 581 1057 3172 566 1057 3173 566 1058 3174 581 1058 3175 582 1058 3176 566 1059 3177 582 1059 3178 567 1059 3179 567 1060 3180 582 1060 3181 583 1060 3182 567 1061 3183 583 1061 3184 568 1061 3185 568 1062 3186 583 1062 3187 584 1062 3188 568 1063 3189 584 1063 3190 569 1063 3191 569 1064 3192 584 1064 3193 585 1064 3194 569 1065 3195 585 1065 3196 570 1065 3197 570 1066 3198 585 1066 3199 586 1066 3200 570 1067 3201 586 1067 3202 571 1067 3203 571 1068 3204 586 1068 3205 587 1068 3206 571 1069 3207 587 1069 3208 572 1069 3209 572 1070 3210 587 1070 3211 588 1070 3212 572 1071 3213 588 1071 3214 573 1071 3215 573 1072 3216 588 1072 3217 589 1072 3218 573 1073 3219 589 1073 3220 574 1073 3221 574 1074 3222 589 1074 3223 590 1074 3224 574 1075 3225 590 1075 3226 575 1075 3227 575 1076 3228 590 1076 3229 591 1076 3230 575 1077 3231 591 1077 3232 561 1077 3233 561 1078 3234 591 1078 3235 577 1078 3236 561 1079 3237 577 1079 3238 562 1079 3239 576 1080 3240 592 1080 3241 579 1080 3242 578 1081 3243 593 1081 3244 594 1081 3245 579 1082 3246 592 1082 3247 595 1082 3248 579 1083 3249 595 1083 3250 580 1083 3251 580 1084 3252 595 1084 3253 596 1084 3254 580 1085 3255 596 1085 3256 581 1085 3257 581 1086 3258 596 1086 3259 597 1086 3260 581 1087 3261 597 1087 3262 582 1087 3263 582 1088 3264 597 1088 3265 598 1088 3266 582 1089 3267 598 1089 3268 583 1089 3269 583 1090 3270 598 1090 3271 599 1090 3272 583 1091 3273 599 1091 3274 584 1091 3275 584 1092 3276 599 1092 3277 600 1092 3278 584 1093 3279 600 1093 3280 585 1093 3281 585 1094 3282 600 1094 3283 601 1094 3284 585 1095 3285 601 1095 3286 586 1095 3287 586 1096 3288 601 1096 3289 602 1096 3290 586 1097 3291 602 1097 3292 587 1097 3293 587 1098 3294 602 1098 3295 603 1098 3296 587 1099 3297 603 1099 3298 588 1099 3299 588 1100 3300 603 1100 3301 604 1100 3302 588 1101 3303 604 1101 3304 589 1101 3305 589 1102 3306 604 1102 3307 605 1102 3308 589 1103 3309 605 1103 3310 590 1103 3311 590 1104 3312 605 1104 3313 606 1104 3314 590 1105 3315 606 1105 3316 591 1105 3317 591 1106 3318 606 1106 3319 607 1106 3320 591 1107 3321 607 1107 3322 577 1107 3323 577 1108 3324 607 1108 3325 593 1108 3326 577 1109 3327 593 1109 3328 578 1109 3329 592 1110 3330 608 1110 3331 595 1110 3332 594 1111 3333 609 1111 3334 610 1111 3335 595 1112 3336 608 1112 3337 611 1112 3338 595 1113 3339 611 1113 3340 596 1113 3341 596 1114 3342 611 1114 3343 612 1114 3344 596 1115 3345 612 1115 3346 597 1115 3347 597 1116 3348 612 1116 3349 613 1116 3350 597 1117 3351 613 1117 3352 598 1117 3353 598 1118 3354 613 1118 3355 614 1118 3356 598 1119 3357 614 1119 3358 599 1119 3359 599 1120 3360 614 1120 3361 615 1120 3362 599 1121 3363 615 1121 3364 600 1121 3365 600 1122 3366 615 1122 3367 616 1122 3368 600 1123 3369 616 1123 3370 601 1123 3371 601 1124 3372 616 1124 3373 617 1124 3374 601 1125 3375 617 1125 3376 602 1125 3377 602 1126 3378 617 1126 3379 618 1126 3380 602 1127 3381 618 1127 3382 603 1127 3383 603 1128 3384 618 1128 3385 619 1128 3386 603 1129 3387 619 1129 3388 604 1129 3389 604 1130 3390 619 1130 3391 620 1130 3392 604 1131 3393 620 1131 3394 605 1131 3395 605 1132 3396 620 1132 3397 621 1132 3398 605 1133 3399 621 1133 3400 606 1133 3401 606 1134 3402 621 1134 3403 622 1134 3404 606 1135 3405 622 1135 3406 607 1135 3407 607 1136 3408 622 1136 3409 623 1136 3410 607 1137 3411 623 1137 3412 593 1137 3413 593 1138 3414 623 1138 3415 609 1138 3416 593 1139 3417 609 1139 3418 594 1139 3419 608 1140 3420 624 1140 3421 611 1140 3422 610 1141 3423 625 1141 3424 626 1141 3425 611 1142 3426 624 1142 3427 627 1142 3428 611 1143 3429 627 1143 3430 612 1143 3431 612 1144 3432 627 1144 3433 628 1144 3434 612 1145 3435 628 1145 3436 613 1145 3437 613 1146 3438 628 1146 3439 629 1146 3440 613 1147 3441 629 1147 3442 614 1147 3443 614 1148 3444 629 1148 3445 630 1148 3446 614 1149 3447 630 1149 3448 615 1149 3449 615 1150 3450 630 1150 3451 631 1150 3452 615 1151 3453 631 1151 3454 616 1151 3455 616 1152 3456 631 1152 3457 632 1152 3458 616 1153 3459 632 1153 3460 617 1153 3461 617 1154 3462 632 1154 3463 633 1154 3464 617 1155 3465 633 1155 3466 618 1155 3467 618 1156 3468 633 1156 3469 634 1156 3470 618 1157 3471 634 1157 3472 619 1157 3473 619 1158 3474 634 1158 3475 635 1158 3476 619 1159 3477 635 1159 3478 620 1159 3479 620 1160 3480 635 1160 3481 636 1160 3482 620 1161 3483 636 1161 3484 621 1161 3485 621 1162 3486 636 1162 3487 637 1162 3488 621 1163 3489 637 1163 3490 622 1163 3491 622 1164 3492 637 1164 3493 638 1164 3494 622 1165 3495 638 1165 3496 623 1165 3497 623 1166 3498 638 1166 3499 639 1166 3500 623 1167 3501 639 1167 3502 609 1167 3503 609 1168 3504 639 1168 3505 625 1168 3506 609 1169 3507 625 1169 3508 610 1169 3509 624 1170 3510 640 1170 3511 627 1170 3512 626 1171 3513 641 1171 3514 642 1171 3515 627 1172 3516 640 1172 3517 643 1172 3518 627 1173 3519 643 1173 3520 628 1173 3521 628 1174 3522 643 1174 3523 644 1174 3524 628 1175 3525 644 1175 3526 629 1175 3527 629 1176 3528 644 1176 3529 645 1176 3530 629 1177 3531 645 1177 3532 630 1177 3533 630 1178 3534 645 1178 3535 646 1178 3536 630 1179 3537 646 1179 3538 631 1179 3539 631 1180 3540 646 1180 3541 647 1180 3542 631 1181 3543 647 1181 3544 632 1181 3545 632 1182 3546 647 1182 3547 648 1182 3548 632 1183 3549 648 1183 3550 633 1183 3551 633 1184 3552 648 1184 3553 649 1184 3554 633 1185 3555 649 1185 3556 634 1185 3557 634 1186 3558 649 1186 3559 650 1186 3560 634 1187 3561 650 1187 3562 635 1187 3563 635 1188 3564 650 1188 3565 651 1188 3566 635 1189 3567 651 1189 3568 636 1189 3569 636 1190 3570 651 1190 3571 652 1190 3572 636 1191 3573 652 1191 3574 637 1191 3575 637 1192 3576 652 1192 3577 653 1192 3578 637 1193 3579 653 1193 3580 638 1193 3581 638 1194 3582 653 1194 3583 654 1194 3584 638 1195 3585 654 1195 3586 639 1195 3587 639 1196 3588 654 1196 3589 655 1196 3590 639 1197 3591 655 1197 3592 625 1197 3593 625 1198 3594 655 1198 3595 641 1198 3596 625 1199 3597 641 1199 3598 626 1199 3599 640 1200 3600 656 1200 3601 643 1200 3602 642 1201 3603 657 1201 3604 658 1201 3605 643 1202 3606 656 1202 3607 659 1202 3608 643 1203 3609 659 1203 3610 644 1203 3611 644 1204 3612 659 1204 3613 660 1204 3614 644 1205 3615 660 1205 3616 645 1205 3617 645 1206 3618 660 1206 3619 661 1206 3620 645 1207 3621 661 1207 3622 646 1207 3623 646 1208 3624 661 1208 3625 662 1208 3626 646 1209 3627 662 1209 3628 647 1209 3629 647 1210 3630 662 1210 3631 663 1210 3632 647 1211 3633 663 1211 3634 648 1211 3635 648 1212 3636 663 1212 3637 664 1212 3638 648 1213 3639 664 1213 3640 649 1213 3641 649 1214 3642 664 1214 3643 665 1214 3644 649 1215 3645 665 1215 3646 650 1215 3647 650 1216 3648 665 1216 3649 666 1216 3650 650 1217 3651 666 1217 3652 651 1217 3653 651 1218 3654 666 1218 3655 667 1218 3656 651 1219 3657 667 1219 3658 652 1219 3659 652 1220 3660 667 1220 3661 668 1220 3662 652 1221 3663 668 1221 3664 653 1221 3665 653 1222 3666 668 1222 3667 669 1222 3668 653 1223 3669 669 1223 3670 654 1223 3671 654 1224 3672 669 1224 3673 670 1224 3674 654 1225 3675 670 1225 3676 655 1225 3677 655 1226 3678 670 1226 3679 671 1226 3680 655 1227 3681 671 1227 3682 641 1227 3683 641 1228 3684 671 1228 3685 657 1228 3686 641 1229 3687 657 1229 3688 642 1229 3689 656 1230 3690 672 1230 3691 659 1230 3692 658 1231 3693 673 1231 3694 674 1231 3695 659 1232 3696 672 1232 3697 675 1232 3698 659 1233 3699 675 1233 3700 660 1233 3701 660 1234 3702 675 1234 3703 676 1234 3704 660 1235 3705 676 1235 3706 661 1235 3707 661 1236 3708 676 1236 3709 677 1236 3710 661 1237 3711 677 1237 3712 662 1237 3713 662 1238 3714 677 1238 3715 678 1238 3716 662 1239 3717 678 1239 3718 663 1239 3719 663 1240 3720 678 1240 3721 679 1240 3722 663 1241 3723 679 1241 3724 664 1241 3725 664 1242 3726 679 1242 3727 680 1242 3728 664 1243 3729 680 1243 3730 665 1243 3731 665 1244 3732 680 1244 3733 681 1244 3734 665 1245 3735 681 1245 3736 666 1245 3737 666 1246 3738 681 1246 3739 682 1246 3740 666 1247 3741 682 1247 3742 667 1247 3743 667 1248 3744 682 1248 3745 683 1248 3746 667 1249 3747 683 1249 3748 668 1249 3749 668 1250 3750 683 1250 3751 684 1250 3752 668 1251 3753 684 1251 3754 669 1251 3755 669 1252 3756 684 1252 3757 685 1252 3758 669 1253 3759 685 1253 3760 670 1253 3761 670 1254 3762 685 1254 3763 686 1254 3764 670 1255 3765 686 1255 3766 671 1255 3767 671 1256 3768 686 1256 3769 687 1256 3770 671 1257 3771 687 1257 3772 657 1257 3773 657 1258 3774 687 1258 3775 673 1258 3776 657 1259 3777 673 1259 3778 658 1259 3779 672 1260 3780 688 1260 3781 675 1260 3782 674 1261 3783 689 1261 3784 690 1261 3785 675 1262 3786 688 1262 3787 691 1262 3788 675 1263 3789 691 1263 3790 676 1263 3791 676 1264 3792 691 1264 3793 692 1264 3794 676 1265 3795 692 1265 3796 677 1265 3797 677 1266 3798 692 1266 3799 693 1266 3800 677 1267 3801 693 1267 3802 678 1267 3803 678 1268 3804 693 1268 3805 694 1268 3806 678 1269 3807 694 1269 3808 679 1269 3809 679 1270 3810 694 1270 3811 695 1270 3812 679 1271 3813 695 1271 3814 680 1271 3815 680 1272 3816 695 1272 3817 696 1272 3818 680 1273 3819 696 1273 3820 681 1273 3821 681 1274 3822 696 1274 3823 697 1274 3824 681 1275 3825 697 1275 3826 682 1275 3827 682 1276 3828 697 1276 3829 698 1276 3830 682 1277 3831 698 1277 3832 683 1277 3833 683 1278 3834 698 1278 3835 699 1278 3836 683 1279 3837 699 1279 3838 684 1279 3839 684 1280 3840 699 1280 3841 700 1280 3842 684 1281 3843 700 1281 3844 685 1281 3845 685 1282 3846 700 1282 3847 701 1282 3848 685 1283 3849 701 1283 3850 686 1283 3851 686 1284 3852 701 1284 3853 702 1284 3854 686 1285 3855 702 1285 3856 687 1285 3857 687 1286 3858 702 1286 3859 703 1286 3860 687 1287 3861 703 1287 3862 673 1287 3863 673 1288 3864 703 1288 3865 689 1288 3866 673 1289 3867 689 1289 3868 674 1289 3869 688 1290 3870 704 1290 3871 691 1290 3872 691 1291 3873 704 1291 3874 692 1291 3875 692 1292 3876 704 1292 3877 693 1292 3878 693 1293 3879 704 1293 3880 694 1293 3881 694 1294 3882 704 1294 3883 695 1294 3884 695 1295 3885 704 1295 3886 696 1295 3887 696 1296 3888 704 1296 3889 697 1296 3890 697 1297 3891 704 1297 3892 698 1297 3893 698 1298 3894 704 1298 3895 699 1298 3896 699 1299 3897 704 1299 3898 700 1299 3899 700 1300 3900 704 1300 3901 701 1300 3902 701 1301 3903 704 1301 3904 702 1301 3905 702 1302 3906 704 1302 3907 703 1302 3908 703 1303 3909 704 1303 3910 689 1303 3911 689 1304 3912 704 1304 3913 690 1304 3914</p>
        </triangles>
      </mesh>
    </geometry>
    <geometry id="AG16_3_002-mesh" name="AG16_3.002">
      <mesh>
        <source id="AG16_3_002-mesh-positions">
          <float_array id="AG16_3_002-mesh-positions-array" count="819">-0.03029632 -0.05697512 1.321936 -0.03262072 -0.05705845 1.324955 -0.03033119 -0.05798274 1.321825 -0.03230386 -0.05816054 1.325035 -0.02893984 -0.05904603 1.322592 -0.03099805 -0.05932569 1.325668 -0.0304681 -0.05999428 1.321561 -0.03197216 -0.06033807 1.325028 -0.03062224 -0.06099539 1.321377 -0.03272247 -0.06134635 1.324514 -0.03412973 -0.05711311 1.328535 -0.03357058 -0.05841577 1.328661 -0.03209125 -0.05976343 1.329254 -0.0338599 -0.06090962 1.328204 -0.03408354 -0.06215029 1.327937 -0.03644394 -0.05671405 1.331583 -0.03550779 -0.05835568 1.331875 -0.03317528 -0.05989384 1.332811 -0.0351634 -0.06171137 1.331759 -0.03590619 -0.06343251 1.331281 -0.03866934 -0.05610996 1.33489 -0.03783583 -0.05823665 1.335046 -0.03430449 -0.06013369 1.336295 -0.03753215 -0.06258153 1.334805 -0.03771919 -0.06477671 1.334548 -0.03978657 -0.05551844 1.338541 -0.03933316 -0.05797511 1.338556 -0.03621608 -0.06046831 1.339483 -0.03900229 -0.06286871 1.338387 -0.03945541 -0.06529444 1.338092 -0.04186964 -0.05586057 1.342247 -0.04089218 -0.05840182 1.342234 -0.03675091 -0.06081867 1.343149 -0.03938001 -0.0634936 1.34208 -0.04056024 -0.0660808 1.341439 -0.04190838 -0.05627477 1.346049 -0.04171031 -0.05886417 1.345906 -0.03805869 -0.06101506 1.346597 -0.04143923 -0.06405669 1.345589 -0.04194402 -0.06672346 1.345276 -0.04254591 -0.05656373 1.349944 -0.04152101 -0.05906051 1.349912 -0.03867954 -0.06133955 1.350215 -0.04055863 -0.06415009 1.349651 -0.04169619 -0.06683772 1.349227 -0.04282128 -0.05668932 1.353475 -0.0415861 -0.0591281 1.353596 -0.03926312 -0.06136524 1.353855 -0.04135024 -0.06430107 1.353559 -0.04182857 -0.06696641 1.353466 -0.04461777 -0.05705982 1.357287 -0.04315054 -0.05945402 1.357336 -0.03878074 -0.06127953 1.357588 -0.04137939 -0.06444668 1.357353 -0.04264903 -0.06732153 1.357211 -0.04492574 -0.05696076 1.361185 -0.0432834 -0.05940073 1.361193 -0.03814113 -0.06119775 1.361247 -0.04215598 -0.0646398 1.36118 -0.04220479 -0.06736135 1.361166 -0.04424715 -0.0570392 1.365324 -0.04252099 -0.05946367 1.365147 -0.0380159 -0.06129437 1.364855 -0.04127854 -0.06473606 1.364888 -0.04197728 -0.06762522 1.364815 -0.04445523 -0.05757158 1.369557 -0.04271364 -0.05994433 1.36916 -0.03795063 -0.06165766 1.368469 -0.04074329 -0.06498968 1.368515 -0.0419228 -0.06794148 1.368407 -0.04279202 -0.05742895 1.373293 -0.04139423 -0.05992341 1.372877 -0.03701198 -0.06204849 1.371976 -0.04166752 -0.06523191 1.372547 -0.04091691 -0.06779378 1.372237 -0.0412963 -0.05817389 1.377341 -0.04039674 -0.06061238 1.376759 -0.03610074 -0.06247264 1.375449 -0.04068815 -0.06581014 1.37605 -0.04074746 -0.06839573 1.375676 -0.04152238 -0.05889534 1.381049 -0.03981143 -0.06111615 1.380392 -0.03531926 -0.06257033 1.378976 -0.03808033 -0.06598812 1.379542 -0.03932446 -0.0689609 1.379697 -0.03942 -0.05864775 1.384503 -0.03862732 -0.06113648 1.384084 -0.03442764 -0.06295424 1.382472 -0.03718507 -0.06613969 1.383296 -0.03805494 -0.06892734 1.38346 -0.03447169 -0.06352466 1.386422 -0.0212146 -0.05795854 1.325051 -0.01949828 -0.05695605 1.327068 -0.02173948 -0.05710393 1.325051 -0.02056252 -0.05660736 1.327563 -0.02311247 -0.05727702 1.326071 -0.02196103 -0.05665618 1.328379 -0.02315425 -0.0558229 1.325485 -0.02200061 -0.05515813 1.327911 -0.02352833 -0.05479139 1.325307 -0.0222336 -0.05390417 1.327635 -0.01790046 -0.05673152 1.329407 -0.01912206 -0.05617469 1.329876 -0.02077043 -0.05600541 1.330639 -0.02034974 -0.05405652 1.330001 -0.021187 -0.05318206 1.330213 -0.01611047 -0.05669069 1.331975 -0.01770329 -0.05586016 1.332382 -0.02055948 -0.05601084 1.333418 -0.01967036 -0.05329579 1.332597 -0.02001118 -0.05153721 1.332388 -0.01449203 -0.05729889 1.334476 -0.01683819 -0.05626136 1.335054 -0.02019053 -0.05587255 1.335969 -0.01880514 -0.05257487 1.335307 -0.01863694 -0.05005073 1.335053 -0.01375907 -0.05774587 1.337167 -0.01521426 -0.05590653 1.337507 -0.0198723 -0.05608397 1.338476 -0.01779776 -0.05202829 1.338122 -0.01843726 -0.04969078 1.338301 -0.01410555 -0.05865913 1.340397 -0.01557666 -0.05664455 1.340592 -0.01995587 -0.05619722 1.340983 -0.01732814 -0.05199897 1.340899 -0.01789301 -0.04951518 1.341032 -0.01288855 -0.05831271 1.343385 -0.0155586 -0.05687606 1.343464 -0.01905035 -0.05591726 1.343491 -0.01740002 -0.05223226 1.343819 -0.01785802 -0.04967623 1.344023 -0.01434689 -0.05928337 1.346189 -0.01583796 -0.0572561 1.346297 -0.01960432 -0.05637496 1.345987 -0.01789915 -0.05276215 1.346678 -0.01882237 -0.05046397 1.346888 -0.01513427 -0.05976217 1.349188 -0.01652574 -0.05768465 1.34917 -0.02022933 -0.05676823 1.348428 -0.01806157 -0.05293625 1.349521 -0.01860618 -0.0504558 1.349766 -0.01548624 -0.06023901 1.351676 -0.01763415 -0.05853503 1.351495 -0.02062773 -0.05732315 1.35091 -0.01893126 -0.05360269 1.352503 -0.02065646 -0.05168384 1.352515 -0.01648598 -0.06105762 1.354291 -0.0178321 -0.05887979 1.354505 -0.02177697 -0.05832886 1.353021 -0.02053499 -0.05453044 1.354926 -0.02133285 -0.05202335 1.355493 -0.01740157 -0.06211888 1.356455 -0.01895016 -0.06004989 1.356741 -0.02337729 -0.05973446 1.354634 -0.02197951 -0.05587214 1.357369 -0.02265989 -0.05329424 1.358366 -0.01855689 -0.06340056 1.3586 -0.02095264 -0.06182295 1.35814 -0.02441018 -0.06086176 1.356587 -0.02335512 -0.05742204 1.359587 -0.02391588 -0.05488771 1.360944 -0.02026242 -0.06446593 1.361511 -0.02214354 -0.06268012 1.36108 -0.02558559 -0.06198179 1.358521 -0.02518653 -0.05863827 1.361178 -0.02638852 -0.0564084 1.361653 -0.02169722 -0.06535768 1.363722 -0.02396529 -0.06404948 1.362628 -0.02711182 -0.06359136 1.359771 -0.02732074 -0.06038945 1.362715 -0.02852743 -0.05814313 1.363665 -0.02340853 -0.06734937 1.364495 -0.02558106 -0.06592357 1.363774 -0.02860832 -0.06523287 1.36091 -0.02893346 -0.06229859 1.364703 -0.03039437 -0.06031841 1.365683 -0.02508878 -0.06908524 1.366334 -0.02713561 -0.06761157 1.365787 -0.02989649 -0.06695109 1.36227 -0.03124326 -0.06467866 1.364639 -0.03284358 -0.06274622 1.365846 -0.03150826 -0.06850242 1.363929 -0.02686059 -0.06296163 1.329564 -0.02683156 -0.06419992 1.330861 -0.0259962 -0.06290358 1.329539 -0.02590954 -0.06405133 1.330823 -0.02500891 -0.06207126 1.330103 -0.02484786 -0.06277352 1.33139 -0.02431708 -0.06305748 1.329283 -0.0240733 -0.06380933 1.330718 -0.02351003 -0.06331175 1.32902 -0.02326619 -0.06447333 1.330247 -0.02701485 -0.06489825 1.332404 -0.02588337 -0.06426411 1.332527 -0.02474927 -0.06337863 1.332738 -0.0237962 -0.06467556 1.3322 -0.02275687 -0.06492155 1.332023 -0.02747118 -0.06548118 1.334209 -0.02602881 -0.06474184 1.334174 -0.02458333 -0.06321346 1.334278 -0.02324551 -0.06558924 1.333709 -0.0218231 -0.06530851 1.333596 -0.02796244 -0.06578701 1.336259 -0.0261532 -0.06596368 1.335961 -0.02436113 -0.06285911 1.33569 -0.02253329 -0.06610637 1.335368 -0.02072167 -0.06593704 1.335073 -0.0281291 -0.065764 1.338448 -0.02611649 -0.065804 1.337998 -0.02397251 -0.06286311 1.337023 -0.02210092 -0.06604945 1.337127 -0.02014011 -0.06696695 1.336834 -0.02765786 -0.06494385 1.340401 -0.02557206 -0.06511664 1.339837 -0.02363938 -0.06242156 1.338316 -0.02142977 -0.064673 1.338443 -0.01929795 -0.06607872 1.338297 -0.02723699 -0.06420487 1.342362 -0.02515703 -0.06427043 1.341629 -0.02312672 -0.06181079 1.339481 -0.0209974 -0.06414991 1.340019 -0.0189163 -0.06501173 1.339736 -0.02672463 -0.06244248 1.343287 -0.02464693 -0.06265044 1.342672 -0.02275007 -0.06054753 1.340212 -0.0204516 -0.06375056 1.341992 -0.01834356 -0.06447714 1.341795 -0.0262956 -0.06109809 1.344432 -0.02419304 -0.06151711 1.344066 -0.02239209 -0.05943346 1.34089 -0.02004206 -0.06182676 1.342735 -0.01792317 -0.062406 1.34255 -0.02579218 -0.06003868 1.346096 -0.02380549 -0.05973708 1.344676 -0.02213531 -0.05825829 1.341422 -0.01952236 -0.06048065 1.343958 -0.01736491 -0.06092143 1.343707 -0.02577185 -0.05787044 1.34604 -0.02360177 -0.05808413 1.345405 -0.02178025 -0.05710238 1.341873 -0.01916205 -0.05890613 1.345097 -0.01686882 -0.05960792 1.345654 -0.02547049 -0.05617648 1.347131 -0.0232945 -0.05639296 1.346285 -0.02151501 -0.05586922 1.342163 -0.01881742 -0.05709034 1.345779 -0.01663309 -0.05732452 1.345013 -0.02513992 -0.0539124 1.346958 -0.02305215 -0.05430603 1.345461 -0.02116185 -0.05461269 1.342249 -0.01857322 -0.05525046 1.345974 -0.0164119 -0.05568218 1.345327 -0.02458792 -0.05203378 1.346551 -0.02248579 -0.05249553 1.345955 -0.02085882 -0.05321311 1.342976 -0.0183466 -0.05345946 1.3444 -0.01596844 -0.05374974 1.345348 -0.02458459 -0.05045926 1.345585 -0.02249073 -0.05087661 1.344951 -0.02070999 -0.051916 1.34222 -0.01810801 -0.05124932 1.345225 -0.01592874 -0.05146443 1.345266 -0.02436852 -0.04894256 1.345121 -0.02240604 -0.0494666 1.344012 -0.02087491 -0.05074787 1.341402 -0.01808756 -0.04973435 1.343343 -0.01565265 -0.04932153 1.344093 -0.02459096 -0.0476337 1.34404 -0.02261358 -0.04815459 1.342959 -0.02089965 -0.04928499 1.341081 -0.01811665 -0.04766291 1.342829 -0.01606589 -0.04797619 1.342023 -0.0211156 -0.04787296 1.340423</float_array>
          <technique_common>
            <accessor source="#AG16_3_002-mesh-positions-array" count="273" stride="3">
              <param name="X" type="float"/>
              <param name="Y" type="float"/>
              <param name="Z" type="float"/>
            </accessor>
          </technique_common>
        </source>
        <source id="AG16_3_002-mesh-normals">
          <float_array id="AG16_3_002-mesh-normals-array" count="1260">0.7901174 -0.09412634 0.6056854 0.8132963 0.2712321 0.5147644 0.4544708 0.8292878 0.3251738 0.4941208 0.7715374 0.4007177 0.4167889 -0.8871333 0.1981964 0.6381469 -0.7426077 0.2032301 0.9046823 -0.2079271 0.3719092 0.6506645 -0.6681415 0.3608641 0.8827648 0.2811511 0.3764046 0.856444 0.39921 0.3273152 0.5720727 0.779631 0.2547714 0.5862799 0.7631044 0.2719333 0.6772666 -0.7262398 0.1178381 0.4831171 -0.8656513 0.1313238 0.6904799 -0.6621744 0.2911403 0.9211518 -0.2333216 0.3115134 0.7606276 0.377525 0.5281292 0.7445263 0.5027289 0.4392542 0.5625325 0.7603102 0.3247854 0.4899662 0.8528323 0.1805835 0.4899596 -0.8637681 0.1176622 0.6528938 -0.754273 0.06929761 0.9293372 -0.2299015 0.2889252 0.8466117 -0.4459981 0.2904037 0.7558967 0.5052132 0.4163892 0.7641422 0.3395693 0.5484336 0.4418684 0.8480085 0.2926331 0.4100301 0.8911568 0.1942031 0.6230987 -0.7678068 0.1490663 0.5386397 -0.8222038 0.183979 0.7608827 -0.4563848 0.4612705 0.8885641 -0.1273441 0.4407236 0.9034823 0.3699079 0.2165362 0.9108797 0.1703104 0.3758888 0.4365908 0.8916472 0.1198071 0.5044757 0.7734882 0.3836931 0.5204061 -0.823572 0.2256252 0.5992375 -0.7792692 0.1834503 0.9216283 -0.1217055 0.3684958 0.8890157 -0.2153016 0.4040994 0.8540307 0.1604995 0.4948449 0.8558261 0.3271996 0.4006273 0.5331171 0.7844442 0.3169122 0.4729467 0.8678895 0.1519513 0.6476196 -0.761655 0.02169537 0.7211219 -0.6914568 -0.04325312 0.9792096 -0.1911833 0.06780672 0.876109 -0.4453951 0.1845437 0.9323201 0.3583629 0.04853141 0.9724997 0.061944 0.2245157 0.457598 0.8638213 0.2107536 0.4626913 0.8576619 0.22435 0.655095 -0.7266136 0.2070828 0.6099309 -0.7563126 0.2365921 0.7958524 -0.4604573 0.3931899 0.9302125 -0.2112735 0.3001138 0.9839181 0.06606996 0.1659517 0.9246799 0.3799194 -0.02506756 0.5048468 0.8630119 0.01845014 0.6048764 0.7771854 0.1735152 0.660519 -0.7493914 0.04612249 0.8331594 -0.5184395 -0.1925252 0.9643322 -0.157602 -0.2126618 0.9225848 -0.3796018 -0.06884604 0.9221047 0.3774122 0.08534115 0.8913618 0.4526543 0.02404731 0.6238576 0.781127 0.02534949 0.6824525 0.7219041 0.1145128 0.8127664 -0.5687338 0.1263043 0.8003523 -0.5830484 0.1396094 0.8983901 -0.4065021 0.1662869 0.983803 -0.1774517 0.02534872 0.8013869 0.4267514 0.4191208 0.7879297 0.4904296 0.3723516 0.6364222 0.6985523 0.3270958 0.387996 0.9189052 -0.07122153 0.8159411 -0.5707176 -0.09231275 0.773608 -0.6333985 -0.01835846 0.9842666 -0.1766878 7.87206e-4 0.9002465 -0.4054039 0.1587575 0.8508875 0.5225695 0.05395889 0.8293542 0.5583338 0.02085822 0.3854404 0.9227326 5.31129e-4 0.3296355 0.9408259 -0.07865852 0.7718028 -0.624247 -0.1209806 0.6471441 -0.7566573 0.09313637 0.899689 -0.4053192 0.1620996 0.9935833 -0.01722365 -0.1117846 0.8232984 0.5537843 -0.1245105 0.8009811 0.5808207 -0.1451783 0.3299441 0.9427485 -0.04860359 0.3770951 0.9261005 0.01171141 0.6506747 -0.7581453 -0.04287362 0.7121927 -0.6768626 -0.1861145 0.9729 -0.01622134 -0.2306571 0.9695132 -0.2325344 -0.0772776 0.8133552 0.5709235 0.1118021 0.8099676 0.576456 0.1079397 0.3804774 0.9158915 0.1279836 0.3484071 0.9332465 0.08754247 0.7228934 -0.6860714 -0.08204352 0.7559545 -0.6357648 -0.1560005 0.9607152 -0.2283579 -0.1577308 0.9281991 -0.3691566 -0.04658186 0.7276107 0.5920468 -0.3465017 0.8129593 0.5041664 -0.2913993 0.3207073 0.9396567 -0.1191311 0.4336741 0.9009335 -0.01566994 0.7368758 -0.6212997 -0.2664598 0.5693693 -0.8180468 0.081353 0.909974 -0.3704485 0.1863203 0.9197225 0.300091 -0.2530927 0.8359352 0.5045073 -0.2160672 0.9113304 0.3761047 -0.1673985 0.4433735 0.8952092 0.04494935 0.3992138 0.9168295 0.007219612 0.5280882 -0.8151232 -0.2381116 0.5400578 -0.7930169 -0.2818898 0.9308706 0.2982435 -0.2110232 0.9985333 -0.01540899 -0.05190289 0.9403961 0.3184758 0.1192834 0.7856163 0.6173569 -0.04095786 0.4119278 0.9092574 0.05972021 0.2965123 0.954222 -0.03925293 0.5689571 -0.8088509 -0.1484859 0.6306655 -0.5925862 -0.5011016 0.8010911 0.06750684 -0.5947235 0.8554289 -0.3764757 -0.3556792 0.6450356 0.6264388 -0.4376111 0.8980069 0.3341863 -0.2861874 0.2823855 0.9554985 -0.08532905 0.3970794 0.9177842 -4.90418e-4 0.7307942 -0.6328446 -0.2558276 0.7152919 -0.6702843 -0.1976779 0.8937177 -0.3859229 -0.2287626 0.9046548 -0.3001351 -0.3025205 0.5963079 0.3142568 -0.7386878 0.4363163 0.8898512 0.1333907 0.741842 -0.6648086 -0.08774983 0.8291937 -0.2870227 -0.4796415 -0.6069203 -0.3732427 0.7016679 -0.1828612 -0.9446439 0.2724149 0.1973971 -0.9751806 0.1002857 0.1443393 -0.9712634 0.1892452 -0.9005429 0.1400246 0.4116016 -0.9089517 0.1021634 0.40419 -0.8534723 -0.2285392 0.4683533 -0.8645772 -0.05020588 0.4999857 -0.2043106 -0.9512725 0.2309502 -0.2781276 -0.8979032 0.3411965 0.1043045 -0.9873141 0.1197143 0.02372175 -0.9639554 0.2650043 -0.8921411 0.1129758 0.4374024 -0.817445 0.3309636 0.4714308 -0.7825452 -0.007911443 0.6225437 -0.5969274 -0.6762322 0.4317265 -0.3244941 -0.9147516 0.2406933 -0.3723842 -0.8710942 0.3201953 -0.03490352 -0.988976 0.1439039 0.05058699 -0.998703 -0.005777597 -0.9695135 0.2335767 0.07406389 -0.9274088 0.3463855 0.1411741 -0.626424 -0.6884064 0.3656359 -0.8416576 -0.1002188 0.5306307 -0.4465855 -0.8918307 0.07210725 -0.4056401 -0.914014 -0.005879282 -0.001518666 -0.9889891 -0.1479809 -0.09665739 -0.9930045 0.06782078 -0.932907 0.3407633 0.1164687 -0.8944054 0.4110994 0.1761712 -0.9316633 -0.1408693 0.334902 -0.9061062 0.1017794 0.4106249 -0.4121674 -0.9102762 -0.03892576 -0.6302916 -0.5915467 0.5027972 -0.06355178 -0.9808828 0.1839298 0.0199483 -0.9960486 -0.08654117 -0.900659 0.4082643 0.1487739 -0.8608315 0.4594265 0.2188526 -0.9429925 0.09498995 0.3189707 -0.9589953 -0.2691633 0.08876496 -0.7817613 -0.5730569 -0.2458763 -0.7967693 -0.5598106 -0.2275322 -0.01160174 -0.9721774 -0.2339585 -0.1057767 -0.9932121 -0.04838413 -0.8905964 0.4547025 -0.009142696 -0.8385284 0.5275505 0.136237 -0.948359 -0.2719579 0.1632609 -0.9520918 -0.2274526 0.204418 -0.734582 -0.5716507 0.3655201 -0.4742448 -0.8777799 -0.06778115 -0.1083063 -0.990957 -0.07920825 -0.2580639 -0.9454618 0.1987592 -0.8210076 0.5186821 0.2385697 -0.9129441 0.4079595 0.01011466 -0.9747368 -0.2194585 -0.04154556 -0.9842923 -0.1765353 0.002001583 -0.4252633 -0.7637477 -0.4856343 -0.7996078 -0.5797384 -0.156623 -0.2627509 -0.9525443 -0.153693 -0.204959 -0.9536392 -0.2203727 -0.9014425 0.4147579 -0.1240064 -0.8961176 0.4373663 -0.07539308 -0.967436 -0.1575447 -0.1981099 -0.8700352 -0.3147989 -0.3793949 -0.7776259 -0.5563066 -0.2929522 -0.7986308 -0.5372194 -0.2712644 -0.2084671 -0.9588198 -0.1928892 -0.1962428 -0.9589416 -0.2047435 -0.8818794 0.4456197 -0.1539867 -0.8678765 0.4964098 -0.01917999 -0.9276611 -0.3657366 -0.07537716 -0.9725301 -0.2208086 0.07368063 -0.8098704 -0.5442516 -0.2188611 -0.512064 -0.6986033 -0.4997439 -0.143822 -0.9052655 -0.3997619 -0.3195483 -0.9125162 -0.2553489 -0.866638 0.4981656 -0.02774566 -0.8733367 0.4630302 -0.1512812 -0.9341166 -0.1744041 -0.3114633 -0.5674635 -0.5062034 -0.6494177 -0.5378162 -0.7238234 -0.4322425 -0.8500014 -0.5141208 -0.1147933 -0.3502519 -0.9276881 -0.1293001 0.02973836 -0.9086092 -0.4165875 -0.8447346 0.4834687 -0.2295249 -0.8142973 0.4500726 -0.3665444 -0.5972072 -0.5331255 -0.5992669 -0.9392391 -0.2443271 -0.2411105 -0.7490185 -0.4119955 -0.5188749 -0.6913397 -0.4379252 -0.574692 0.04300951 -0.8939009 -0.4461965 0.1927831 -0.8265189 -0.5288678 -0.7977833 0.4576863 -0.3925113 -0.8464254 0.4757255 -0.2392689 -0.8188812 -0.1343303 -0.5580224 -0.8946104 -0.06510239 -0.4420793 -0.6715975 -0.4180914 -0.6116834 -0.1607704 -0.4930917 -0.8549934 0.2382234 -0.7530282 -0.61335 -0.01300901 -0.8629782 -0.5050737 -0.8688127 0.4541102 -0.1973538 -0.8635432 0.4548209 -0.2177875 -0.8447393 -0.01597088 -0.5349397 -0.9051228 0.02695983 -0.4242945 -0.4013729 -0.7588813 -0.5128343 -0.5661489 -0.7009845 -0.4337008 -0.1169145 -0.9397199 -0.3213374 0.1397524 -0.8913486 -0.4312388 -0.8479655 0.4714173 -0.242323 -0.7354944 0.4731063 -0.4849933 -0.7149786 0.2005193 -0.6697743 -0.2990743 0.04191511 -0.9533089 -0.4872059 -0.6531171 -0.5797141 -0.06772446 -0.7063778 -0.7045878 0.2036884 -0.8398221 -0.5031996 0.3703709 -0.7627389 -0.5301461 -0.7984678 0.4300364 -0.4213285 -0.7331488 0.4337582 -0.5237812 -0.524463 -0.1026461 -0.8452233 -0.665879 -0.04275584 -0.7448337 0.1503373 -0.4675858 -0.8710696 -0.0381813 -0.4970247 -0.866896 0.4157208 -0.7076827 -0.5712805 0.3712257 -0.7335231 -0.5693288 -0.7885849 0.3875389 -0.4774385 -0.8630254 0.3610809 -0.3532816 -0.7236282 -0.0999673 -0.6829121 -0.660426 -0.1206927 -0.7411282 -0.1670228 -0.6359958 -0.7534009 -0.2598873 -0.6317378 -0.7303192 0.2711476 -0.8303393 -0.4868426 0.45749 -0.7369814 -0.4975554 -0.8609121 0.36404 -0.3553944 -0.4770793 0.4827551 -0.7343997 -0.2541615 0.2716346 -0.928233 -0.33809 0.2808119 -0.8982427 0.3588731 0.1572223 -0.9200496 0.3528963 -0.8295032 -0.4328841 -0.780282 0.1660274 -0.6029884 -0.431004 0.1934845 -0.8813623 -0.0283581 0.722438 0.690854 -0.09176224 0.7392354 0.6671662 -0.7073271 0.5025563 0.4971173 -0.7888756 0.4925279 0.3675479 0.8643476 0.4789783 0.1532422 0.8340395 0.5341206 0.1381786 0.3873823 0.8420141 0.3754295 0.7101172 0.5761912 0.4046447 -0.1303181 0.9090464 0.3957927 -0.4951174 0.8611628 0.1151416 -0.785043 0.61307 0.08861559 -0.6149162 0.7016887 0.3598768 0.8390184 0.5166854 0.1705415 0.8259682 0.5401772 0.1611992 0.699237 0.6664598 0.2586483 0.2540395 0.9525822 0.1674846 -0.4957655 0.8552494 0.1508815 -0.4414799 0.8714293 0.213791 -0.6258458 0.7621186 0.165808 -0.7266733 0.6869678 0.004621326 0.7661553 0.6250017 -0.1495959 0.8693106 0.4939303 -0.01822161 0.2764824 0.863351 0.4221169 -0.1585352 0.9328196 0.3235959 -0.4555574 0.8898937 0.02359551 0.1716045 0.8076869 0.5640866 -0.6853269 0.6225308 0.3778656 -0.8656385 0.5005576 0.01059669 0.8138796 0.5203081 -0.2586113 0.8435245 0.4953314 -0.2076374 -0.1539523 0.9226166 0.353663 -0.01970261 0.9145854 0.4039125 0.09669232 0.9953095 -0.0031026 0.00230199 0.9969336 -0.07821869 -0.8667112 0.4982599 -0.02343112 -0.751745 0.6212961 0.2210676 0.8350368 0.494082 -0.2420671 0.8436912 0.4882237 -0.2232104 -0.09452676 0.9954816 -0.009000658 0.4397045 0.8309898 0.3407577 -0.06513839 0.9255139 -0.3730697 -0.01564937 0.9381429 -0.3458945 -0.8052734 0.592663 0.01689279 -0.8103156 0.5859299 0.008667647 0.8076403 0.4624069 -0.3659197 0.5055423 0.4546954 -0.7332661 0.182929 0.6314222 -0.7535536 0.3959808 0.6660823 -0.6320868 -0.01672899 0.9368544 -0.3493194 -0.113448 0.908252 -0.4027505 -0.8289536 0.5549107 -0.07007294 -0.7695538 0.6385705 0.003848612 0.6061347 0.563076 -0.561735 0.7242146 0.5701035 -0.3879372 0.4874666 0.7798992 -0.3925982 0.2277044 0.7523236 -0.6181909 -0.2721971 0.507989 -0.8172245 -0.1799271 0.571874 -0.8003664 -0.846423 0.4499017 -0.2848803 -0.8552274 0.4258102 -0.2954181 0.5303558 0.3003766 -0.7927778 0.8449146 0.4283079 -0.3204245 0.3357206 0.9008709 -0.2751789 0.2829144 0.9062547 -0.314105 -0.1489433 0.6683077 -0.7288215 0.04177081 0.7685234 -0.6384567 -0.8231324 0.5411722 -0.1720052 -0.8798739 0.4191197 -0.2239659 0.7363322 0.1633336 -0.6566103 0.6900389 0.1282932 -0.7123112 0.03449791 0.3537657 -0.9346978 0.01046776 0.3405402 -0.9401717 0.06973844 0.8317137 -0.5508075 -0.5760834 0.374508 -0.7265477 -0.9005146 0.3029793 -0.3118929 -0.8916563 0.3335071 -0.306141 0.7048136 0.1590973 -0.6913218 0.7726988 0.236526 -0.5890603 0.109831 0.6445585 -0.7566251 0.03189265 0.6070616 -0.7940145 -0.5798823 -0.0153532 -0.8145557 -0.2176135 0.4160826 -0.8829042 -0.9016827 0.2625853 -0.3435367 -0.8571341 0.393126 -0.3328264 0.7173604 0.05073398 -0.6948526 0.8129401 0.2076845 -0.5440548 0.02468788 0.5823826 -0.8125399 0.3638038 0.7264946 -0.5829687 -0.1830523 0.5549798 -0.8114736 -0.2751016 0.4829066 -0.8313365 -0.8704023 0.3423839 -0.3537982 -0.8949433 0.2749732 -0.3513777 0.7715493 -0.01668262 -0.6359509 0.8102819 0.06507825 -0.5824156 0.3071827 0.2831287 -0.9085577 -0.3437507 -0.2204161 -0.9128265 -0.3637362 -0.01799374 -0.9313282 -0.595469 -0.2345404 -0.7683798 -0.9144032 -0.05244547 -0.4013932 -0.8196046 0.265312 -0.5077973 0.7613021 -0.1708608 -0.6254805 0.8164348 -0.04738175 -0.5754906 -0.3141407 0.1412113 -0.9388158 -0.2411544 0.2131429 -0.9467919 -0.5833755 -0.004748165 -0.8121888 -0.1942798 0.3143957 -0.9291989 -0.7809535 0.3796471 -0.4959633 -0.7463582 0.4268785 -0.5106117 0.824926 0.1094532 -0.5545422 0.326745 -0.6470741 -0.6888635 -0.337351 -0.597201 -0.7276986 0.3617048 -0.07291036 -0.9294373 -0.3357397 -0.4919368 -0.8032914 -0.3409151 -0.4962604 -0.7984376 -0.8724495 -0.2595078 -0.4141106 -0.8538655 -0.1855038 -0.4863151 0.3904217 -0.4966111 -0.7752087 0.7258346 0.1705721 -0.6663854 0.3848631 0.2862494 -0.8774632 0.0153433 -0.03586685 -0.9992388 -0.3244419 -0.2342657 -0.9164372 -0.5273816 -0.4485505 -0.7215755 -0.8514966 -0.254112 -0.4586728 -0.8713921 -0.3579292 -0.3355034 0.7526584 -0.3030716 -0.584511 0.583123 -0.6359711 -0.5054783 -0.06481611 -0.7770786 -0.6260573 0.3314678 -0.4856323 -0.8088822 -0.5093544 -0.5978522 -0.6189757 -0.501512 -0.5883405 -0.6343038 -0.8648521 -0.3902342 -0.3158292 -0.7734373 -0.1486614 -0.6161936 0.6027505 -0.161721 -0.7813696 0.5978389 -0.1851481 -0.7799417 0.3215134 -0.2238038 -0.9200767 -0.3117563 -0.8239253 -0.4732391 -0.4067132 -0.8500826 -0.3345805 -0.7870736 -0.3553263 -0.5042405 0.6160693 -0.2532864 -0.7458583 -0.07795119 -0.9800703 0.1827179</float_array>
          <technique_common>
            <accessor source="#AG16_3_002-mesh-normals-array" count="420" stride="3">
              <param name="X" type="float"/>
              <param name="Y" type="float"/>
              <param name="Z" type="float"/>
            </accessor>
          </technique_common>
        </source>
        <source id="AG16_3_002-mesh-map-0">
          <float_array id="AG16_3_002-mesh-map-0-array" count="2520">1 1 1 1.055556 0.75 1 0.75 1 1 1.055556 0.75 1.055556 0.75 1 0.75 1.055556 0.5 1 0.5 1 0.75 1.055556 0.5 1.055556 0.5 1 0.5 1.055556 0.25 1 0.25 1 0.5 1.055556 0.25 1.055556 0.25 1 0.25 1.055556 0 1 0 1 0.25 1.055556 0 1.055556 1 1.055556 1 1.111111 0.75 1.055556 0.75 1.055556 1 1.111111 0.75 1.111111 0.75 1.055556 0.75 1.111111 0.5 1.055556 0.5 1.055556 0.75 1.111111 0.5 1.111111 0.5 1.055556 0.5 1.111111 0.25 1.055556 0.25 1.055556 0.5 1.111111 0.25 1.111111 0.25 1.055556 0.25 1.111111 0 1.055556 0 1.055556 0.25 1.111111 0 1.111111 1 1.111111 1 1.166667 0.75 1.111111 0.75 1.111111 1 1.166667 0.75 1.166667 0.75 1.111111 0.75 1.166667 0.5 1.111111 0.5 1.111111 0.75 1.166667 0.5 1.166667 0.5 1.111111 0.5 1.166667 0.25 1.111111 0.25 1.111111 0.5 1.166667 0.25 1.166667 0.25 1.111111 0.25 1.166667 0 1.111111 0 1.111111 0.25 1.166667 0 1.166667 1 1.166667 1 1.222222 0.75 1.166667 0.75 1.166667 1 1.222222 0.75 1.222222 0.75 1.166667 0.75 1.222222 0.5 1.166667 0.5 1.166667 0.75 1.222222 0.5 1.222222 0.5 1.166667 0.5 1.222222 0.25 1.166667 0.25 1.166667 0.5 1.222222 0.25 1.222222 0.25 1.166667 0.25 1.222222 0 1.166667 0 1.166667 0.25 1.222222 0 1.222222 1 1.222222 1 1.277778 0.75 1.222222 0.75 1.222222 1 1.277778 0.75 1.277778 0.75 1.222222 0.75 1.277778 0.5 1.222222 0.5 1.222222 0.75 1.277778 0.5 1.277778 0.5 1.222222 0.5 1.277778 0.25 1.222222 0.25 1.222222 0.5 1.277778 0.25 1.277778 0.25 1.222222 0.25 1.277778 0 1.222222 0 1.222222 0.25 1.277778 0 1.277778 1 1.277778 1 1.333333 0.75 1.277778 0.75 1.277778 1 1.333333 0.75 1.333333 0.75 1.277778 0.75 1.333333 0.5 1.277778 0.5 1.277778 0.75 1.333333 0.5 1.333333 0.5 1.277778 0.5 1.333333 0.25 1.277778 0.25 1.277778 0.5 1.333333 0.25 1.333333 0.25 1.277778 0.25 1.333333 0 1.277778 0 1.277778 0.25 1.333333 0 1.333333 1 1.333333 1 1.388889 0.75 1.333333 0.75 1.333333 1 1.388889 0.75 1.388889 0.75 1.333333 0.75 1.388889 0.5 1.333333 0.5 1.333333 0.75 1.388889 0.5 1.388889 0.5 1.333333 0.5 1.388889 0.25 1.333333 0.25 1.333333 0.5 1.388889 0.25 1.388889 0.25 1.333333 0.25 1.388889 0 1.333333 0 1.333333 0.25 1.388889 0 1.388889 1 1.388889 1 1.444444 0.75 1.388889 0.75 1.388889 1 1.444444 0.75 1.444444 0.75 1.388889 0.75 1.444444 0.5 1.388889 0.5 1.388889 0.75 1.444444 0.5 1.444444 0.5 1.388889 0.5 1.444444 0.25 1.388889 0.25 1.388889 0.5 1.444444 0.25 1.444444 0.25 1.388889 0.25 1.444444 0 1.388889 0 1.388889 0.25 1.444444 0 1.444444 1 1.444444 1 1.5 0.75 1.444444 0.75 1.444444 1 1.5 0.75 1.5 0.75 1.444444 0.75 1.5 0.5 1.444444 0.5 1.444444 0.75 1.5 0.5 1.5 0.5 1.444444 0.5 1.5 0.25 1.444444 0.25 1.444444 0.5 1.5 0.25 1.5 0.25 1.444444 0.25 1.5 0 1.444444 0 1.444444 0.25 1.5 0 1.5 1 1.5 1 1.555556 0.75 1.5 0.75 1.5 1 1.555556 0.75 1.555556 0.75 1.5 0.75 1.555556 0.5 1.5 0.5 1.5 0.75 1.555556 0.5 1.555556 0.5 1.5 0.5 1.555556 0.25 1.5 0.25 1.5 0.5 1.555556 0.25 1.555556 0.25 1.5 0.25 1.555556 0 1.5 0 1.5 0.25 1.555556 0 1.555556 1 1.555556 1 1.611111 0.75 1.555556 0.75 1.555556 1 1.611111 0.75 1.611111 0.75 1.555556 0.75 1.611111 0.5 1.555556 0.5 1.555556 0.75 1.611111 0.5 1.611111 0.5 1.555556 0.5 1.611111 0.25 1.555556 0.25 1.555556 0.5 1.611111 0.25 1.611111 0.25 1.555556 0.25 1.611111 0 1.555556 0 1.555556 0.25 1.611111 0 1.611111 1 1.611111 1 1.666667 0.75 1.611111 0.75 1.611111 1 1.666667 0.75 1.666667 0.75 1.611111 0.75 1.666667 0.5 1.611111 0.5 1.611111 0.75 1.666667 0.5 1.666667 0.5 1.611111 0.5 1.666667 0.25 1.611111 0.25 1.611111 0.5 1.666667 0.25 1.666667 0.25 1.611111 0.25 1.666667 0 1.611111 0 1.611111 0.25 1.666667 0 1.666667 1 1.666667 1 1.722222 0.75 1.666667 0.75 1.666667 1 1.722222 0.75 1.722222 0.75 1.666667 0.75 1.722222 0.5 1.666667 0.5 1.666667 0.75 1.722222 0.5 1.722222 0.5 1.666667 0.5 1.722222 0.25 1.666667 0.25 1.666667 0.5 1.722222 0.25 1.722222 0.25 1.666667 0.25 1.722222 0 1.666667 0 1.666667 0.25 1.722222 0 1.722222 1 1.722222 1 1.777778 0.75 1.722222 0.75 1.722222 1 1.777778 0.75 1.777778 0.75 1.722222 0.75 1.777778 0.5 1.722222 0.5 1.722222 0.75 1.777778 0.5 1.777778 0.5 1.722222 0.5 1.777778 0.25 1.722222 0.25 1.722222 0.5 1.777778 0.25 1.777778 0.25 1.722222 0.25 1.777778 0 1.722222 0 1.722222 0.25 1.777778 0 1.777778 1 1.777778 1 1.833333 0.75 1.777778 0.75 1.777778 1 1.833333 0.75 1.833333 0.75 1.777778 0.75 1.833333 0.5 1.777778 0.5 1.777778 0.75 1.833333 0.5 1.833333 0.5 1.777778 0.5 1.833333 0.25 1.777778 0.25 1.777778 0.5 1.833333 0.25 1.833333 0.25 1.777778 0.25 1.833333 0 1.777778 0 1.777778 0.25 1.833333 0 1.833333 1 1.833333 1 1.888889 0.75 1.833333 0.75 1.833333 1 1.888889 0.75 1.888889 0.75 1.833333 0.75 1.888889 0.5 1.833333 0.5 1.833333 0.75 1.888889 0.5 1.888889 0.5 1.833333 0.5 1.888889 0.25 1.833333 0.25 1.833333 0.5 1.888889 0.25 1.888889 0.25 1.833333 0.25 1.888889 0 1.833333 0 1.833333 0.25 1.888889 0 1.888889 1 1.888889 1 1.944444 0.75 1.888889 0.75 1.888889 1 1.944444 0.75 1.944444 0.75 1.888889 0.75 1.944444 0.5 1.888889 0.5 1.888889 0.75 1.944444 0.5 1.944444 0.5 1.888889 0.5 1.944444 0.25 1.888889 0.25 1.888889 0.5 1.944444 0.25 1.944444 0.25 1.888889 0.25 1.944444 0 1.888889 0 1.888889 0.25 1.944444 0 1.944444 1 1.944444 0.5 2 0.75 1.944444 0.75 1.944444 0.5 2 0.5 1.944444 0.5 1.944444 0.5 2 0.25 1.944444 0.25 1.944444 0.5 2 0 1.944444 1 1 1 1.055556 0.75 1 0.75 1 1 1.055556 0.75 1.055556 0.75 1 0.75 1.055556 0.5 1 0.5 1 0.75 1.055556 0.5 1.055556 0.5 1 0.5 1.055556 0.25 1 0.25 1 0.5 1.055556 0.25 1.055556 0.25 1 0.25 1.055556 0 1 0 1 0.25 1.055556 0 1.055556 1 1.055556 1 1.111111 0.75 1.055556 0.75 1.055556 1 1.111111 0.75 1.111111 0.75 1.055556 0.75 1.111111 0.5 1.055556 0.5 1.055556 0.75 1.111111 0.5 1.111111 0.5 1.055556 0.5 1.111111 0.25 1.055556 0.25 1.055556 0.5 1.111111 0.25 1.111111 0.25 1.055556 0.25 1.111111 0 1.055556 0 1.055556 0.25 1.111111 0 1.111111 1 1.111111 1 1.166667 0.75 1.111111 0.75 1.111111 1 1.166667 0.75 1.166667 0.75 1.111111 0.75 1.166667 0.5 1.111111 0.5 1.111111 0.75 1.166667 0.5 1.166667 0.5 1.111111 0.5 1.166667 0.25 1.111111 0.25 1.111111 0.5 1.166667 0.25 1.166667 0.25 1.111111 0.25 1.166667 0 1.111111 0 1.111111 0.25 1.166667 0 1.166667 1 1.166667 1 1.222222 0.75 1.166667 0.75 1.166667 1 1.222222 0.75 1.222222 0.75 1.166667 0.75 1.222222 0.5 1.166667 0.5 1.166667 0.75 1.222222 0.5 1.222222 0.5 1.166667 0.5 1.222222 0.25 1.166667 0.25 1.166667 0.5 1.222222 0.25 1.222222 0.25 1.166667 0.25 1.222222 0 1.166667 0 1.166667 0.25 1.222222 0 1.222222 1 1.222222 1 1.277778 0.75 1.222222 0.75 1.222222 1 1.277778 0.75 1.277778 0.75 1.222222 0.75 1.277778 0.5 1.222222 0.5 1.222222 0.75 1.277778 0.5 1.277778 0.5 1.222222 0.5 1.277778 0.25 1.222222 0.25 1.222222 0.5 1.277778 0.25 1.277778 0.25 1.222222 0.25 1.277778 0 1.222222 0 1.222222 0.25 1.277778 0 1.277778 1 1.277778 1 1.333333 0.75 1.277778 0.75 1.277778 1 1.333333 0.75 1.333333 0.75 1.277778 0.75 1.333333 0.5 1.277778 0.5 1.277778 0.75 1.333333 0.5 1.333333 0.5 1.277778 0.5 1.333333 0.25 1.277778 0.25 1.277778 0.5 1.333333 0.25 1.333333 0.25 1.277778 0.25 1.333333 0 1.277778 0 1.277778 0.25 1.333333 0 1.333333 1 1.333333 1 1.388889 0.75 1.333333 0.75 1.333333 1 1.388889 0.75 1.388889 0.75 1.333333 0.75 1.388889 0.5 1.333333 0.5 1.333333 0.75 1.388889 0.5 1.388889 0.5 1.333333 0.5 1.388889 0.25 1.333333 0.25 1.333333 0.5 1.388889 0.25 1.388889 0.25 1.333333 0.25 1.388889 0 1.333333 0 1.333333 0.25 1.388889 0 1.388889 1 1.388889 1 1.444444 0.75 1.388889 0.75 1.388889 1 1.444444 0.75 1.444444 0.75 1.388889 0.75 1.444444 0.5 1.388889 0.5 1.388889 0.75 1.444444 0.5 1.444444 0.5 1.388889 0.5 1.444444 0.25 1.388889 0.25 1.388889 0.5 1.444444 0.25 1.444444 0.25 1.388889 0.25 1.444444 0 1.388889 0 1.388889 0.25 1.444444 0 1.444444 1 1.444444 1 1.5 0.75 1.444444 0.75 1.444444 1 1.5 0.75 1.5 0.75 1.444444 0.75 1.5 0.5 1.444444 0.5 1.444444 0.75 1.5 0.5 1.5 0.5 1.444444 0.5 1.5 0.25 1.444444 0.25 1.444444 0.5 1.5 0.25 1.5 0.25 1.444444 0.25 1.5 0 1.444444 0 1.444444 0.25 1.5 0 1.5 1 1.5 1 1.555556 0.75 1.5 0.75 1.5 1 1.555556 0.75 1.555556 0.75 1.5 0.75 1.555556 0.5 1.5 0.5 1.5 0.75 1.555556 0.5 1.555556 0.5 1.5 0.5 1.555556 0.25 1.5 0.25 1.5 0.5 1.555556 0.25 1.555556 0.25 1.5 0.25 1.555556 0 1.5 0 1.5 0.25 1.555556 0 1.555556 1 1.555556 1 1.611111 0.75 1.555556 0.75 1.555556 1 1.611111 0.75 1.611111 0.75 1.555556 0.75 1.611111 0.5 1.555556 0.5 1.555556 0.75 1.611111 0.5 1.611111 0.5 1.555556 0.5 1.611111 0.25 1.555556 0.25 1.555556 0.5 1.611111 0.25 1.611111 0.25 1.555556 0.25 1.611111 0 1.555556 0 1.555556 0.25 1.611111 0 1.611111 1 1.611111 1 1.666667 0.75 1.611111 0.75 1.611111 1 1.666667 0.75 1.666667 0.75 1.611111 0.75 1.666667 0.5 1.611111 0.5 1.611111 0.75 1.666667 0.5 1.666667 0.5 1.611111 0.5 1.666667 0.25 1.611111 0.25 1.611111 0.5 1.666667 0.25 1.666667 0.25 1.611111 0.25 1.666667 0 1.611111 0 1.611111 0.25 1.666667 0 1.666667 1 1.666667 1 1.722222 0.75 1.666667 0.75 1.666667 1 1.722222 0.75 1.722222 0.75 1.666667 0.75 1.722222 0.5 1.666667 0.5 1.666667 0.75 1.722222 0.5 1.722222 0.5 1.666667 0.5 1.722222 0.25 1.666667 0.25 1.666667 0.5 1.722222 0.25 1.722222 0.25 1.666667 0.25 1.722222 0 1.666667 0 1.666667 0.25 1.722222 0 1.722222 1 1.722222 1 1.777778 0.75 1.722222 0.75 1.722222 1 1.777778 0.75 1.777778 0.75 1.722222 0.75 1.777778 0.5 1.722222 0.5 1.722222 0.75 1.777778 0.5 1.777778 0.5 1.722222 0.5 1.777778 0.25 1.722222 0.25 1.722222 0.5 1.777778 0.25 1.777778 0.25 1.722222 0.25 1.777778 0 1.722222 0 1.722222 0.25 1.777778 0 1.777778 1 1.777778 1 1.833333 0.75 1.777778 0.75 1.777778 1 1.833333 0.75 1.833333 0.75 1.777778 0.75 1.833333 0.5 1.777778 0.5 1.777778 0.75 1.833333 0.5 1.833333 0.5 1.777778 0.5 1.833333 0.25 1.777778 0.25 1.777778 0.5 1.833333 0.25 1.833333 0.25 1.777778 0.25 1.833333 0 1.777778 0 1.777778 0.25 1.833333 0 1.833333 1 1.833333 1 1.888889 0.75 1.833333 0.75 1.833333 1 1.888889 0.75 1.888889 0.75 1.833333 0.75 1.888889 0.5 1.833333 0.5 1.833333 0.75 1.888889 0.5 1.888889 0.5 1.833333 0.5 1.888889 0.25 1.833333 0.25 1.833333 0.5 1.888889 0.25 1.888889 0.25 1.833333 0.25 1.888889 0 1.833333 0 1.833333 0.25 1.888889 0 1.888889 1 1.888889 1 1.944444 0.75 1.888889 0.75 1.888889 1 1.944444 0.75 1.944444 0.75 1.888889 0.75 1.944444 0.5 1.888889 0.5 1.888889 0.75 1.944444 0.5 1.944444 0.5 1.888889 0.5 1.944444 0.25 1.888889 0.25 1.888889 0.5 1.944444 0.25 1.944444 0.25 1.888889 0.25 1.944444 0 1.888889 0 1.888889 0.25 1.944444 0 1.944444 1 1.944444 0.5 2 0.75 1.944444 0.75 1.944444 0.5 2 0.5 1.944444 0.5 1.944444 0.5 2 0.25 1.944444 0.25 1.944444 0.5 2 0 1.944444 1 1 1 1.055556 0.75 1 0.75 1 1 1.055556 0.75 1.055556 0.75 1 0.75 1.055556 0.5 1 0.5 1 0.75 1.055556 0.5 1.055556 0.5 1 0.5 1.055556 0.25 1 0.25 1 0.5 1.055556 0.25 1.055556 0.25 1 0.25 1.055556 0 1 0 1 0.25 1.055556 0 1.055556 1 1.055556 1 1.111111 0.75 1.055556 0.75 1.055556 1 1.111111 0.75 1.111111 0.75 1.055556 0.75 1.111111 0.5 1.055556 0.5 1.055556 0.75 1.111111 0.5 1.111111 0.5 1.055556 0.5 1.111111 0.25 1.055556 0.25 1.055556 0.5 1.111111 0.25 1.111111 0.25 1.055556 0.25 1.111111 0 1.055556 0 1.055556 0.25 1.111111 0 1.111111 1 1.111111 1 1.166667 0.75 1.111111 0.75 1.111111 1 1.166667 0.75 1.166667 0.75 1.111111 0.75 1.166667 0.5 1.111111 0.5 1.111111 0.75 1.166667 0.5 1.166667 0.5 1.111111 0.5 1.166667 0.25 1.111111 0.25 1.111111 0.5 1.166667 0.25 1.166667 0.25 1.111111 0.25 1.166667 0 1.111111 0 1.111111 0.25 1.166667 0 1.166667 1 1.166667 1 1.222222 0.75 1.166667 0.75 1.166667 1 1.222222 0.75 1.222222 0.75 1.166667 0.75 1.222222 0.5 1.166667 0.5 1.166667 0.75 1.222222 0.5 1.222222 0.5 1.166667 0.5 1.222222 0.25 1.166667 0.25 1.166667 0.5 1.222222 0.25 1.222222 0.25 1.166667 0.25 1.222222 0 1.166667 0 1.166667 0.25 1.222222 0 1.222222 1 1.222222 1 1.277778 0.75 1.222222 0.75 1.222222 1 1.277778 0.75 1.277778 0.75 1.222222 0.75 1.277778 0.5 1.222222 0.5 1.222222 0.75 1.277778 0.5 1.277778 0.5 1.222222 0.5 1.277778 0.25 1.222222 0.25 1.222222 0.5 1.277778 0.25 1.277778 0.25 1.222222 0.25 1.277778 0 1.222222 0 1.222222 0.25 1.277778 0 1.277778 1 1.277778 1 1.333333 0.75 1.277778 0.75 1.277778 1 1.333333 0.75 1.333333 0.75 1.277778 0.75 1.333333 0.5 1.277778 0.5 1.277778 0.75 1.333333 0.5 1.333333 0.5 1.277778 0.5 1.333333 0.25 1.277778 0.25 1.277778 0.5 1.333333 0.25 1.333333 0.25 1.277778 0.25 1.333333 0 1.277778 0 1.277778 0.25 1.333333 0 1.333333 1 1.333333 1 1.388889 0.75 1.333333 0.75 1.333333 1 1.388889 0.75 1.388889 0.75 1.333333 0.75 1.388889 0.5 1.333333 0.5 1.333333 0.75 1.388889 0.5 1.388889 0.5 1.333333 0.5 1.388889 0.25 1.333333 0.25 1.333333 0.5 1.388889 0.25 1.388889 0.25 1.333333 0.25 1.388889 0 1.333333 0 1.333333 0.25 1.388889 0 1.388889 1 1.388889 1 1.444444 0.75 1.388889 0.75 1.388889 1 1.444444 0.75 1.444444 0.75 1.388889 0.75 1.444444 0.5 1.388889 0.5 1.388889 0.75 1.444444 0.5 1.444444 0.5 1.388889 0.5 1.444444 0.25 1.388889 0.25 1.388889 0.5 1.444444 0.25 1.444444 0.25 1.388889 0.25 1.444444 0 1.388889 0 1.388889 0.25 1.444444 0 1.444444 1 1.444444 1 1.5 0.75 1.444444 0.75 1.444444 1 1.5 0.75 1.5 0.75 1.444444 0.75 1.5 0.5 1.444444 0.5 1.444444 0.75 1.5 0.5 1.5 0.5 1.444444 0.5 1.5 0.25 1.444444 0.25 1.444444 0.5 1.5 0.25 1.5 0.25 1.444444 0.25 1.5 0 1.444444 0 1.444444 0.25 1.5 0 1.5 1 1.5 1 1.555556 0.75 1.5 0.75 1.5 1 1.555556 0.75 1.555556 0.75 1.5 0.75 1.555556 0.5 1.5 0.5 1.5 0.75 1.555556 0.5 1.555556 0.5 1.5 0.5 1.555556 0.25 1.5 0.25 1.5 0.5 1.555556 0.25 1.555556 0.25 1.5 0.25 1.555556 0 1.5 0 1.5 0.25 1.555556 0 1.555556 1 1.555556 1 1.611111 0.75 1.555556 0.75 1.555556 1 1.611111 0.75 1.611111 0.75 1.555556 0.75 1.611111 0.5 1.555556 0.5 1.555556 0.75 1.611111 0.5 1.611111 0.5 1.555556 0.5 1.611111 0.25 1.555556 0.25 1.555556 0.5 1.611111 0.25 1.611111 0.25 1.555556 0.25 1.611111 0 1.555556 0 1.555556 0.25 1.611111 0 1.611111 1 1.611111 1 1.666667 0.75 1.611111 0.75 1.611111 1 1.666667 0.75 1.666667 0.75 1.611111 0.75 1.666667 0.5 1.611111 0.5 1.611111 0.75 1.666667 0.5 1.666667 0.5 1.611111 0.5 1.666667 0.25 1.611111 0.25 1.611111 0.5 1.666667 0.25 1.666667 0.25 1.611111 0.25 1.666667 0 1.611111 0 1.611111 0.25 1.666667 0 1.666667 1 1.666667 1 1.722222 0.75 1.666667 0.75 1.666667 1 1.722222 0.75 1.722222 0.75 1.666667 0.75 1.722222 0.5 1.666667 0.5 1.666667 0.75 1.722222 0.5 1.722222 0.5 1.666667 0.5 1.722222 0.25 1.666667 0.25 1.666667 0.5 1.722222 0.25 1.722222 0.25 1.666667 0.25 1.722222 0 1.666667 0 1.666667 0.25 1.722222 0 1.722222 1 1.722222 1 1.777778 0.75 1.722222 0.75 1.722222 1 1.777778 0.75 1.777778 0.75 1.722222 0.75 1.777778 0.5 1.722222 0.5 1.722222 0.75 1.777778 0.5 1.777778 0.5 1.722222 0.5 1.777778 0.25 1.722222 0.25 1.722222 0.5 1.777778 0.25 1.777778 0.25 1.722222 0.25 1.777778 0 1.722222 0 1.722222 0.25 1.777778 0 1.777778 1 1.777778 1 1.833333 0.75 1.777778 0.75 1.777778 1 1.833333 0.75 1.833333 0.75 1.777778 0.75 1.833333 0.5 1.777778 0.5 1.777778 0.75 1.833333 0.5 1.833333 0.5 1.777778 0.5 1.833333 0.25 1.777778 0.25 1.777778 0.5 1.833333 0.25 1.833333 0.25 1.777778 0.25 1.833333 0 1.777778 0 1.777778 0.25 1.833333 0 1.833333 1 1.833333 1 1.888889 0.75 1.833333 0.75 1.833333 1 1.888889 0.75 1.888889 0.75 1.833333 0.75 1.888889 0.5 1.833333 0.5 1.833333 0.75 1.888889 0.5 1.888889 0.5 1.833333 0.5 1.888889 0.25 1.833333 0.25 1.833333 0.5 1.888889 0.25 1.888889 0.25 1.833333 0.25 1.888889 0 1.833333 0 1.833333 0.25 1.888889 0 1.888889 1 1.888889 1 1.944444 0.75 1.888889 0.75 1.888889 1 1.944444 0.75 1.944444 0.75 1.888889 0.75 1.944444 0.5 1.888889 0.5 1.888889 0.75 1.944444 0.5 1.944444 0.5 1.888889 0.5 1.944444 0.25 1.888889 0.25 1.888889 0.5 1.944444 0.25 1.944444 0.25 1.888889 0.25 1.944444 0 1.888889 0 1.888889 0.25 1.944444 0 1.944444 1 1.944444 0.5 2 0.75 1.944444 0.75 1.944444 0.5 2 0.5 1.944444 0.5 1.944444 0.5 2 0.25 1.944444 0.25 1.944444 0.5 2 0 1.944444</float_array>
          <technique_common>
            <accessor source="#AG16_3_002-mesh-map-0-array" count="1260" stride="2">
              <param name="S" type="float"/>
              <param name="T" type="float"/>
            </accessor>
          </technique_common>
        </source>
        <vertices id="AG16_3_002-mesh-vertices">
          <input semantic="POSITION" source="#AG16_3_002-mesh-positions"/>
        </vertices>
        <triangles material="AG16_Leaf3-material" count="420">
          <input semantic="VERTEX" source="#AG16_3_002-mesh-vertices" offset="0"/>
          <input semantic="NORMAL" source="#AG16_3_002-mesh-normals" offset="1"/>
          <input semantic="TEXCOORD" source="#AG16_3_002-mesh-map-0" offset="2" set="0"/>
          <p>0 0 0 1 0 1 2 0 2 2 1 3 1 1 4 3 1 5 2 2 6 3 2 7 4 2 8 4 3 9 3 3 10 5 3 11 4 4 12 5 4 13 6 4 14 6 5 15 5 5 16 7 5 17 6 6 18 7 6 19 8 6 20 8 7 21 7 7 22 9 7 23 1 8 24 10 8 25 3 8 26 3 9 27 10 9 28 11 9 29 3 10 30 11 10 31 5 10 32 5 11 33 11 11 34 12 11 35 5 12 36 12 12 37 7 12 38 7 13 39 12 13 40 13 13 41 7 14 42 13 14 43 9 14 44 9 15 45 13 15 46 14 15 47 10 16 48 15 16 49 11 16 50 11 17 51 15 17 52 16 17 53 11 18 54 16 18 55 12 18 56 12 19 57 16 19 58 17 19 59 12 20 60 17 20 61 13 20 62 13 21 63 17 21 64 18 21 65 13 22 66 18 22 67 14 22 68 14 23 69 18 23 70 19 23 71 15 24 72 20 24 73 16 24 74 16 25 75 20 25 76 21 25 77 16 26 78 21 26 79 17 26 80 17 27 81 21 27 82 22 27 83 17 28 84 22 28 85 18 28 86 18 29 87 22 29 88 23 29 89 18 30 90 23 30 91 19 30 92 19 31 93 23 31 94 24 31 95 20 32 96 25 32 97 21 32 98 21 33 99 25 33 100 26 33 101 21 34 102 26 34 103 22 34 104 22 35 105 26 35 106 27 35 107 22 36 108 27 36 109 23 36 110 23 37 111 27 37 112 28 37 113 23 38 114 28 38 115 24 38 116 24 39 117 28 39 118 29 39 119 25 40 120 30 40 121 26 40 122 26 41 123 30 41 124 31 41 125 26 42 126 31 42 127 27 42 128 27 43 129 31 43 130 32 43 131 27 44 132 32 44 133 28 44 134 28 45 135 32 45 136 33 45 137 28 46 138 33 46 139 29 46 140 29 47 141 33 47 142 34 47 143 30 48 144 35 48 145 31 48 146 31 49 147 35 49 148 36 49 149 31 50 150 36 50 151 32 50 152 32 51 153 36 51 154 37 51 155 32 52 156 37 52 157 33 52 158 33 53 159 37 53 160 38 53 161 33 54 162 38 54 163 34 54 164 34 55 165 38 55 166 39 55 167 35 56 168 40 56 169 36 56 170 36 57 171 40 57 172 41 57 173 36 58 174 41 58 175 37 58 176 37 59 177 41 59 178 42 59 179 37 60 180 42 60 181 38 60 182 38 61 183 42 61 184 43 61 185 38 62 186 43 62 187 39 62 188 39 63 189 43 63 190 44 63 191 40 64 192 45 64 193 41 64 194 41 65 195 45 65 196 46 65 197 41 66 198 46 66 199 42 66 200 42 67 201 46 67 202 47 67 203 42 68 204 47 68 205 43 68 206 43 69 207 47 69 208 48 69 209 43 70 210 48 70 211 44 70 212 44 71 213 48 71 214 49 71 215 45 72 216 50 72 217 46 72 218 46 73 219 50 73 220 51 73 221 46 74 222 51 74 223 47 74 224 47 75 225 51 75 226 52 75 227 47 76 228 52 76 229 48 76 230 48 77 231 52 77 232 53 77 233 48 78 234 53 78 235 49 78 236 49 79 237 53 79 238 54 79 239 50 80 240 55 80 241 51 80 242 51 81 243 55 81 244 56 81 245 51 82 246 56 82 247 52 82 248 52 83 249 56 83 250 57 83 251 52 84 252 57 84 253 53 84 254 53 85 255 57 85 256 58 85 257 53 86 258 58 86 259 54 86 260 54 87 261 58 87 262 59 87 263 55 88 264 60 88 265 56 88 266 56 89 267 60 89 268 61 89 269 56 90 270 61 90 271 57 90 272 57 91 273 61 91 274 62 91 275 57 92 276 62 92 277 58 92 278 58 93 279 62 93 280 63 93 281 58 94 282 63 94 283 59 94 284 59 95 285 63 95 286 64 95 287 60 96 288 65 96 289 61 96 290 61 97 291 65 97 292 66 97 293 61 98 294 66 98 295 62 98 296 62 99 297 66 99 298 67 99 299 62 100 300 67 100 301 63 100 302 63 101 303 67 101 304 68 101 305 63 102 306 68 102 307 64 102 308 64 103 309 68 103 310 69 103 311 65 104 312 70 104 313 66 104 314 66 105 315 70 105 316 71 105 317 66 106 318 71 106 319 67 106 320 67 107 321 71 107 322 72 107 323 67 108 324 72 108 325 68 108 326 68 109 327 72 109 328 73 109 329 68 110 330 73 110 331 69 110 332 69 111 333 73 111 334 74 111 335 70 112 336 75 112 337 71 112 338 71 113 339 75 113 340 76 113 341 71 114 342 76 114 343 72 114 344 72 115 345 76 115 346 77 115 347 72 116 348 77 116 349 73 116 350 73 117 351 77 117 352 78 117 353 73 118 354 78 118 355 74 118 356 74 119 357 78 119 358 79 119 359 75 120 360 80 120 361 76 120 362 76 121 363 80 121 364 81 121 365 76 122 366 81 122 367 77 122 368 77 123 369 81 123 370 82 123 371 77 124 372 82 124 373 78 124 374 78 125 375 82 125 376 83 125 377 78 126 378 83 126 379 79 126 380 79 127 381 83 127 382 84 127 383 80 128 384 85 128 385 81 128 386 81 129 387 85 129 388 86 129 389 81 130 390 86 130 391 82 130 392 82 131 393 86 131 394 87 131 395 82 132 396 87 132 397 83 132 398 83 133 399 87 133 400 88 133 401 83 134 402 88 134 403 84 134 404 84 135 405 88 135 406 89 135 407 85 136 408 90 136 409 86 136 410 86 137 411 90 137 412 87 137 413 87 138 414 90 138 415 88 138 416 88 139 417 90 139 418 89 139 419 91 140 420 92 140 421 93 140 422 93 141 423 92 141 424 94 141 425 93 142 426 94 142 427 95 142 428 95 143 429 94 143 430 96 143 431 95 144 432 96 144 433 97 144 434 97 145 435 96 145 436 98 145 437 97 146 438 98 146 439 99 146 440 99 147 441 98 147 442 100 147 443 92 148 444 101 148 445 94 148 446 94 149 447 101 149 448 102 149 449 94 150 450 102 150 451 96 150 452 96 151 453 102 151 454 103 151 455 96 152 456 103 152 457 98 152 458 98 153 459 103 153 460 104 153 461 98 154 462 104 154 463 100 154 464 100 155 465 104 155 466 105 155 467 101 156 468 106 156 469 102 156 470 102 157 471 106 157 472 107 157 473 102 158 474 107 158 475 103 158 476 103 159 477 107 159 478 108 159 479 103 160 480 108 160 481 104 160 482 104 161 483 108 161 484 109 161 485 104 162 486 109 162 487 105 162 488 105 163 489 109 163 490 110 163 491 106 164 492 111 164 493 107 164 494 107 165 495 111 165 496 112 165 497 107 166 498 112 166 499 108 166 500 108 167 501 112 167 502 113 167 503 108 168 504 113 168 505 109 168 506 109 169 507 113 169 508 114 169 509 109 170 510 114 170 511 110 170 512 110 171 513 114 171 514 115 171 515 111 172 516 116 172 517 112 172 518 112 173 519 116 173 520 117 173 521 112 174 522 117 174 523 113 174 524 113 175 525 117 175 526 118 175 527 113 176 528 118 176 529 114 176 530 114 177 531 118 177 532 119 177 533 114 178 534 119 178 535 115 178 536 115 179 537 119 179 538 120 179 539 116 180 540 121 180 541 117 180 542 117 181 543 121 181 544 122 181 545 117 182 546 122 182 547 118 182 548 118 183 549 122 183 550 123 183 551 118 184 552 123 184 553 119 184 554 119 185 555 123 185 556 124 185 557 119 186 558 124 186 559 120 186 560 120 187 561 124 187 562 125 187 563 121 188 564 126 188 565 122 188 566 122 189 567 126 189 568 127 189 569 122 190 570 127 190 571 123 190 572 123 191 573 127 191 574 128 191 575 123 192 576 128 192 577 124 192 578 124 193 579 128 193 580 129 193 581 124 194 582 129 194 583 125 194 584 125 195 585 129 195 586 130 195 587 126 196 588 131 196 589 127 196 590 127 197 591 131 197 592 132 197 593 127 198 594 132 198 595 128 198 596 128 199 597 132 199 598 133 199 599 128 200 600 133 200 601 129 200 602 129 201 603 133 201 604 134 201 605 129 202 606 134 202 607 130 202 608 130 203 609 134 203 610 135 203 611 131 204 612 136 204 613 132 204 614 132 205 615 136 205 616 137 205 617 132 206 618 137 206 619 133 206 620 133 207 621 137 207 622 138 207 623 133 208 624 138 208 625 134 208 626 134 209 627 138 209 628 139 209 629 134 210 630 139 210 631 135 210 632 135 211 633 139 211 634 140 211 635 136 212 636 141 212 637 137 212 638 137 213 639 141 213 640 142 213 641 137 214 642 142 214 643 138 214 644 138 215 645 142 215 646 143 215 647 138 216 648 143 216 649 139 216 650 139 217 651 143 217 652 144 217 653 139 218 654 144 218 655 140 218 656 140 219 657 144 219 658 145 219 659 141 220 660 146 220 661 142 220 662 142 221 663 146 221 664 147 221 665 142 222 666 147 222 667 143 222 668 143 223 669 147 223 670 148 223 671 143 224 672 148 224 673 144 224 674 144 225 675 148 225 676 149 225 677 144 226 678 149 226 679 145 226 680 145 227 681 149 227 682 150 227 683 146 228 684 151 228 685 147 228 686 147 229 687 151 229 688 152 229 689 147 230 690 152 230 691 148 230 692 148 231 693 152 231 694 153 231 695 148 232 696 153 232 697 149 232 698 149 233 699 153 233 700 154 233 701 149 234 702 154 234 703 150 234 704 150 235 705 154 235 706 155 235 707 151 236 708 156 236 709 152 236 710 152 237 711 156 237 712 157 237 713 152 238 714 157 238 715 153 238 716 153 239 717 157 239 718 158 239 719 153 240 720 158 240 721 154 240 722 154 241 723 158 241 724 159 241 725 154 242 726 159 242 727 155 242 728 155 243 729 159 243 730 160 243 731 156 244 732 161 244 733 157 244 734 157 245 735 161 245 736 162 245 737 157 246 738 162 246 739 158 246 740 158 247 741 162 247 742 163 247 743 158 248 744 163 248 745 159 248 746 159 249 747 163 249 748 164 249 749 159 250 750 164 250 751 160 250 752 160 251 753 164 251 754 165 251 755 161 252 756 166 252 757 162 252 758 162 253 759 166 253 760 167 253 761 162 254 762 167 254 763 163 254 764 163 255 765 167 255 766 168 255 767 163 256 768 168 256 769 164 256 770 164 257 771 168 257 772 169 257 773 164 258 774 169 258 775 165 258 776 165 259 777 169 259 778 170 259 779 166 260 780 171 260 781 167 260 782 167 261 783 171 261 784 172 261 785 167 262 786 172 262 787 168 262 788 168 263 789 172 263 790 173 263 791 168 264 792 173 264 793 169 264 794 169 265 795 173 265 796 174 265 797 169 266 798 174 266 799 170 266 800 170 267 801 174 267 802 175 267 803 171 268 804 176 268 805 172 268 806 172 269 807 176 269 808 177 269 809 172 270 810 177 270 811 173 270 812 173 271 813 177 271 814 178 271 815 173 272 816 178 272 817 174 272 818 174 273 819 178 273 820 179 273 821 174 274 822 179 274 823 175 274 824 175 275 825 179 275 826 180 275 827 176 276 828 181 276 829 177 276 830 177 277 831 181 277 832 178 277 833 178 278 834 181 278 835 179 278 836 179 279 837 181 279 838 180 279 839 182 280 840 183 280 841 184 280 842 184 281 843 183 281 844 185 281 845 184 282 846 185 282 847 186 282 848 186 283 849 185 283 850 187 283 851 186 284 852 187 284 853 188 284 854 188 285 855 187 285 856 189 285 857 188 286 858 189 286 859 190 286 860 190 287 861 189 287 862 191 287 863 183 288 864 192 288 865 185 288 866 185 289 867 192 289 868 193 289 869 185 290 870 193 290 871 187 290 872 187 291 873 193 291 874 194 291 875 187 292 876 194 292 877 189 292 878 189 293 879 194 293 880 195 293 881 189 294 882 195 294 883 191 294 884 191 295 885 195 295 886 196 295 887 192 296 888 197 296 889 193 296 890 193 297 891 197 297 892 198 297 893 193 298 894 198 298 895 194 298 896 194 299 897 198 299 898 199 299 899 194 300 900 199 300 901 195 300 902 195 301 903 199 301 904 200 301 905 195 302 906 200 302 907 196 302 908 196 303 909 200 303 910 201 303 911 197 304 912 202 304 913 198 304 914 198 305 915 202 305 916 203 305 917 198 306 918 203 306 919 199 306 920 199 307 921 203 307 922 204 307 923 199 308 924 204 308 925 200 308 926 200 309 927 204 309 928 205 309 929 200 310 930 205 310 931 201 310 932 201 311 933 205 311 934 206 311 935 202 312 936 207 312 937 203 312 938 203 313 939 207 313 940 208 313 941 203 314 942 208 314 943 204 314 944 204 315 945 208 315 946 209 315 947 204 316 948 209 316 949 205 316 950 205 317 951 209 317 952 210 317 953 205 318 954 210 318 955 206 318 956 206 319 957 210 319 958 211 319 959 207 320 960 212 320 961 208 320 962 208 321 963 212 321 964 213 321 965 208 322 966 213 322 967 209 322 968 209 323 969 213 323 970 214 323 971 209 324 972 214 324 973 210 324 974 210 325 975 214 325 976 215 325 977 210 326 978 215 326 979 211 326 980 211 327 981 215 327 982 216 327 983 212 328 984 217 328 985 213 328 986 213 329 987 217 329 988 218 329 989 213 330 990 218 330 991 214 330 992 214 331 993 218 331 994 219 331 995 214 332 996 219 332 997 215 332 998 215 333 999 219 333 1000 220 333 1001 215 334 1002 220 334 1003 216 334 1004 216 335 1005 220 335 1006 221 335 1007 217 336 1008 222 336 1009 218 336 1010 218 337 1011 222 337 1012 223 337 1013 218 338 1014 223 338 1015 219 338 1016 219 339 1017 223 339 1018 224 339 1019 219 340 1020 224 340 1021 220 340 1022 220 341 1023 224 341 1024 225 341 1025 220 342 1026 225 342 1027 221 342 1028 221 343 1029 225 343 1030 226 343 1031 222 344 1032 227 344 1033 223 344 1034 223 345 1035 227 345 1036 228 345 1037 223 346 1038 228 346 1039 224 346 1040 224 347 1041 228 347 1042 229 347 1043 224 348 1044 229 348 1045 225 348 1046 225 349 1047 229 349 1048 230 349 1049 225 350 1050 230 350 1051 226 350 1052 226 351 1053 230 351 1054 231 351 1055 227 352 1056 232 352 1057 228 352 1058 228 353 1059 232 353 1060 233 353 1061 228 354 1062 233 354 1063 229 354 1064 229 355 1065 233 355 1066 234 355 1067 229 356 1068 234 356 1069 230 356 1070 230 357 1071 234 357 1072 235 357 1073 230 358 1074 235 358 1075 231 358 1076 231 359 1077 235 359 1078 236 359 1079 232 360 1080 237 360 1081 233 360 1082 233 361 1083 237 361 1084 238 361 1085 233 362 1086 238 362 1087 234 362 1088 234 363 1089 238 363 1090 239 363 1091 234 364 1092 239 364 1093 235 364 1094 235 365 1095 239 365 1096 240 365 1097 235 366 1098 240 366 1099 236 366 1100 236 367 1101 240 367 1102 241 367 1103 237 368 1104 242 368 1105 238 368 1106 238 369 1107 242 369 1108 243 369 1109 238 370 1110 243 370 1111 239 370 1112 239 371 1113 243 371 1114 244 371 1115 239 372 1116 244 372 1117 240 372 1118 240 373 1119 244 373 1120 245 373 1121 240 374 1122 245 374 1123 241 374 1124 241 375 1125 245 375 1126 246 375 1127 242 376 1128 247 376 1129 243 376 1130 243 377 1131 247 377 1132 248 377 1133 243 378 1134 248 378 1135 244 378 1136 244 379 1137 248 379 1138 249 379 1139 244 380 1140 249 380 1141 245 380 1142 245 381 1143 249 381 1144 250 381 1145 245 382 1146 250 382 1147 246 382 1148 246 383 1149 250 383 1150 251 383 1151 247 384 1152 252 384 1153 248 384 1154 248 385 1155 252 385 1156 253 385 1157 248 386 1158 253 386 1159 249 386 1160 249 387 1161 253 387 1162 254 387 1163 249 388 1164 254 388 1165 250 388 1166 250 389 1167 254 389 1168 255 389 1169 250 390 1170 255 390 1171 251 390 1172 251 391 1173 255 391 1174 256 391 1175 252 392 1176 257 392 1177 253 392 1178 253 393 1179 257 393 1180 258 393 1181 253 394 1182 258 394 1183 254 394 1184 254 395 1185 258 395 1186 259 395 1187 254 396 1188 259 396 1189 255 396 1190 255 397 1191 259 397 1192 260 397 1193 255 398 1194 260 398 1195 256 398 1196 256 399 1197 260 399 1198 261 399 1199 257 400 1200 262 400 1201 258 400 1202 258 401 1203 262 401 1204 263 401 1205 258 402 1206 263 402 1207 259 402 1208 259 403 1209 263 403 1210 264 403 1211 259 404 1212 264 404 1213 260 404 1214 260 405 1215 264 405 1216 265 405 1217 260 406 1218 265 406 1219 261 406 1220 261 407 1221 265 407 1222 266 407 1223 262 408 1224 267 408 1225 263 408 1226 263 409 1227 267 409 1228 268 409 1229 263 410 1230 268 410 1231 264 410 1232 264 411 1233 268 411 1234 269 411 1235 264 412 1236 269 412 1237 265 412 1238 265 413 1239 269 413 1240 270 413 1241 265 414 1242 270 414 1243 266 414 1244 266 415 1245 270 415 1246 271 415 1247 267 416 1248 272 416 1249 268 416 1250 268 417 1251 272 417 1252 269 417 1253 269 418 1254 272 418 1255 270 418 1256 270 419 1257 272 419 1258 271 419 1259</p>
        </triangles>
      </mesh>
    </geometry>
  </library_geometries>
  <library_controllers/>
  <library_visual_scenes>
    <visual_scene id="Scene" name="Scene">
      <node id="Camera" name="Camera" type="NODE">
        <matrix sid="transform">0.6859207 -0.3240135 0.6515582 7.481132 0.7276763 0.3054208 -0.6141704 -6.50764 0 0.8953956 0.4452714 5.343665 0 0 0 1</matrix>
        <instance_camera url="#Camera-camera"/>
      </node>
      <node id="Lamp" name="Lamp" type="NODE">
        <matrix sid="transform">-0.2908646 -0.7711008 0.5663932 4.076245 0.9551712 -0.1998834 0.2183912 1.005454 -0.05518906 0.6045247 0.7946723 5.903862 0 0 0 1</matrix>
        <instance_light url="#Lamp-light"/>
      </node>
      <node id="Leaves" name="Leaves" type="NODE">
        <matrix sid="transform">1 0 0 0 0 1 0 0 0 0 1 0 0 0 0 1</matrix>
        <instance_geometry url="#AG16_3-mesh" name="Leaves">
          <bind_material>
            <technique_common>
              <instance_material symbol="AG16_Leaf1-material" target="#AG16_Leaf1-material"/>
            </technique_common>
          </bind_material>
        </instance_geometry>
      </node>
      <node id="Stem" name="Stem" type="NODE">
        <matrix sid="transform">1 0 0 0 0 1 0 0 0 0 1 0 0 0 0 1</matrix>
        <instance_geometry url="#AG16_3_001-mesh" name="Stem">
          <bind_material>
            <technique_common>
              <instance_material symbol="AG16_Branch2-material" target="#AG16_Branch2-material"/>
            </technique_common>
          </bind_material>
        </instance_geometry>
      </node>
      <node id="Tip" name="Tip" type="NODE">
        <matrix sid="transform">1 0 0 0 0 1 0 0 0 0 1 0 0 0 0 1</matrix>
        <instance_geometry url="#AG16_3_002-mesh" name="Tip">
          <bind_material>
            <technique_common>
              <instance_material symbol="AG16_Leaf3-material" target="#AG16_Leaf3-material"/>
            </technique_common>
          </bind_material>
        </instance_geometry>
      </node>
    </visual_scene>
  </library_visual_scenes>
  <scene>
    <instance_visual_scene url="#Scene"/>
  </scene>
</COLLADA>